gene	coef	HR	HR_lower_95	HR_upper_95	se_coef	p_value	C_index	log2FoldChange	padj	regulation	cox_p_adj	log2_HR	neglog10p	prognostic_class
CACNA1A	-0.5413631527240994	0.5819544186875022	0.4406506422612312	0.7685701845162275	0.14191064804043163	1.362838893520087e-4	0.6253529079616036	-0.74837159688535	8.08143604714996e-5	NS	0.46241123657136557	-0.7810219357550727	3.8655554807688746	Favorable (Protective DEG)
ZKSCAN7	-0.5813192782737042	0.5591601918509072	0.4069067750620969	0.7683826844687683	0.16217231434421572	3.3762391106242955e-4	0.604107848673066	-0.907690729917111	7.67449679284491e-10	NS	0.5727789651174118	-0.8386664399386243	3.4715668035311587	Favorable (Protective DEG)
PITX2	0.2578877176356955	1.294193495360244	1.1093535204140965	1.5098314221850129	0.0786291417788025	0.001038813627463816	0.5657820440429135	0.846830169126853	1.0927228791217e-4	NS	0.9206895747817477	0.3720533313391912	2.983462361802151	Adverse (Risk DEG)
ZNF763	-0.7459952172967113	0.47426207117736324	0.29314693009576354	0.7672756869190658	0.2454566074950789	0.0023719610764612103	0.5775691699604744	-0.671236879475046	4.83596237169407e-6	NS	0.9206895747817477	-1.07624360052085	2.624892441959044	Favorable (Protective DEG)
PLS1	0.235792716979902	1.2659118809313998	1.081225297599218	1.4821452049277632	0.08045953158927387	0.003383349700256414	0.5740400903444381	0.561692558842469	0.00374628034974021	NS	0.9206895747817477	0.3401769834646395	2.4706531115697845	Adverse (Risk DEG)
GATA3	-0.2604985114345907	0.7706673035638875	0.6463031503353593	0.9189620884166364	0.08979149732458674	0.003717970612222902	0.597755505364201	-0.59747243936546	0.0015260064719904	NS	0.9206895747817477	-0.37581991060564096	2.4296940473236335	Favorable (Protective DEG)
ZFP42	0.17033376025145244	1.185700524991989	1.0544195254743844	1.333326727171302	0.05987016011116547	0.004440407682754287	0.5493365330321852	-1.75888237989969	3.71843077513393e-5	Down	0.9206895747817477	0.24573967121074	2.35257715460555	Adverse (Risk DEG)
TGM2	0.18196074544354116	1.1995671044810086	1.0575108725399935	1.3607058570440669	0.06430874913550029	0.004662274896047241	0.5966967814793902	-0.578045251380555	0.00973062593003791	NS	0.9206895747817477	0.26251386508785585	2.331402123282893	Adverse (Risk DEG)
SLC5A9	-0.710712632590963	0.49129396059262226	0.29987176110491365	0.8049099215792412	0.2518861213782934	0.0047790206969235225	0.5739695087521175	-0.861425127551898	7.90374607725059e-5	NS	0.9206895747817477	-1.025341590536122	2.320661088637981	Favorable (Protective DEG)
SAPCD2	0.2754306539072651	1.3170977660480396	1.0871546498974876	1.595675946832691	0.09789301496687958	0.004899190968659841	0.5592885375494071	0.704220448218673	7.94001258650579e-6	NS	0.9206895747817477	0.3973624385008159	2.3098756315747484	Adverse (Risk DEG)
KLHL14	-0.610170536078907	0.5432582160483835	0.3516278138870264	0.8393235052756479	0.22194870774866038	0.005974983387160092	0.5946499153020892	-1.01367450930996	4.0971172863077e-4	Down	0.9206895747817477	-0.8802900064975995	2.2236632978902398	Favorable (Protective DEG)
VWCE	-0.4694928935033118	0.6253192913688314	0.4469850155328414	0.8748038582275196	0.17129769545424728	0.006128961706316376	0.5688170525127048	-1.18952793539805	2.25411123620362e-8	Down	0.9206895747817477	-0.6773350691898382	2.2126130921064386	Favorable (Protective DEG)
CARMIL3	-0.28646439106613053	0.7509138172954797	0.6111333585041127	0.9226653285388847	0.10509156877070273	0.006413514256032781	0.6038255223037832	0.715170061921319	9.863546021144e-4	NS	0.9206895747817477	-0.4132807563823832	2.1929039355695714	Favorable (Protective DEG)
RGS13	-0.5489624050096599	0.5775487612939127	0.38742968653991916	0.8609628618063168	0.2037070573151814	0.007041779179040059	0.5886504799548278	-0.99101115632756	8.26395269025618e-6	NS	0.9206895747817477	-0.791985339341915	2.15231759795769	Favorable (Protective DEG)
ZNF43	-0.3116369873191027	0.7322472950406851	0.5833096880607982	0.9192134333940869	0.11602256509903228	0.007231238470429363	0.6000846979107849	-0.729561334030207	8.20874763781944e-5	NS	0.9206895747817477	-0.44959713616284624	2.140787316147791	Favorable (Protective DEG)
VAT1L	0.3270791181279006	1.3869112026575263	1.0873886569095539	1.7689376027921355	0.12413494623316998	0.008417016730709244	0.5723108413325805	-0.632374467337644	0.0152920046694502	NS	0.9206895747817477	0.47187542170145763	2.0748418095655197	Adverse (Risk DEG)
VSIG4	0.16741824320026677	1.18224862936921	1.0429433494779512	1.3401608268991838	0.06396616704370678	0.00886300564892928	0.5867447769621683	-0.694744699446668	0.00382763853079895	NS	0.9206895747817477	0.24153346921936739	2.052418973893462	Adverse (Risk DEG)
TNFRSF4	-0.2792265523731514	0.7563685267181993	0.6109761216049782	0.9363595858820516	0.10891569984337132	0.010356473382286959	0.5859683794466404	-0.558593153655349	4.7210394724524e-4	NS	0.9206895747817477	-0.40283876239326794	1.9847881066905833	Favorable (Protective DEG)
RFLNA	0.205244816041637	1.2278256195793866	1.0492407073521761	1.4368063891648992	0.08019435589425383	0.010487039127828158	0.5794748729531338	-0.708386141738343	0.00524134878218227	NS	0.9206895747817477	0.29610567827143713	1.9793471116115486	Adverse (Risk DEG)
FCGBP	-0.13894171339339337	0.8702787525752583	0.7822029154251843	0.9682719052156099	0.05443945751246499	0.010703754562720066	0.5952851496329757	-0.800977342167499	0.00227371837041852	NS	0.9206895747817477	-0.20045052088526435	1.9704638578421712	Favorable (Protective DEG)
FRMPD4	-0.5590549801594727	0.5717491228903034	0.37194316261783705	0.878889820759282	0.21937099266929722	0.010820424740155751	0.5827569169960474	-0.990210604601487	9.8151292717296e-4	NS	0.9206895747817477	-0.8065458474603492	1.9657556912917935	Favorable (Protective DEG)
GRIA3	-0.2434065237222926	0.7839527535926671	0.6487935919431654	0.9472687885600489	0.09654979927340959	0.011700642261037281	0.5686405985319029	-0.638345763163872	0.021685783906488	NS	0.9206895747817477	-0.3511613846941733	1.9317902987009414	Favorable (Protective DEG)
IL2RG	-0.21815607154988761	0.8039999503556411	0.6778293517119494	0.9536558405729448	0.08709529672927423	0.012252155767113615	0.5754517221908526	-1.04216763430806	7.44243600892221e-8	Down	0.9206895747817477	-0.31473268256484077	1.9117874904511751	Favorable (Protective DEG)
HP	0.20703374397824398	1.2300240769861668	1.0460338981401849	1.4463768647035866	0.08266885143751763	0.012266819733677874	0.538572840203275	-1.67518930792804	4.1744236479704e-5	Down	0.9206895747817477	0.29868655573408787	1.9112680168279184	Adverse (Risk DEG)
MPL	-0.583704167755053	0.5578282454947092	0.3529745155304269	0.8815717219813908	0.23350186762339498	0.012426914671151368	0.5672642574816488	0.523762740542407	5.2399795145696e-4	NS	0.9206895747817477	-0.8421071081664345	1.9056366837170833	Favorable (Protective DEG)
ZFP28	-0.24618811744560293	0.7817751455483962	0.64389571927770906	0.9491791293205049	0.09899690844403311	0.01288883051757244	0.5837803500846979	-0.887501797723062	1.87364582082352e-5	NS	0.9206895747817477	-0.35517437616456105	1.8897864870536336	Favorable (Protective DEG)
NPAS1	-0.32618322525374677	0.7216729466083921	0.5580275835634545	0.9333084191656568	0.13120835979023235	0.012919006053878461	0.5961321287408243	0.537397189589865	0.00301752302759215	NS	0.9206895747817477	-0.4705829214947481	1.8887708982543192	Favorable (Protective DEG)
SLC4A8	-0.3365482379192704	0.7142314297071201	0.5477219455512571	0.9313604089170787	0.13543069342495073	0.012954346814095326	0.5594297007340485	-0.648979490864968	3.4152429362107e-4	NS	0.9206895747817477	-0.4855364738660503	1.8875844801838058	Favorable (Protective DEG)
FCRLA	-0.24539391109986827	0.7823962829529133	0.6437570186568218	0.9508928459619029	0.09951203937129963	0.013664198311463496	0.5786278938452851	-1.25771763434492	2.71503166446677e-7	Down	0.9206895747817477	-0.35402857860812703	1.8644158435996463	Favorable (Protective DEG)
LTB	-0.22101465099077708	0.801704934432551	0.6722977840440273	0.9560210031146106	0.08981759664587813	0.013866414881479076	0.5931677018633541	-0.934682105885934	2.44836325687766e-7	NS	0.9206895747817477	-0.3188567409481991	1.8580358099037633	Favorable (Protective DEG)
LIMD2	-0.2801501120158861	0.7556702977495664	0.6041505632953309	0.9451908739209006	0.11417644654795536	0.014141084819605292	0.5800395256916996	-0.730510854684441	1.95741658115088e-7	NS	0.9206895747817477	-0.4041711773098064	1.8495172727812135	Favorable (Protective DEG)
CHGB	0.09358768919976927	1.0981068912340872	1.0185920369808483	1.183828952904394	0.03835089418297421	0.014675067109278517	0.5748164878599662	-0.86513746513249	0.035297874158965	NS	0.9206895747817477	0.13501849509676478	1.8334199040413222	Adverse (Risk DEG)
AVPR2	-0.39200228446862057	0.6757025703375441	0.49181866489312903	0.9283380159229543	0.16206568883649936	0.015572381302661273	0.5853331451157537	-0.562167651136505	0.00961703325705874	NS	0.9206895747817477	-0.5655397518200236	1.8076449707633857	Favorable (Protective DEG)
FUT7	-0.3043857013453232	0.7375763273988148	0.5749394950766732	0.9462192863730365	0.12709660498591863	0.016624170270260814	0.5729107848673066	-0.532427373561844	0.0118703243353297	NS	0.9206895747817477	-0.4391357418484068	1.7792600215761178	Favorable (Protective DEG)
KLRG1	-0.40172133619823297	0.6691671923850157	0.48100704248247633	0.9309317573676852	0.168448009276606	0.01708660993998641	0.5701581027667983	-0.925531130709581	2.44533088728045e-6	NS	0.9206895747817477	-0.5795613795524787	1.7673440947047443	Favorable (Protective DEG)
CCR7	-0.18445162592385722	0.8315601648812063	0.7140262983247726	0.9684409516002671	0.07774829548468183	0.017671980565386575	0.5827216261998871	-0.976710245936233	5.15221320604215e-6	NS	0.9206895747817477	-0.26610744600425495	1.7527147747480978	Favorable (Protective DEG)
DTD2	0.3201025851357034	1.377269044421037	1.0559108511113522	1.7964300856686617	0.13556311585681077	0.018211933985216446	0.5566770186335404	0.502725108145803	2.4445776562569e-4	NS	0.9206895747817477	0.4618104121510166	1.7396439325955733	Adverse (Risk DEG)
AC233723.1	-0.4641851996796199	0.6286471184405447	0.42725787829267825	0.9249617610395097	0.19703541543866188	0.018480551062032807	0.5723461321287409	0.79871368634225	2.07342659338132e-5	NS	0.9206895747817477	-0.6696776856318408	1.7332850829193822	Favorable (Protective DEG)
MPZ	0.20313706077044485	1.225240389131268	1.0334224546495363	1.4526624657750895	0.08686945095645937	0.019365590985038428	0.5622529644268774	-0.590945194833075	0.00623317245274652	NS	0.9206895747817477	0.2930648301942808	1.712969244992139	Adverse (Risk DEG)
SEPTIN4	-0.32257972661246526	0.7242781852587848	0.5521032321600066	0.9501463840185035	0.13849260034170452	0.019847416957227405	0.5431253529079616	-0.508461195856007	1.5751209621477e-4	NS	0.9206895747817477	-0.46538417187512116	1.7022960064937085	Favorable (Protective DEG)
GPRIN2	-0.1832631895364166	0.8325490087121069	0.7132962265046983	0.9717391262589926	0.07887659752375001	0.02015678762247239	0.6038255223037832	0.590625588536819	0.0068855988229188	NS	0.9206895747817477	-0.2643928947216825	1.6955786800140993	Favorable (Protective DEG)
CXCR5	-0.6011651864035141	0.5481725406425308	0.32989918582925526	0.9108635220155173	0.25908791502525097	0.020323924452922908	0.5710756634669678	-1.52415037224869	4.87618371199152e-5	Down	0.9206895747817477	-0.867298033179439	1.691992428096503	Favorable (Protective DEG)
EFR3B	-0.20164592513906837	0.8173842919404514	0.6889529900587024	0.9697571392411926	0.08721400787877051	0.02077317287487957	0.5633116883116883	0.580242489756809	0.0143952743684138	NS	0.9206895747817477	-0.29091357621360103	1.682497164667968	Favorable (Protective DEG)
SERPINA9	-0.24500688287320493	0.7826991510043144	0.6358445950819116	0.9634712093510128	0.10601940220383027	0.020834915833092087	0.564935064935065	-0.840129925194919	0.0234804790015063	NS	0.9206895747817477	-0.35347021490483577	1.6812082496246297	Favorable (Protective DEG)
GNG8	-0.4995324555586566	0.6068143060545546	0.39688970886289227	0.9277731163336249	0.2166184665179699	0.021107982883581122	0.5733695652173914	-0.985451127658765	1.9607469203617e-4	NS	0.9206895747817477	-0.7206729963975606	1.675553266663252	Favorable (Protective DEG)
LCE3A	-0.11527878436330712	0.8911176795995199	0.8079090100391005	0.9828962284458256	0.050014721979505274	0.021172340752017526	0.5532891022021457	1.1594198484411	0.0040926345824493	Up	0.9206895747817477	-0.16631213052065127	1.6742311249995852	Favorable (Protective DEG)
STC1	0.17343505454686095	1.189383439214781	1.0250415450903096	1.3800737855495866	0.07586971605366132	0.02225666165612136	0.5419254658385093	-0.54974833811617	0.00949262368973028	NS	0.9206895747817477	0.25021389311106323	1.6525399762569941	Adverse (Risk DEG)
TXNRD1	0.19022380441190878	1.2095202633392632	1.0271574564492028	1.4242599888098355	0.08338345480495339	0.022529900107050093	0.5551242236024845	1.28917612209869	3.6365489451598297e-19	Up	0.9206895747817477	0.27443493928409296	1.6472407338444381	Adverse (Risk DEG)
SLC12A8	0.2401238658890154	1.2714066244802062	1.0340390864825881	1.5632627682100406	0.10543626867985934	0.022760478556092735	0.5274562394127611	0.628183486578158	1.60965815321509e-5	NS	0.9206895747817477	0.34642551051716897	1.6428186108145146	Adverse (Risk DEG)
MYO1H	-0.3272239207499761	0.7209222954904743	0.5438406878510824	0.9556639798116205	0.14381642198755243	0.022888599803501056	0.5850155279503105	0.7335331355454	0.00311531109672493	NS	0.9206895747817477	-0.47208432772623354	1.640380774219852	Favorable (Protective DEG)
INPP5D	-0.19242417961548175	0.8249568643791041	0.698870644393335	0.9737908346071229	0.08462677562396188	0.022978144193558227	0.5696640316205533	-0.896670311689515	2.16046286232955e-7	NS	0.9206895747817477	-0.2776094096783826	1.6386850495834515	Favorable (Protective DEG)
RIPOR3	-0.20421875205002002	0.8152840066313987	0.6827696863852909	0.9735171679749403	0.0905011186095523	0.02403727698675867	0.5823687182382835	-1.24520591845724	1.4019170621868899e-11	Down	0.9206895747817477	-0.2946253808390967	1.6191147320356019	Favorable (Protective DEG)
TTBK1	-0.3931310795026231	0.6749402709525065	0.47966522367584574	0.9497131475624686	0.1742561558675362	0.024067327808857054	0.5820158102766798	-0.920034679324439	2.20104036919834e-7	NS	0.9206895747817477	-0.5671682588177592	1.618572126687647	Favorable (Protective DEG)
TDRD5	0.1250163597315331	1.133166991222945	1.0165273745029784	1.2631902122902439	0.05542146524593196	0.024086982556032532	0.5397374364765669	1.05224712376775	0.0206713045139392	Up	0.9206895747817477	0.18036048221467363	1.618217601883913	Adverse (Risk DEG)
ARHGAP22	-0.24923505071403546	0.7793967540890653	0.6257922480818312	0.9707044185135656	0.11199276418081203	0.026050592838050418	0.5690287972896668	-0.552629447692223	1.6522286751421e-4	NS	0.9206895747817477	-0.3595701716808482	1.5841823889339641	Favorable (Protective DEG)
DYNAP	-0.17123193735521114	0.8426261143329681	0.724356099044983	0.9802067926148345	0.07716479580382632	0.02648385448550253	0.5795807453416149	2.51190879091124	2.44836325687766e-7	Up	0.9206895747817477	-0.2470354668641728	1.5770188069981246	Favorable (Protective DEG)
RYR3	-0.19918417052699433	0.8193989702953867	0.6861167825592689	0.9785720005517298	0.09057475527680217	0.027869850146458066	0.5633116883116883	-1.38828321501422	2.37963259274548e-10	Down	0.9206895747817477	-0.2873620150428763	1.5548653664406722	Favorable (Protective DEG)
DEFB1	-0.1049680234889159	0.9003533122836359	0.8199412403176224	0.9886514387617541	0.04773280360745289	0.027872577331331513	0.5728402032749859	1.35551780453637	1.44582530283678e-6	Up	0.9206895747817477	-0.15143684693937529	1.5548228709342435	Favorable (Protective DEG)
CCL26	0.15155338295379897	1.1636404187143796	1.0164011172185108	1.332209303125623	0.069024386348871	0.028117015862160904	0.5024703557312253	1.86399702206454	4.5215138933512294e-11	Up	0.9206895747817477	0.21864531401739165	1.551030774099159	Adverse (Risk DEG)
SH2D3C	-0.2744984154429948	0.7599532084371488	0.594364430731311	0.9716746984729893	0.12539220847509028	0.028588221215136517	0.5797571993224166	-0.543395514947199	2.0622988952884e-6	NS	0.9206895747817477	-0.39601750269148706	1.5438128659950556	Favorable (Protective DEG)
ST8SIA1	-0.24559306171980375	0.7822404837623956	0.6277302881919277	0.9747819819230056	0.11227329797031799	0.028709146413688897	0.5681112365894975	-0.65390049046993	6.68777609152879e-5	NS	0.9206895747817477	-0.35431589221989795	1.5419797198453842	Favorable (Protective DEG)
RTP3	-0.21157920199227892	0.8093051799316788	0.669121532937081	0.9788578636668024	0.09704789030703354	0.02924615823558643	0.5546654432523997	-2.0282577339454	6.5920032183255e-7	Down	0.9206895747817477	-0.3052442654695051	1.5339311745959798	Favorable (Protective DEG)
DNAI3	-0.38626099958424304	0.6795931290069739	0.48020823362291964	0.9617636447194938	0.17718409739167432	0.029257600751296926	0.5580180688876342	-0.551225791905052	0.00686168403897738	NS	0.9206895747817477	-0.5572568285890013	1.5337612907600833	Favorable (Protective DEG)
ZNF71	-0.19643445870796633	0.8216551818727423	0.6884710092183832	0.9806037274754468	0.09023003052596183	0.02947752269440143	0.5743224167137211	-0.602270752124562	3.0357258315501e-4	NS	0.9206895747817477	-0.2833950194376908	1.5305090176026377	Favorable (Protective DEG)
SMIM17	-0.5479427671122228	0.578137952228202	0.3524172746567952	0.9484310669280469	0.25255392593376425	0.03003663018341732	0.5594649915302089	-0.812125111549956	5.9974424337496e-4	NS	0.9206895747817477	-0.79051431280378	1.5223487925346673	Favorable (Protective DEG)
ZNF470	-0.20842314085617894	0.811863431432873	0.6724382546140799	0.980197403665318	0.09613536118606872	0.030157358686759117	0.5931677018633541	-0.783535238698639	9.05646013284732e-5	NS	0.9206895747817477	-0.30069103171971123	1.5206066985449156	Favorable (Protective DEG)
BATF	-0.20623811698909955	0.8136393118713813	0.6752213449945439	0.9804324681529197	0.09514287396834832	0.03018399295512762	0.5726990400903444	-0.575541633320504	0.00274097087180795	NS	0.9206895747817477	-0.2975387086224518	1.5202233091703512	Favorable (Protective DEG)
GAS2L3	0.3159219754714794	1.3715232389970582	1.02861349785197	1.8287490870353045	0.1467936150466026	0.03138549024567457	0.5732636928289102	-0.550405424823688	3.1855736646601e-6	NS	0.9206895747817477	0.455779067320548	1.5032710832207459	Adverse (Risk DEG)
PTCRA	-0.4050062850426919	0.666972618893917	0.4612006671584518	0.9645529723428936	0.18822578470051005	0.031420628346715274	0.5630999435347261	-0.634955366933809	0.017949787708168	NS	0.9206895747817477	-0.5843005589599535	1.5027851342297642	Favorable (Protective DEG)
NKX2-8	0.21210497365593592	1.2362776548523622	1.0189464423276346	1.4999634685370604	0.09864251658297757	0.0315363247844567	0.5425254093732355	1.314320627593	3.88617089066329e-7	Up	0.9206895747817477	0.30600279364130284	1.501188920354998	Adverse (Risk DEG)
CD79B	-0.24684861134231365	0.7812589583241826	0.6236311788910576	0.9787284225383669	0.11497534406850089	0.03179567219464341	0.569240542066629	-1.13878324845073	6.80024903161623e-8	Down	0.9206895747817477	-0.35612726743388307	1.4976319891317433	Favorable (Protective DEG)
SLC5A10	-0.2268704344910399	0.7970240424262295	0.64786945429839	0.9805174792403031	0.10571399754530902	0.031866793848932304	0.5492659514398645	0.531603504246701	0.0395716535240527	NS	0.9206895747817477	-0.3273048507645478	1.4966616291450496	Favorable (Protective DEG)
RGMA	-0.16529749787539932	0.8476414950300748	0.7288648503510261	0.9857741167663495	0.07702664841845495	0.03187472882197619	0.5885093167701864	0.521509812777472	0.00862596845890988	NS	0.9206895747817477	-0.23847388045619256	1.4965535013539202	Favorable (Protective DEG)
CLEC4C	-0.38985751977828964	0.6771533485844151	0.4741661354588266	0.9670379708904848	0.1818094643476068	0.03200732179239869	0.5652526821005082	-0.98034659747716	0.00690553030798084	NS	0.9206895747817477	-0.5624455104374094	1.494750663857857	Favorable (Protective DEG)
ITIH2	0.42192983681823326	1.5249015289865895	1.036040443686217	2.2444342663228154	0.19720957042303178	0.032395211963142635	0.5256916996047432	-0.685039737115596	0.0287264758648043	NS	0.9206895747817477	0.6087160831807548	1.489519174103527	Adverse (Risk DEG)
CUBN	-0.4165953925620631	0.6592876186605898	0.4496068672290777	0.9667560613519034	0.19530272846367738	0.03291856371296112	0.5584415584415585	-0.704180612745356	9.43828658056846e-7	NS	0.9206895747817477	-0.6010201069064796	1.4825591219756629	Favorable (Protective DEG)
SPP1	0.09454523715812264	1.0991588848326226	1.0075886276182868	1.1990511017996401	0.04438104935353595	0.03314631867998114	0.5645821569734613	0.863808911891358	0.0040024854994889	NS	0.9206895747817477	0.1363999447876946	1.47956469850353	Adverse (Risk DEG)
ZNF667	-0.27427233691711994	0.760125036960884	0.5902459725483387	0.9788971016951182	0.1290552231652667	0.033567228835764365	0.5602060982495765	-1.35708951011253	1.0803415816825e-8	Down	0.9206895747817477	-0.3956913403233558	1.4740845107332963	Favorable (Protective DEG)
ZFHX2	-0.28191177870011563	0.7543402304733485	0.5809754615939514	0.9794375510273853	0.13323458041059713	0.034352847348366855	0.5988848108413326	-1.10933135891045	3.0485202560178103e-9	Down	0.9206895747817477	-0.4067127250988437	1.4640372604549445	Favorable (Protective DEG)
SHISA3	0.44269949693659993	1.5569044094944013	1.0328254706605002	2.3469128223115705	0.2093922532111075	0.03449721231695215	0.5526185770750989	-0.862447964899643	0.0172602988808307	NS	0.9206895747817477	0.6386803688344715	1.4622159983841274	Adverse (Risk DEG)
ZNF347	-0.19726324216130317	0.8209744897657981	0.6834936408049748	0.9861088276584693	0.09350921038120238	0.03489631677044362	0.5639469226425748	-0.55377499893784	0.00787280996967716	NS	0.9206895747817477	-0.28459070121579083	1.4572204094501728	Favorable (Protective DEG)
PDK4	0.10113289764709289	1.1064236730959904	1.007060524141841	1.215590637345648	0.04800964866758604	0.03515990797348963	0.5686053077357425	-1.15534004512311	1.92609484716431e-5	Down	0.9206895747817477	0.1459039299061921	1.4539522703063983	Adverse (Risk DEG)
NIBAN3	-0.29099690636726777	0.7475179905606375	0.5695260021414608	0.9811371984961994	0.1387545562430138	0.03597533180753608	0.5631352343308865	-1.27448669963989	2.24109050144802e-6	Down	0.9206895747817477	-0.41981979373008715	1.4439951917897609	Favorable (Protective DEG)
PLEKHG7	-0.3480852840303124	0.7060386598242064	0.5092108921181806	0.9789472237971473	0.16674170567762342	0.03683647726524801	0.5763339920948617	-0.773455316888343	0.00371466177270254	NS	0.9206895747817477	-0.5021809130769581	1.4337219088067668	Favorable (Protective DEG)
EFHC2	-0.23342787442450566	0.7918147037719423	0.6357146536474929	0.9862451990246351	0.11203144619671039	0.03719725519485182	0.5897092038396387	-0.979744579765635	2.2642487453653e-4	NS	0.9206895747817477	-0.33676523683748594	1.429489105755463	Favorable (Protective DEG)
LPIN2	-0.25787121858999545	0.772694734417168	0.6050679285698386	0.9867605344861767	0.12476929778565718	0.03875448894678978	0.5585827216261998	-0.534097535491829	5.99300069019875e-6	NS	0.9206895747817477	-0.3720295282477803	1.41167798575357	Favorable (Protective DEG)
CRLF2	-0.4586269655870252	0.6321510150043741	0.4091709794747763	0.9766452798876832	0.2219404057489821	0.03878676801950231	0.5903797289666854	-0.552296538529924	0.00716051156249519	NS	0.9206895747817477	-0.6616588488703545	1.411316407297965	Favorable (Protective DEG)
CNR2	-0.3535588573778799	0.7021846626237627	0.5019607171063456	0.9822746753299954	0.17126567651160848	0.03898091568189392	0.5663466967814794	-1.32190066130134	1.33869330497406e-6	Down	0.9206895747817477	-0.5100776102014355	1.4091479632963124	Favorable (Protective DEG)
IGFBP2	-0.10149904846675657	0.9034820390350067	0.820432517848205	0.9949383734810472	0.04919711243967685	0.03910219022280904	0.5688170525127048	0.647974121155004	0.00650598558581096	NS	0.9206895747817477	-0.14643217387793822	1.4077989158767708	Favorable (Protective DEG)
REPS2	-0.2387035297212571	0.7876483620905397	0.6277687615841786	0.9882459597676566	0.11575716004357597	0.03919764899113508	0.566699604743083	-0.723890315071208	3.24634031118877e-7	NS	0.9206895747817477	-0.34437639857154884	1.4067399804488325	Favorable (Protective DEG)
CMA1	-0.30745826833189766	0.7353135527686587	0.5488749024357384	0.9850806048625441	0.14919991480871525	0.03933038753296683	0.5652173913043479	-0.707793815490051	0.0268713240114877	NS	0.9206895747817477	-0.4435685190027371	1.4052717743479477	Favorable (Protective DEG)
GZMM	-0.20038418890406698	0.8184162662222794	0.6763227375688144	0.9903632505761578	0.09729806620432141	0.03944752409139472	0.5645115753811406	-1.06885660917645	4.92437244161994e-6	Down	0.9206895747817477	-0.28909327560445464	1.403980249924493	Favorable (Protective DEG)
PTGIR	-0.2630261416268319	0.7687218014100217	0.5982529345328386	0.9877648296443616	0.12791842470656709	0.03976303384365286	0.5465838509316769	-0.792763782892378	3.25184340600415e-7	NS	0.9206895747817477	-0.37946651014918853	1.4005204871698038	Favorable (Protective DEG)
SELPLG	-0.19859480071213828	0.8198820416546585	0.6782487926128877	0.9910914247826385	0.09676009782781757	0.04012641322212149	0.5659937888198758	-0.649641469961134	3.34811688741106e-5	NS	0.9206895747817477	-0.2865117341337338	1.3965696587924061	Favorable (Protective DEG)
VSTM4	-0.16405684146701718	0.8486937795096605	0.7256241341870807	0.9926366798498587	0.07993324341443941	0.04012855390816166	0.5627470355731226	-0.843119128438782	1.31600648931341e-5	NS	0.9206895747817477	-0.2366839916083725	1.3965464904286724	Favorable (Protective DEG)
ADH1B	0.12946775467006844	1.1382224085139405	1.0057245816090712	1.2881759827034447	0.06314376038980736	0.040328828434233646	0.5536420101637494	-2.09105518977983	5.19034505493053e-7	Down	0.9206895747817477	0.18678248761753655	1.3943843942070582	Adverse (Risk DEG)
HK1	0.40196828924396133	1.4947639318301107	1.0174117603842612	2.1960815658906307	0.19628237033205798	0.0405689884901778	0.5371259175607002	0.548988433986588	1.04854647058599e-16	NS	0.9206895747817477	0.5799176574868835	1.3918058204596027	Adverse (Risk DEG)
PTGR1	0.15920703541841544	1.1725806872851172	1.006736815748216	1.3657446978058174	0.07780388405723204	0.04073072156614452	0.5597120271033315	1.35028510024042	7.97023633628619e-18	Up	0.9206895747817477	0.2296872004727815	1.3900778960907982	Adverse (Risk DEG)
SPOCK2	-0.14579164083506185	0.8643377771214292	0.751520011616654	0.9940916827379104	0.07136141353315124	0.04105205943521847	0.5711462450592886	-1.31888070770803	1.48608643177678e-10	Down	0.9206895747817477	-0.21033287723580865	1.3866650509948113	Favorable (Protective DEG)
ZNF491	-0.3537993490902141	0.7020158133361144	0.4998096735896966	0.9860277385878224	0.17333408135901932	0.04123678606388336	0.5672642574816488	-0.743256999691346	3.81794341947798e-5	NS	0.9206895747817477	-0.510424566402195	1.3847151903602077	Favorable (Protective DEG)
FYN	-0.22452026009378298	0.7988993907593782	0.6432845952034529	0.9921584339414317	0.11053661648243096	0.04223628395359199	0.5670525127046866	-0.704406670819256	5.38461610948622e-8	NS	0.9206895747817477	-0.32391426581640087	1.3743142990311314	Favorable (Protective DEG)
NQO1	0.1412165131912183	1.151673973599895	1.0042446691400577	1.3207468082485694	0.06988946140245891	0.04332435020929816	0.5338791643139469	1.70343860332322	4.51770472012446e-28	Up	0.9206895747817477	0.20373236327260158	1.363267942235106	Adverse (Risk DEG)
CAMP	-0.29429262348870394	0.7450584379416576	0.5594590320149823	0.9922300725912617	0.14617225376358714	0.044080183377988864	0.5710403726708074	0.651309199193581	0.0260804837409764	NS	0.9206895747817477	-0.42457450847735606	1.3557566074438618	Favorable (Protective DEG)
ANKS1B	-0.46955616834279634	0.6252797256428141	0.39560764698335954	0.9882891250491891	0.23356356779976856	0.04438888333382087	0.5855095990965556	-0.776402804078234	4.3931739967598e-4	NS	0.9206895747817477	-0.6774263554869756	1.3527257801393018	Favorable (Protective DEG)
PHLDB3	-0.22527475418817533	0.7982968532211272	0.6405378892855033	0.9949104908901082	0.11233484449222683	0.04492176895185772	0.5662761151891587	0.681182937142721	7.04191266393763e-8	NS	0.9206895747817477	-0.3250027707047607	1.3475431502087951	Favorable (Protective DEG)
SERPINA5	0.17505402730942016	1.1913105781789242	1.00350535940631	1.4142633921961678	0.0875295662108165	0.045506562248581406	0.5496188594014682	-1.30448981387016	4.3897088229602e-6	Down	0.9206895747817477	0.2525495770869417	1.341925971631892	Adverse (Risk DEG)
PAOX	-0.4874037546414057	0.6142189891058838	0.38093562370238104	0.9903641011873571	0.24373974926025455	0.04553383048766812	0.5813099943534726	0.578030437865463	6.95668604048003e-5	NS	0.9206895747817477	-0.7031749797318171	1.341665813568756	Favorable (Protective DEG)
HRK	0.14767762843280235	1.1591391626171907	1.0028837361417995	1.339740141246949	0.07387790970845111	0.045614670956726645	0.5445369847543761	1.05059855779262	6.1903551111066e-4	Up	0.9206895747817477	0.21305378219024682	1.340895453589693	Adverse (Risk DEG)
ZNF737	-0.218690931353104	0.8035700380820539	0.6484503340111376	0.995796859427792	0.10943003771886312	0.045667427853778614	0.5890739695087521	-0.500276148719654	0.0113727691753458	NS	0.9206895747817477	-0.3155043221505119	1.3403934486594453	Favorable (Protective DEG)
IMPG2	-0.45640801937719516	0.6335552815229079	0.40490785638364024	0.9913176255223404	0.22841630612466177	0.04570136015154199	0.5672642574816488	-0.621718061710907	3.02032804196123e-5	NS	0.9206895747817477	-0.6584575861774334	1.3400708743826897	Favorable (Protective DEG)
FABP12	0.31176211236156454	1.3658297403684605	1.004857191162371	1.8564736323547286	0.1565930199300963	0.04649113157664682	0.5590415019762847	0.953026787798833	0.0017566402957041	NS	0.9206895747817477	0.4497776534410969	1.3326298831240153	Adverse (Risk DEG)
TNFRSF13B	-0.2542126727956443	0.7755268510432937	0.603749867616063	0.9961772729888139	0.12774858235364606	0.046596977190967614	0.5719579333709768	-1.50387457642585	3.16449925986109e-6	Down	0.9206895747817477	-0.3667513623734047	1.3316422556675729	Favorable (Protective DEG)
LPXN	-0.19311757289330844	0.8243850431062707	0.6815003155556912	0.9972272701637377	0.09711453548261045	0.046750367823760144	0.5507481648785997	-0.605134184413057	9.90104049502934e-5	NS	0.9206895747817477	-0.2786097647216889	1.3302149678245987	Favorable (Protective DEG)
ROBO1	-0.15334207245374623	0.8578362294725054	0.736935290252605	0.9985720677637254	0.07750811798020438	0.04788358252049831	0.5299265951439864	-0.57152564258663	9.6308204340008e-4	NS	0.9206895747817477	-0.22122584748865576	1.3198133643082477	Favorable (Protective DEG)
GNG7	-0.22656812862257816	0.7972650238947809	0.6369625389564714	0.9979103627778387	0.11453083160348722	0.047902961135205646	0.5821569734613212	-0.513598822126839	0.00572220821475656	NS	0.9206895747817477	-0.32686871558728625	1.3196376397183849	Favorable (Protective DEG)
ANXA10	0.14421202058982896	1.1551289936942188	1.0010562813031672	1.3329150588176797	0.0730402690500568	0.04833423507409271	0.5331733483907397	1.14161708700334	2.7737348884507e-4	Up	0.9206895747817477	0.20805396694152334	1.3157451500560786	Adverse (Risk DEG)
CPAMD8	-0.2376917800968846	0.7884456682941356	0.6224834801111402	0.9986555333818585	0.120587118302617	0.0487100572758375	0.5673348390739695	-0.814714780251926	1.16596717912004e-5	NS	0.9206895747817477	-0.34291675240584546	1.3123813597617233	Favorable (Protective DEG)
PNOC	-0.3035772620701903	0.7381728541656363	0.545446420992757	0.9989966780518621	0.15437703898863833	0.04924475841837457	0.5777809147374364	-1.13378917729546	5.52456879109446e-5	Down	0.9206895747817477	-0.43796941051531274	1.3076399887424273	Favorable (Protective DEG)
LBP	0.1329927544693227	1.1422417221534729	1.0002136327180842	1.3044374813034296	0.0677457063572612	0.049632569259921405	0.560064935064935	-1.66710335285907	1.51898753400405e-7	Down	0.9206895747817477	0.19186798734705537	1.3042332427046408	Adverse (Risk DEG)
AOC1	-0.13745887191592648	0.8715701952722962	0.7596654487623412	0.9999593986071066	0.07011265042761605	0.04993234735576093	0.5547007340485601	-0.639752335758401	0.0112875741048471	NS	0.9206895747817477	-0.19831123283929838	1.3016180169672962	Favorable (Protective DEG)
DKKL1	-0.3910772316653728	0.6763279200905737	0.4573910247761762	1.000062158451577	0.19956457938536168	0.05003641779643143	0.5665231507622812	-0.818550437151953	9.7972400639124e-4	NS	0.9206895747817477	-0.5642051827282177	1.300713789844534	Non-significant
ZNF157	-0.4176595637587628	0.6585863969426234	0.43353927284866967	1.0004538675075598	0.2133270466180217	0.0502491539558687	0.5667701863354038	-1.317207140461	1.8188777245779e-4	Down	0.9206895747817477	-0.6025553814146148	1.2988712460545557	Non-significant
RORB	-0.17897967958718689	0.83612288958669	0.6986683848540873	1.0006198958563142	0.0916340222596372	0.05079576237833729	0.5836744776962168	-1.62782700120876	3.6455079569993e-8	Down	0.9206895747817477	-0.2582130961603301	1.2941725170953873	Non-significant
CD5	-0.1528087474807248	0.8582938569776869	0.7361756458706731	1.0006692683433969	0.07830643479908474	0.05100709743603066	0.575875211744777	-0.832065749671329	6.61451354184599e-5	NS	0.9206895747817477	-0.22045642219489553	1.2923693893365045	Non-significant
FABP4	0.06221492422644326	1.064191040587199	0.9997070897139891	1.1328343897111588	0.03189236022299639	0.05108342441244013	0.5506775832862789	2.71842022641276	4.13436884853969e-11	Up	0.9206895747817477	0.08975716265077228	1.2917199972038935	Non-significant
MS4A1	-0.1395304903623903	0.8697665033042192	0.7559017711932292	1.0007831693209088	0.07158976097163339	0.051292011412662014	0.5632763975155279	-2.10349144807227	5.26063510507311e-10	Down	0.9206895747817477	-0.2012999464986258	1.2899502697723881	Non-significant
IL20RA	-0.15661980274503207	0.8550290767362027	0.7303617793479533	1.0009761500896805	0.08040733296791562	0.051435326657249994	0.5352202145680407	0.524830931040558	0.00453709895000131	NS	0.9206895747817477	-0.22595461272526537	1.2887384976882126	Non-significant
BLK	-0.1968399698471329	0.8213220590910032	0.673528579195296	1.0015461044807237	0.10121863559927023	0.05181098942847883	0.5945087521174478	-0.891060579130885	0.00606367241115618	NS	0.9206895747817477	-0.2839800483471917	1.285578113962144	Non-significant
ERICH2	-0.34041314303103265	0.7114763205507288	0.5045686294509343	1.0032303341078552	0.1753288700860465	0.05218926831544439	0.5433370976849238	-0.562042421047829	0.0219809401647327	NS	0.9206895747817477	-0.49111235330429615	1.2824187918357162	Non-significant
HILPDA	0.1584286156173147	1.1716682824228235	0.9981871331705012	1.375299799422639	0.08175820012130477	0.05265124733044415	0.5845567476002258	0.660097198063893	3.1913370492692e-4	NS	0.9206895747817477	0.2285641780860036	1.2785913357356211	Non-significant
CDH18	-0.3391724616837548	0.7123595837614612	0.5050457424565148	1.0047727045644683	0.17547965968566667	0.05325706537881798	0.5675112930547713	-0.896232172625236	0.00744049827028527	NS	0.9206895747817477	-0.48932242847725504	1.2736227681430268	Non-significant
IDH1	0.26828670573427454	1.307722017673885	0.99580629518786	1.7173388878671807	0.1390276713952436	0.05363955407375772	0.5358554488989271	0.523569083905973	1.11555624137752e-7	NS	0.9206895747817477	0.3870558998992745	1.270514841262485	Non-significant
CCL21	-0.09232176068512443	0.9118117171772987	0.8301900662245322	1.0014581496533526	0.047847230362546116	0.053667447059410525	0.549901185770751	-0.784379439447144	0.00453895056673257	NS	0.9206895747817477	-0.13319214630656667	1.270289063449337	Non-significant
KLHL30	0.11336562565800073	1.1200413739572967	0.997876693676482	1.2571620194417166	0.058925158984239626	0.05436815691866333	0.5866036137775268	-0.868663597423632	0.00536139086290144	NS	0.9206895747817477	0.1635520259440722	1.2646553893382106	Non-significant
ELOVL2	-0.2082840976383339	0.8119763233850784	0.6567213666094412	1.0039349764754113	0.10827308767800685	0.05439317237488674	0.5580180688876342	-0.682076951069791	0.00428151883563053	NS	0.9206895747817477	-0.30049043475885695	1.2644556110739642	Non-significant
LIX1L	-0.26492774038333483	0.767261389986717	0.585268760777565	1.0058456559038598	0.13814354695859987	0.05514000653704602	0.5396668548842463	-0.644462957306902	4.56042667848281e-10	NS	0.9206895747817477	-0.382209937244956	1.2585331867430698	Non-significant
PRCD	-0.34335528888847855	0.7093861297723824	0.4992172701503655	1.0080354010226158	0.17926787469287758	0.05545174695211615	0.5414666854884247	-0.679188979457837	0.00207457267730699	NS	0.9206895747817477	-0.4953569725424053	1.2560847672837452	Non-significant
SYT6	0.36013347928782197	1.4335207471189928	0.9912909471666161	2.073035911701102	0.1882078856890981	0.05568564327459731	0.5376905702992659	-0.891390993115277	9.25125218499849e-5	NS	0.9206895747817477	0.519562784626629	1.254256759050744	Non-significant
STARD9	-0.2604150423930121	0.7707316331098173	0.590203973679205	1.006477890301361	0.1361617067664496	0.05580665498149147	0.5359260304912479	-0.637540830904423	3.75096015820689e-9	NS	0.9206895747817477	-0.37569949023328786	1.2533140080623923	Non-significant
UPK2	0.22453432085294694	1.251739671383994	0.9942337953052489	1.575939394049118	0.11751094209252284	0.05603640058607343	0.5680759457933371	0.640417097933224	0.0163810584254936	NS	0.9206895747817477	0.323934551203918	1.2515297687433364	Non-significant
PSAT1	0.20469161440983752	1.2271465722854233	0.9944761728464601	1.514253182719906	0.10726255990971403	0.05634947690905861	0.5146809712027103	0.798644846092476	5.36549353285604e-10	NS	0.9206895747817477	0.29530757702062854	1.2491101111451828	Non-significant
STAC	0.154248824422659	1.1667811743136955	0.9958251523545486	1.3670856831783942	0.08083434814384387	0.05636421879309157	0.5612648221343873	-0.597186412905136	0.0136418935051977	NS	0.9206895747817477	0.22253401405752252	1.2489965079333458	Non-significant
GHRL	-0.48421713343250794	0.6161793942388439	0.3744956304600695	1.0138357166360357	0.25406487785062265	0.05666579481504392	0.5742871259175607	-0.563507676183855	0.00234221105498538	NS	0.9206895747817477	-0.6985776571165486	1.2466790152812997	Non-significant
KLHL35	-0.16564438984823635	0.8473475059937717	0.714337778662286	1.0051236506886603	0.08712147807256956	0.057262242861218726	0.5686758893280632	-1.02570623593979	1.7401818398424e-4	Down	0.9206895747817477	-0.23897433978512878	1.242131645431176	Non-significant
SAMD12	0.10066179445842777	1.1059025561351492	0.9968189299511325	1.2269233929237413	0.052984613842599	0.057455344554298377	0.5157396950875212	1.05295003649414	5.43374898369154e-5	Up	0.9206895747817477	0.14522427167215787	1.2406695665843879	Non-significant
LCE3E	-0.07364954309012274	0.928997210289814	0.8609637258641416	1.0024067109912622	0.03880344903823665	0.05769405597213616	0.5405138339920948	0.906108440714193	0.021148200924039198	NS	0.9206895747817477	-0.10625383057985809	1.2388689284643126	Non-significant
RASL11B	0.30885737028999044	1.3618681137962203	0.9898995752537191	1.8736090061454007	0.16276276142967433	0.05774980348416748	0.5597473178994918	0.549038866084219	0.0446421254726889	NS	0.9206895747817477	0.44558699645937544	1.238449489286673	Non-significant
IL13RA2	-0.16257059698968726	0.8499560837664051	0.7183043462676965	1.0057371197671856	0.0858644972499543	0.058312808637901406	0.5472543760587238	-1.48942719086833	3.93761329934549e-6	Down	0.9206895747817477	-0.2345397940713801	1.2342360402704922	Non-significant
GLIPR1L2	-0.4016490644663557	0.669215556004565	0.4414809355390254	1.014425367771992	0.2122341939940158	0.058426995073485824	0.554100790513834	-0.529193104807866	0.00263345267289199	NS	0.9206895747817477	-0.579457113483303	1.2333864490750142	Non-significant
ZNF214	-0.26019198621723283	0.7709035687353897	0.5886846261711244	1.0095257899876005	0.13759063639799837	0.05861649309197325	0.5689582156973461	-0.999684909751559	4.9261773851957e-5	NS	0.9206895747817477	-0.3753776881946512	1.2319801680941647	Non-significant
DEFB4B	-0.1789334208508552	0.8361615684695914	0.6945835053549784	1.006597713874888	0.09464942546702745	0.05869298120648743	0.5605590062111802	2.94141862847969	5.02987066553206e-8	Up	0.9206895747817477	-0.2581463589108267	1.2314138307037583	Non-significant
CNFN	-0.07178635986629797	0.9307297157934082	0.8639598932645445	1.0026597422105454	0.037981601605495796	0.058753971224789765	0.5436194240542067	1.23677400565257	4.13632277967055e-5	Up	0.9206895747817477	-0.10356582538257866	1.2309627737758	Non-significant
TCL1A	-0.18463842709444755	0.8314048429765987	0.6864716512010852	1.0069374484955425	0.09773236841332013	0.05886169528290005	0.553324392998306	-0.892335836487759	0.0100292533832879	NS	0.9206895747817477	-0.26637694312669785	1.2301672338876786	Non-significant
UPB1	-0.29996793925034915	0.7408419722499724	0.5424719241919022	1.0117515826553112	0.15900853829779832	0.0592290208901202	0.5750635234330886	-1.23289640670414	1.88340031265914e-6	Down	0.9206895747817477	-0.43276225838216065	1.227465446584662	Non-significant
NCALD	-0.17075576824407243	0.8430274424032845	0.7059287787044922	1.0067520833323702	0.09055531619738942	0.05934193193887123	0.5671936758893281	-0.607754136933438	0.00204750889344606	NS	0.9206895747817477	-0.2463485000489085	1.2266383188763854	Non-significant
RNF224	-0.276591052885881	0.7583645647057495	0.5686081456560663	1.0114466656782852	0.14692754736443236	0.05976821068263497	0.5479249011857708	1.28319778888401	2.52285852705247e-8	Up	0.9206895747817477	-0.39903654035271746	1.2235297457104042	Non-significant
CTLA4	-0.17113324636293137	0.8427092780439995	0.7047722224865738	1.0076431854760957	0.09119931391229102	0.06059006368786253	0.5584415584415585	-0.816981283357581	8.12834578378432e-6	NS	0.9206895747817477	-0.24689308585903036	1.217598591004498	Non-significant
PTGIS	0.10999137808889785	1.116268446050073	0.9950740752179316	1.2522236029253857	0.0586385648587718	0.06068940565862905	0.5256916996047432	-1.40777743909294	3.69514828565428e-6	Down	0.9206895747817477	0.15868401570939583	1.2168871156062815	Non-significant
FCRL4	-0.388336296746106	0.6781842337589382	0.4517059859494088	1.0182150983731062	0.20734436490787708	0.0610815053018844	0.5496541501976284	-1.76493457854271	5.26918725071607e-8	Down	0.9206895747817477	-0.560250849512792	1.2140902686646269	Non-significant
COL23A1	-0.2295864352197563	0.7948622615742734	0.6249980392685952	1.0108927951427502	0.12266568829710793	0.06125594435249677	0.5539243365330322	-0.79255270733068	2.29453508564475e-5	NS	0.9206895747817477	-0.3312232115469176	1.2128517604455038	Non-significant
ARMH1	-0.33007289748392526	0.7188713276107743	0.5087462813474252	1.015783317948163	0.17639760571420124	0.061319173216424806	0.560347261434218	-0.858166034430765	1.68734163594823e-6	NS	0.9206895747817477	-0.4761945323319101	1.2124037094922406	Non-significant
CNR1	-0.2380671771350267	0.7881497436736103	0.6141299919907558	1.011479697383234	0.12728880976179122	0.06144335124059719	0.5758399209486166	-0.941546007984031	0.00302800707824449	NS	0.9206895747817477	-0.3434583358511374	1.211525105059759	Non-significant
CDH23	-0.18050981939178865	0.8348444829916343	0.690866609801298	1.0088276099810718	0.09658274096447768	0.06162760196069517	0.5609824957651044	-1.0729056993344	3.05768067727545e-8	Down	0.9206895747817477	-0.2604206212682959	1.2102247311091696	Non-significant
LOXHD1	-0.4355983547545212	0.6468774890335185	0.409117919402702	1.0228114339973988	0.23375608013942856	0.062395621025865	0.5652879728966685	-0.653687387429129	0.0015737446106705	NS	0.9206895747817477	-0.6284355862237392	1.2048458883790396	Non-significant
PLCXD1	-0.1965017352431121	0.8215999056184397	0.6680323526522927	1.0104696310473105	0.10557180687660596	0.06270057839388367	0.5292207792207793	0.557153118623532	5.9772836414048e-4	NS	0.9206895747817477	-0.2834920789613138	1.2027284529154805	Non-significant
SCN3A	-0.2758314609330443	0.7589408311623902	0.566755682475392	1.016295386205446	0.14898003462903675	0.06410254930675763	0.5439017504234895	-0.814275034129717	1.9091296177366e-4	NS	0.9206895747817477	-0.39794068080926087	1.193124698595972	Non-significant
DDIT4L	0.08919752103667446	1.093296584075171	0.9945472956428661	1.2018507576130988	0.04829943121138547	0.06478174101123389	0.553994918125353	-1.1113191503571	0.00189752275875394	Down	0.9206895747817477	0.12868482125919922	1.1885473844917656	Non-significant
CRCT1	-0.0698493791007001	0.9325342684785838	0.8658683213083906	1.0043330382763367	0.03784409171895309	0.06493370803053058	0.5375141163184641	1.14293688995726	8.6845362599021e-4	Up	0.9206895747817477	-0.10077135283775321	1.18752979609202	Non-significant
ABCB1	-0.21229751275803693	0.8087240560469084	0.6453409300146772	1.0134714356550858	0.11514447060667568	0.06521971540798686	0.5719932241671373	-0.656467298919751	9.0189821985484e-4	NS	0.9206895747817477	-0.3062805688490813	1.1856211006084205	Non-significant
SPIB	-0.15138186360252198	0.8595194168028106	0.7316832701139544	1.009690474057149	0.08215747198796264	0.06539009147251132	0.5551242236024845	-2.80256754062008	1.9116508904743098e-22	Down	0.9206895747817477	-0.21839786389988783	1.1844880551134689	Non-significant
CD6	-0.14820995428121317	0.8622500628442086	0.7362699512587781	1.0097861111997641	0.08058744592464609	0.0658975913514536	0.562605872388481	-0.828161570779996	1.05937844773827e-5	NS	0.9206895747817477	-0.21382176605188613	1.1811304591827707	Non-significant
LDHC	-0.20650488353337132	0.8134222890723678	0.65269785183251	1.0137245258308578	0.11231639088847066	0.06597408421287604	0.5748517786561265	-0.7945350438556	0.0498970083955669	NS	0.9206895747817477	-0.29792357139294773	1.1806266295134438	Non-significant
AMN	-0.14641646097880995	0.8637978901509729	0.7388143626808852	1.0099245936716503	0.0797423475872897	0.06634001902498533	0.5798983625070582	1.09076609527304	9.58396447260313e-7	Up	0.9206895747817477	-0.2112343021586416	1.1782244082695819	Non-significant
IP6K3	0.09531594101954964	1.1000063373550026	0.9935358759747063	1.2178865116814088	0.05194026460208735	0.0664898430485643	0.566805477131564	-0.761792366923491	0.0429345536586653	NS	0.9206895747817477	0.13751183542656914	1.1772446922136401	Non-significant
NOG	0.15613669340561992	1.1689859848444546	0.9891207346457025	1.3815585751038189	0.08524420450354427	0.06700507556579165	0.5587591756070017	-1.22022452420028	1.561330373879e-4	Down	0.9206895747817477	0.22525763327708845	1.1738922986913023	Non-significant
HTR3A	-0.14435672906218716	0.8655789158228726	0.7414375588135562	1.0105056732167812	0.07898492135368126	0.06760221537131947	0.5623588368153585	1.27422956582813	0.00139183202061979	Up	0.9206895747817477	-0.20826273713696908	1.1700390716948357	Non-significant
HDAC9	0.15993675327826246	1.1734366526233557	0.9883247250886529	1.3932198019192457	0.08759381332948998	0.06786668581018485	0.5662055335968379	-0.501326384257484	0.00766199460646689	NS	0.9206895747817477	0.23073996081043102	1.1683433585511622	Non-significant
ICOS	-0.16517655550646004	0.8477440169999949	0.7099913500851129	1.0122234845158808	0.09047407906061924	0.06789874595912829	0.5602766798418972	-0.867801450972961	4.20989434021348e-6	NS	0.9206895747817477	-0.23829939750029058	1.1681382467513102	Non-significant
TUBB2A	-0.13233306578406615	0.8760491644808293	0.759558037739372	1.0104061841958931	0.07280005116788806	0.0691007287196632	0.5564652738565782	0.600987380825056	0.00127763833787464	NS	0.9206895747817477	-0.19091625775230517	1.1605173726365132	Non-significant
SMTNL2	0.09624652200024277	1.1010304587712372	0.9924681721974914	1.2214679574639011	0.05296365549005958	0.06918369971627417	0.5377258610954263	-1.08969323091788	0.00151757966232617	Down	0.9206895747817477	0.13885437999256062	1.1599962170629203	Non-significant
PPP1R3A	0.10765681363194207	1.1136654849839167	0.9913963301361532	1.2510141249707194	0.0593366560050347	0.06962553907365364	0.5536773009599096	-1.41730553568799	0.00820886534870574	Down	0.9206895747817477	0.15531595114471022	1.157231429293162	Non-significant
NKX2-3	-0.164648732134499	0.8481915942160743	0.7095156473893153	1.013971972494147	0.09108534533866006	0.0706638847039264	0.5746753246753247	-1.30045158306587	0.00405103505406327	Down	0.9206895747817477	-0.23753790933909696	1.1508024911708532	Non-significant
THBS1	0.11906656742559651	1.1264449003297359	0.9898430462261582	1.2818982952060427	0.0659580767978213	0.07104565068231355	0.5739695087521175	-0.599663349003737	0.00553294976149969	NS	0.9206895747817477	0.17177674636057963	1.1484625038376735	Non-significant
CYP46A1	-0.32526315352211127	0.722337243039374	0.5073644722140034	1.0283950123761199	0.18023928134361178	0.07113439068640216	0.5585121400338792	-0.600230160075971	0.00122820405978846	NS	0.9206895747817477	-0.46925553857025554	1.1479203841599315	Non-significant
NCR3	-0.2778661420800152	0.7573981984765779	0.5599947179012407	1.0243882892422809	0.15406496645778228	0.0712995669054304	0.5598178994918126	-1.00631142774365	2.04576468277703e-5	Down	0.9206895747817477	-0.400876105209786	1.1469131081727204	Non-significant
MAB21L3	-0.14647997254451736	0.8637430307366367	0.7364688212850328	1.013012366014839	0.08133231340658872	0.07170195731876483	0.5554771315640881	0.91795073370185	1.2908967508872e-4	NS	0.9206895747817477	-0.21132592997952676	1.1444689888072845	Non-significant
PLA2G2A	0.07936946529210923	1.082604232878323	0.9928483582495659	1.1804742540063262	0.0441573433485139	0.07226834574296322	0.5544184076792773	-0.881488277289293	0.0192950460634721	NS	0.9206895747817477	0.11450593397493478	1.1410518863768513	Non-significant
SEMA5A	-0.1345180898359195	0.8741370657374536	0.7548464562858507	1.0122795216603953	0.07485996217004438	0.07234677991090459	0.5463721061547149	-0.978201722701855	3.48649134712963e-7	NS	0.9206895747817477	-0.19406858111613715	1.1405807941654988	Non-significant
CD79A	-0.10742088035708976	0.8981475807555818	0.7988437813806156	1.0097957768701213	0.05978119525173826	0.07235136222194158	0.5768633540372671	-1.50102755952036	6.28383179838799e-7	Down	0.9206895747817477	-0.15497557137909998	1.1405532876285238	Non-significant
BCL2A1	0.16873230246742701	1.183803195308914	0.9843975319579037	1.42360170533577	0.09411283653397688	0.07299333734419375	0.532326369282891	-0.539591388840371	0.00688792519968703	NS	0.9206895747817477	0.24342925600753362	1.1367167794234592	Non-significant
ERVMER34-1	0.1541538058930432	1.1666703137491161	0.9856538558141168	1.3809306512165191	0.08602395362882331	0.07313504974547161	0.5322557876905702	0.520884956734045	0.00307438045425607	NS	0.9206895747817477	0.22239693129605317	1.1358744388705828	Non-significant
OTOP2	-0.18914075284302187	0.8276700015899059	0.6728274685622617	1.018147539362007	0.1056782638429663	0.07348942290550256	0.551559853190288	1.73111105216873	1.22318775455572e-8	Up	0.9206895747817477	-0.2728724261566328	1.1337751630155064	Non-significant
REM1	-0.3036329761104764	0.7381317287191442	0.5293135346508665	1.0293302802114932	0.16966707353184243	0.07352129045921055	0.5578063241106719	-0.72733910384274	7.90374607725059e-5	NS	0.9206895747817477	-0.43804978888494134	1.1335868787384336	Non-significant
EVPLL	-0.32780061166843155	0.7205066660061462	0.5030041064119992	1.032058882107982	0.18334843713501603	0.0737992360094778	0.5675465838509317	1.36395315851816	1.83222441321644e-5	Up	0.9206895747817477	-0.4729163168544151	1.1319481340927504	Non-significant
CABCOCO1	-0.4299859010934573	0.6505182662549024	0.4059725351349185	1.0423710426387562	0.24055741418979307	0.07386374521003262	0.5790160926030491	-0.776832678983376	0.00839958006285569	NS	0.9206895747817477	-0.6203385271597031	1.1315686755258991	Non-significant
ENDOU	-0.09408637065381369	0.9102041439186437	0.8209243452954962	1.0091935856871905	0.052673392671303575	0.07406332693950507	0.5411490683229814	1.41536887124964	1.35393006486031e-5	Up	0.9206895747817477	-0.13573794035749792	1.1303967832531407	Non-significant
GFRA2	-0.22635700469087794	0.7974333633908555	0.6220265405757931	1.0223035956957993	0.12674493750184965	0.07411133583547183	0.5575945793337098	-0.737395367208847	4.0901809585065e-4	NS	0.9206895747817477	-0.32656412813800945	1.1301153586297976	Non-significant
PARM1	-0.14206560615419478	0.8675643370591312	0.7421324489967775	1.0141961585890955	0.07967592472666957	0.07457929104085263	0.570793337097685	-1.54894170708234	2.89673505588608e-12	Down	0.9206895747817477	-0.2049573454795413	1.1273817494073886	Non-significant
GSTM3	-0.09878314282976275	0.9059391461229088	0.8125800189740673	1.0100245112033672	0.05548966346550638	0.07504192661033529	0.5768633540372671	2.3857325840754	8.30142319104672e-22	Up	0.9206895747817477	-0.14251395028392494	1.12469602450244	Non-significant
MOGAT2	-0.2171783539680041	0.804786419652716	0.6332121339375226	1.0228502369813124	0.12233461237000118	0.07585144572345093	0.5451722190852626	-1.29182165509866	6.3870198926398e-4	Down	0.9206895747817477	-0.31332213425806754	1.1200361371747658	Non-significant
FCRL3	-0.17283523683332155	0.8412762147594243	0.6950548805433395	1.0182586862301934	0.09741466496172632	0.07602644482571691	0.5443958215697347	-1.37848982373784	4.97494039577268e-8	Down	0.9206895747817477	-0.24934853907030247	1.1190353176636232	Non-significant
LRP8	0.18883798698096343	1.2078452499746755	0.9797390804672044	1.4890598700938733	0.10679123484922573	0.0770122559608539	0.5438311688311688	0.773661824206511	6.999174219795681e-9	NS	0.9206895747817477	0.27243562734889065	1.113440154403987	Non-significant
CPNE5	-0.21052279613129504	0.8101605864157426	0.6414485088437499	1.023246865075155	0.1191366630534353	0.0772165439691537	0.5595002823263693	-0.673923948469878	1.58301220810414e-5	NS	0.9206895747817477	-0.30372019397269756	1.1122896402762599	Non-significant
YPEL1	-0.265029966268024	0.7671829600211925	0.57158415567425	1.02971660131585	0.15016275228441978	0.07757192686857886	0.5657820440429135	-1.02320505346533	1.22318775455572e-8	Down	0.9206895747817477	-0.38235741802184736	1.1102954206481475	Non-significant
GPX7	-0.14863091353801738	0.8618871670860975	0.730543534449236	1.0168449295054538	0.08435641773022007	0.0780795017513773	0.5721343873517787	-0.761110071526062	1.67076206143408e-5	NS	0.9206895747817477	-0.21442908188409404	1.107462966695333	Non-significant
SP5	-0.23575322035176507	0.7899755997805754	0.6077008264177199	1.0269221648543787	0.1338388672692199	0.07815879681487156	0.5569593450028233	-1.16492204201146	2.56198055207223e-5	Down	0.9206895747817477	-0.3401200018750946	1.1070221348149225	Non-significant
CD8B2	-0.20071236418550256	0.8181477263002728	0.6543765782258261	1.0229059601508341	0.11396123761975031	0.07819886824701049	0.5336321287408243	-3.29572496898233	1.9357396032313498e-19	Down	0.9206895747817477	-0.28956673245552406	1.1067995323319038	Non-significant
TMEM233	0.18431014437818413	1.202388679362972	0.9792596814938066	1.476358685629574	0.10473078374947964	0.07843376978929978	0.5587944664031621	-0.787726471974279	6.1451827592866e-4	NS	0.9206895747817477	0.2659033312799351	1.1054969108429558	Non-significant
MYOT	0.07794946854122897	1.0810680293452914	0.9910574326604288	1.1792536391510546	0.04435400921124287	0.07884299937988856	0.5760869565217391	-1.40857564976923	0.00107892341998566	Down	0.9206895747817477	0.11245731170436125	1.1032368624575728	Non-significant
S1PR4	-0.17907808609687048	0.836040613699767	0.6845888906201367	1.0209980286450817	0.1019705954017745	0.07905874008647376	0.5497600225861096	-0.548880467720796	0.00443597334148967	NS	0.9206895747817477	-0.2583550667438419	1.1020501110384833	Non-significant
PRR36	-0.18390955965292824	0.8320110477920051	0.677574044226	1.0216483195407906	0.10476053835489985	0.07916984914668214	0.5882269904009034	0.811589758749058	0.00165414868043796	NS	0.9206895747817477	-0.2653254096833526	1.101440182581141	Non-significant
ABCC5	0.13596027397545069	1.1456363811118522	0.984119536809545	1.3336618862196854	0.07753621188179631	0.07951505511201339	0.5146809712027103	0.996044599898065	2.00695827266707e-9	NS	0.9206895747817477	0.19614921302228752	1.0995506357075797	Non-significant
TUBA1A	-0.16298619745244064	0.8496029150183027	0.7079806852373127	1.0195548102638479	0.09303858151717745	0.07980596653034779	0.5465838509316769	-0.754041723765597	3.4327888813689e-6	NS	0.9206895747817477	-0.23513937879798558	1.0979646382941368	Non-significant
LRRC9	0.27846735226794816	1.3211034736596945	0.9673265834937506	1.8042659200081692	0.15902662841631743	0.07993320968296026	0.5239977413890458	0.952867090617871	0.00530204058154659	NS	0.9206895747817477	0.40174346816644885	1.0972727477756345	Non-significant
FCRL1	-0.28989659586503463	0.748340945126007	0.5407382928856593	1.035647331657538	0.16578022394977188	0.08034631374939229	0.5483836815358554	-2.29991046789233	5.8641335565779095e-12	Down	0.9206895747817477	-0.41823238122507744	1.0950340436675559	Non-significant
CPXM1	-0.12891276597220538	0.8790506453294189	0.76067547334689	1.0158471833647258	0.07379507729863671	0.08065434391284693	0.5463015245623941	-0.797499681451454	4.05276059765586e-5	NS	0.9206895747817477	-0.1859818081753802	1.093372237244946	Non-significant
ZC3H12D	-0.21098151722798753	0.8097890338890515	0.6390051654245731	1.0262174938308348	0.12084978380780842	0.08084288512938602	0.5697346132128741	-0.937115902782991	2.65767542614505e-9	NS	0.9206895747817477	-0.304381988624047	1.0923581957330184	Non-significant
CR2	-0.17116661541699213	0.8426811581017135	0.6952920787720378	1.021314000116009	0.09809192953249624	0.08099161534783192	0.5715697346132129	-1.94248406004555	1.41424736427259e-7	Down	0.9206895747817477	-0.24694122722784298	1.0915599391046966	Non-significant
RUBCNL	-0.18790793843465384	0.8286909943111974	0.6709679496145357	1.0234896680936842	0.1077193109092509	0.08108552725891871	0.5523009599096556	-1.05732391978773	5.8641335565779095e-12	Down	0.9206895747817477	-0.27109385092334365	1.0910566549441	Non-significant
POU6F1	-0.24074803447269277	0.7860396563354307	0.5997040869389901	1.0302720204652847	0.13804891391880725	0.08117080145173683	0.5623235460191982	-0.521135049793578	7.22023159242416e-5	NS	0.9206895747817477	-0.34732599543751913	1.0906001659418698	Non-significant
QPRT	-0.15540504747878664	0.8560683589189135	0.7187092784348608	1.0196793851584356	0.08923291369993107	0.0815843387361326	0.5506070016939582	-0.593925565430282	0.00986431129944683	NS	0.9206895747817477	-0.2242020913267593	1.0883932021930385	Non-significant
CFAP94	-0.41370471199524866	0.6611961657387782	0.4150775788275875	1.0532497824202043	0.23754779728875222	0.08158475058751868	0.5824392998306042	-0.582319803181738	0.019162179925535	NS	0.9206895747817477	-0.596849736387942	1.0883910098073963	Non-significant
PLEKHO1	-0.19138049418925968	0.825818309296275	0.6656470604562276	1.0245307468218052	0.11000977348338148	0.08191731290618352	0.558300395256917	-0.529003085860397	1.6162306124351e-4	NS	0.9206895747817477	-0.276103689889724	1.08662430208549	Non-significant
ASXL3	-0.284693521103831	0.7522447661396496	0.5452108374761627	1.0378960748542285	0.1642321914126094	0.08301006277940433	0.5418901750423489	-0.801740108825653	0.00237947971136674	NS	0.9206895747817477	-0.41072593106971433	1.080869257688132	Non-significant
CLDN8	0.09634984586053438	1.1011442273659402	0.9874277657283167	1.2279567696448073	0.05561417466455039	0.08319005261637605	0.5095638057594579	3.3791009572993	5.65424685043363e-16	Up	0.9206895747817477	0.13900344481340904	1.0799286010180842	Non-significant
TCP11	-0.16691912293225827	0.8462680522480902	0.7006073120390987	1.0222125917746763	0.09637350992497488	0.0832731860320398	0.5684994353472614	-1.75421568538111	5.34983442031423e-6	Down	0.9206895747817477	-0.24081339088390424	1.0794948189172517	Non-significant
ANXA13	-0.19599916110028665	0.8220129242643038	0.658294082217172	1.026448916845399	0.11332062971193721	0.08370208168080961	0.5139751552795031	-1.26620826178615	2.7002728576187e-6	Down	0.9206895747817477	-0.2827670177377806	1.0772637409165784	Non-significant
ARHGAP28	-0.13712339935710985	0.871862632205433	0.7463396002543345	1.0184967395233313	0.07931327106488122	0.08382996196983468	0.5570299265951439	-0.621188062872571	0.00386570213493018	NS	0.9206895747817477	-0.19782724824233924	1.076600730862573	Non-significant
ATP1A2	0.06732218076100266	1.0696400401081276	0.9910002013907023	1.1545202652803936	0.03896128847051905	0.084001688216819	0.5578063241106719	-1.0410922868291	0.0107063439446376	Down	0.9206895747817477	0.09712537632572882	1.0757119856538189	Non-significant
ACTC1	0.0489547601980285	1.0501728400540293	0.993432506765441	1.1101539223615746	0.028339252529597708	0.08408612767308488	0.5687817617165443	-1.33153083681167	0.00334436312483974	Down	0.9206895747817477	0.0706267897656041	1.0752756471506164	Non-significant
ABCC3	0.14868618073548018	1.1603088048122925	0.9801842774555848	1.3735340930174598	0.08607345279845764	0.08408980747723582	0.5539243365330322	0.845383646568803	1.67337417735979e-7	NS	0.9206895747817477	0.21450881559579732	1.0752566418317393	Non-significant
EBF1	-0.1890273946711517	0.8277638300662097	0.6679548542602349	1.0258072892137857	0.10944450928331932	0.08414021852669283	0.5443958215697347	-0.637879382299096	7.67885500170224e-5	NS	0.9206895747817477	-0.2727088848842315	1.0749963643797118	Non-significant
ZNF93	-0.17664944344018904	0.8380735252054888	0.6857333709538289	1.024257041294912	0.10235747035661893	0.08438178036443465	0.5564652738565782	-0.660811253549715	9.6736571028889e-4	NS	0.9206895747817477	-0.2548512760269562	1.0737513157129335	Non-significant
GAS1	-0.161056910162875	0.8512436253152723	0.7088739564423423	1.0222067026930277	0.09337959067713417	0.08457164567133747	0.5609824957651044	-0.717500449199184	2.37162536283376e-5	NS	0.9206895747817477	-0.23235600559287897	1.072775218432891	Non-significant
XIRP1	0.07211353986538346	1.0747773672140273	0.9900968474243025	1.1667004011583142	0.04187120552710039	0.08502053857295946	0.5607001693958216	-1.1714679780826	8.507087404303e-4	Down	0.9206895747817477	0.10403784634473742	1.0704761482688776	Non-significant
FAM78A	-0.18184365533039581	0.8337316797305473	0.6778688218946436	1.02543219474749	0.1055926711381386	0.08504708900520652	0.5552653867871259	-0.77947369335095	1.81475421932567e-7	NS	0.9206895747817477	-0.2623449397622839	1.0703405468440217	Non-significant
CHRND	0.07394492146789751	1.0767474981913099	0.9897685992616486	1.171369930028218	0.04297478087676366	0.08531281345398416	0.5568181818181819	-1.66353036084665	1.8878961783392e-4	Down	0.9206895747817477	0.10667997150065965	1.0689857356034218	Non-significant
RFTN1	-0.18484000489355631	0.8312372671085378	0.6732775130649892	1.026256455654676	0.10753140305077524	0.08562534014674922	0.5560417843026539	-0.518740765128816	7.30538173549465e-6	NS	0.9206895747817477	-0.2666677584178254	1.0673976902608282	Non-significant
CHST7	0.16925512721638233	1.1844222787392815	0.9765192526173067	1.4365883013713863	0.0984793300574323	0.08567141209977355	0.5136222473178995	0.659037421892294	1.2185912053981e-4	NS	0.9206895747817477	0.24418353268010545	1.0671640746763056	Non-significant
FAM155A	-0.24708141193578462	0.7810771019439882	0.5892713290780182	1.0353149883191515	0.14377158514905886	0.08569285174131744	0.5572416713721062	-0.920809324706297	3.6420676867653e-6	NS	0.9206895747817477	-0.3564631276955996	1.0670554042002522	Non-significant
METTL27	-0.18100453006015388	0.834431578661982	0.6787725397151974	1.0257870180789492	0.10534105328987466	0.08574710451806841	0.5666290231507622	0.858041701533683	4.5465449929689e-4	NS	0.9206895747817477	-0.2611343378962213	1.0667805361604852	Non-significant
SLC16A9	-0.10014154394638303	0.9047093528406162	0.8070238223691523	1.0142191474775142	0.058297268949020244	0.08583781100886925	0.5601355166572558	1.44063044766052	2.24741611826167e-9	Up	0.9206895747817477	-0.14447370883841093	1.0663213660524806	Non-significant
SC5D	0.21572398186365307	1.2407598595079747	0.9697298145063763	1.5875401642156346	0.12574811161755103	0.08624908480890908	0.5268915866741954	0.578490707522127	1.64098705675282e-6	NS	0.9206895747817477	0.31122391883551287	1.064245504539319	Non-significant
GCLM	0.13401244971293727	1.1434070546456367	0.9808802406469797	1.3328637263108434	0.07822457792208508	0.086680212071964	0.5371964991530209	1.1249225660745	1.10583925473939e-10	Up	0.9206895747817477	0.19333909661823628	1.062080034805253	Non-significant
GRIN2A	-0.15133910305494733	0.8595561711095356	0.7225871307956111	1.0224881952699356	0.08856191660867642	0.08747858790319676	0.5609824957651044	-3.4423934043819	2.37580464271434e-26	Down	0.9206895747817477	-0.21833617346995632	1.0580982360459148	Non-significant
FGF5	-0.16646182868296888	0.8466551342601841	0.6994808438633955	1.024795636160584	0.09742783211596519	0.08753147145397458	0.508505081874647	-1.91924597331738	2.42222272271077e-9	Down	0.9206895747817477	-0.24015365473822747	1.0578357707331247	Non-significant
RETN	0.2398472338616531	1.271054961330962	0.9651162507370558	1.6739752475313108	0.14048929156214396	0.08777970694900475	0.5697346132128741	-0.750654667399972	0.00699171809135583	NS	0.9206895747817477	0.3460264148631424	1.0566058733730528	Non-significant
KLHL38	0.1626791808201082	1.1766591343097204	0.9761706875577429	1.418324413959216	0.09530634509632677	0.08783911867806386	0.5393845285149633	-1.00013593893761	0.00126643745757356	Down	0.9206895747817477	0.234696447425049	1.056312030307164	Non-significant
NSG1	-0.10119640237057802	0.9037555157283275	0.8046082117016999	1.0151201794000402	0.05928854413733938	0.08785071764955403	0.5436900056465274	0.527805468086554	0.0179248965272523	NS	0.9206895747817477	-0.145995547855837	1.056254686417198	Non-significant
C7	0.10749797638984908	1.1134886074774073	0.9841660727425933	1.2598045323050449	0.06299023881139978	0.08789986569689469	0.5513833992094861	-1.08942584838882	0.00259627970657429	Down	0.9206895747817477	0.15508679744323425	1.0560117884887092	Non-significant
MUC4	0.06322833374702377	1.0652700485655806	0.9905335397698996	1.145645483780921	0.03711286854447042	0.08844148156297749	0.5287972896668549	1.43849400363611	1.2724609727913e-4	Up	0.9206895747817477	0.0912192035405034	1.053343990774053	Non-significant
ADIPOQ	0.12743647078725837	1.1359127023091429	0.9809164190964291	1.3154002136653158	0.07485060679111898	0.08865338930336499	0.5266798418972332	-2.26154107361155	0.00233126678717969	Down	0.9206895747817477	0.18385196443316898	1.0523046562547	Non-significant
FILIP1L	-0.14379675873069944	0.8660637500690225	0.733808916174584	1.0221549543085222	0.08454739935199913	0.08898378882846494	0.538466967814794	-0.676348889842564	9.54865696278884e-5	NS	0.9206895747817477	-0.20745487071668683	1.0506891064294708	Non-significant
CA12	0.13955291619848711	1.1497596450179444	0.9787974604193709	1.3505830314939662	0.08213592671658236	0.08931006150693548	0.5606295878035008	0.65006866669038	1.1554310998331e-4	NS	0.9206895747817477	0.20133230014115056	1.0490996115392954	Non-significant
VIL1	0.19512901342060027	1.215467788031725	0.9704774110628164	1.5223043080671033	0.11484709280704884	0.08931294501378327	0.5043407679277245	-0.672778689696982	0.045627803153762	NS	0.9206895747817477	0.281511659995456	1.0490855899287872	Non-significant
PRG4	0.12809633853903488	1.1366625018272842	0.9804976527654649	1.317699883743942	0.0754051436502359	0.08936167169381355	0.519339356295878	-1.27970112460103	7.17049412792125e-5	Down	0.9206895747817477	0.18480395236629937	1.048848715445179	Non-significant
BEND5	-0.20089954074741692	0.8179946025527611	0.648711575106878	1.031452490569804	0.11830193639272102	0.0894713086303608	0.579686617730096	-1.07114535967598	1.23901437740435e-5	Down	0.9206895747817477	-0.2898367711531687	1.048316210507507	Non-significant
STAP1	-0.23152125493581266	0.7933258332342578	0.6072163368268924	1.036477182029856	0.13640500297608893	0.08963851185271092	0.5873447204968945	-1.13808713338028	4.98681422315422e-7	Down	0.9206895747817477	-0.3340145663562863	1.0475053620825436	Non-significant
PLOD2	0.16059956235712888	1.1742146749018207	0.9748103363037465	1.4144085791937755	0.09495680410466896	0.09078128999860972	0.5597826086956521	-0.556251897189711	3.4283462703642e-4	NS	0.9206895747817477	0.23169619218156767	1.0420036502415795	Non-significant
CD28	-0.1655897973129945	0.8473937661050717	0.6994226152005322	1.0266699692400663	0.09791522902014042	0.0908072650631945	0.5566064370412196	-0.885745828472093	1.03122046880157e-5	NS	0.9206895747817477	-0.23889557940526582	1.0418794042252009	Non-significant
ACKR3	0.12662210021520684	1.134988024998062	0.9800505982773017	1.3144197035881104	0.0748856505160694	0.09086112310825747	0.5248447204968945	0.566391926816581	0.00210978554319185	NS	0.9206895747817477	0.1826770760474243	1.0416218992988058	Non-significant
FCER2	-0.26579810666987347	0.7665938820702416	0.5632918643917822	1.0432712012662557	0.15722700606199613	0.09092522266766127	0.5213156408808582	-1.55983684457739	1.11142609004816e-7	Down	0.9206895747817477	-0.38346561037030213	1.0413156267239716	Non-significant
PNMA3	-0.18506953073493562	0.8310464985694112	0.6705052293273668	1.0300266911822724	0.10951948510436209	0.09106009957145984	0.5614412761151892	-1.39019279112197	9.97858182571827e-6	Down	0.9206895747817477	-0.2669988942109392	1.040671879139712	Non-significant
PAPLN	-0.15323367753337608	0.8579292196020274	0.718166899790516	1.0248906571183414	0.09072595713695393	0.09122463484004797	0.5638057594579333	-0.89950718925532	2.61351647838127e-8	NS	0.9206895747817477	-0.22106946667458033	1.0398878663822735	Non-significant
PRKAG3	0.11150703011772384	1.1179616033795872	0.9820479787974163	1.272685422316706	0.06613496202762995	0.09178565269542135	0.5505011293054771	-0.994002952106173	0.0080981352521734	NS	0.9206895747817477	0.16087063937509655	1.037225199432455	Non-significant
SMOC1	-0.1139611054868886	0.89229266049607725	0.7814296378227488	1.0188840471850216	0.06768954098612058	0.09226187212468848	0.5505364201016375	-2.55286079721308	1.9273513174704697e-20	Down	0.9206895747817477	-0.1644111217401583	1.0349777371852356	Non-significant
INSM1	-0.3023858939494287	0.7390528138455744	0.519482071642221	1.051430052102435	0.1798691652827678	0.09273502764581498	0.5727696216826652	-1.9959552264947	4.80280518480324e-10	Down	0.9206895747817477	-0.43625062963561684	1.032756194227121	Non-significant
IRF4	-0.13522507613063575	0.8735192812205993	0.7460783034194748	1.022729023437562	0.08046048041227287	0.09283292335541873	0.563382269904009	-0.96656138320139	1.17514740687358e-5	NS	0.9206895747817477	-0.19508854673750073	1.032297973179816	Non-significant
CASQ2	0.06432333750062659	1.0664371621476199	0.9892595231456368	1.1496358581347108	0.038328209203938264	0.09330329194294618	0.5697699040090345	-1.10026020677234	0.00350187866663126	Down	0.9206895747817477	0.092798960025581	1.0301030331298668	Non-significant
EPHA3	-0.1244106766312818	0.8830171319087025	0.7635745061868842	1.0211436460051684	0.07415131020165226	0.09338718074955826	0.5652526821005082	-0.759031594938915	0.00277476769117101	NS	0.9206895747817477	-0.17948666620959067	1.0297127352455484	Non-significant
EXPH5	-0.14454060135805608	0.8654197744716556	0.7307414241622582	1.0249198434387234	0.08630516208542889	0.09398094760716147	0.5605590062111802	0.578786385813848	7.445677912448e-4	NS	0.9206895747817477	-0.20852800878637615	1.0269601803123598	Non-significant
OTULINL	-0.20171339361124474	0.8173291461314158	0.6454061955504448	1.0350488385785823	0.12049303360192674	0.09411746125865175	0.5761575381140598	-0.571158853361711	7.10098580770831e-6	NS	0.9206895747817477	-0.2910109126438263	1.0263297960755822	Non-significant
P2RY8	-0.15137896074203303	0.8595219118713865	0.719877131657489	1.026255571261218	0.09045868835685163	0.09423685269365947	0.5630293619424054	-0.997339116482311	3.14979728846862e-7	NS	0.9206895747817477	-0.21839367595745618	1.0257792268078367	Non-significant
STYXL2	0.0750129166149379	1.077898073589073	0.9871657648828772	1.1769697637203664	0.04486318256319779	0.09451695841500754	0.5610177865612649	-1.43805884820661	0.00127771692890982	Down	0.9206895747817477	0.10822076280298823	1.0244902625457246	Non-significant
ASPG	-0.09776484162182618	0.9068621349102646	0.8085463197306102	1.0171327376865782	0.058548253918140586	0.09495567081752432	0.5351496329757199	1.37216629132542	1.1004909538093e-7	Up	0.9206895747817477	-0.14104485218110357	1.0224790937893435	Non-significant
GSTM4	-0.14296492606300534	0.8667844699062297	0.7328077680776384	1.0252556673103177	0.08566837982595416	0.09515347335351783	0.5839215132693394	0.814642339275874	6.17529279115221e-6	NS	0.9206895747817477	-0.20625478985215515	1.0215753541900474	Non-significant
ZNF578	-0.33876084808765794	0.7126528610057572	0.4786885566463403	1.0609697960148092	0.20303650627444342	0.09522194620456033	0.5668407679277244	-0.708359719224691	6.9831294565615e-4	NS	0.9206895747817477	-0.4887285955834037	1.0212629463937122	Non-significant
GRM4	-0.179166416769262	0.8359667689316393	0.6772700262488955	1.0318490582383786	0.10740953068271536	0.09530219960878024	0.5466897233201581	-0.84015100732581	0.00173258127569939	NS	0.9206895747817477	-0.2584825009668595	1.0208970755743552	Non-significant
CST7	-0.1493968523245212	0.8612272670290224	0.722551349352628	1.026518608177562	0.08957814470726869	0.09535893280507836	0.5535714285714286	-0.75605640047948	2.90575857421368e-5	NS	0.9206895747817477	-0.2155340979730075	1.020638617916958	Non-significant
SLAMF1	-0.16650006602292688	0.8466227610389252	0.6960126744862383	1.029823343430142	0.09994435809382232	0.0957278327942109	0.5573828345567475	-0.832640369792152	2.48321262545006e-5	NS	0.9206895747817477	-0.24020881955896153	1.0189617730743896	Non-significant
TMEM156	-0.2129073799452517	0.808230992148643	0.6291050459629339	1.0383597156969357	0.12783380385860965	0.09581276353542088	0.5528656126482213	-0.610101975627125	0.0018236051490395	NS	0.9206895747817477	-0.3071604212156769	1.0185766332619888	Non-significant
PRR20G	0.16232181006446356	1.1762387058746444	0.9716000766196682	1.4239783697950883	0.09751853328272668	0.09600802317678771	0.5316558441558441	1.13117663830915	1.8188777245779e-4	Up	0.9206895747817477	0.23418087040812194	1.0176924724207492	Non-significant
MYF6	0.07238115512641322	1.0750650325298006	0.9872306359681343	1.1707140986714746	0.04348689512575067	0.0960253246478309	0.5638057594579333	-1.16009786195686	0.0162819211152122	Down	0.9206895747817477	0.10442393355469122	1.0176142158730368	Non-significant
NPHS1	-0.323074917745983	0.7239196179102574	0.49418272947467295	1.060457158736445	0.1947867500285265	0.09719475086097726	0.537408243929983	-1.23476959077798	7.8776438673625e-4	Down	0.9206895747817477	-0.46609858166773943	1.0123571891238248	Non-significant
OXER1	-0.220627413393964	0.8020154448414859	0.6176224308983097	1.0414595415984704	0.1332935452580532	0.09788403065658674	0.5713579898362506	-1.08179846217314	5.21374521602077e-7	Down	0.9206895747817477	-0.31829807518763115	1.0092881556272284	Non-significant
CALML3	-0.11474411703812841	0.8915942584999205	0.7782045366527119	1.0215056381054994	0.06940013837445475	0.09825555450683734	0.5753105590062112	0.799389638508342	2.15625726065867e-5	NS	0.9206895747817477	-0.16554076862209072	1.0076428890595792	Non-significant
BRINP2	-0.4018020256588153	0.6691131998235673	0.4155093672965411	1.0775027217583986	0.24309022941412495	0.09835273657384591	0.5492659514398645	-1.15896467982545	8.0329945484719e-4	Down	0.9206895747817477	-0.5796777898371128	1.0072135517346161	Non-significant
RDH13	-0.21355005609879035	0.8077117282405765	0.6269536956990562	1.0405844010696066	0.12925366870793878	0.09849828842649473	0.5406549971767363	0.545016217223478	4.56682803086173e-6	NS	0.9206895747817477	-0.3080876069152848	1.0065713160342356	Non-significant
TIFAB	-0.17213699593949783	0.8418638333413585	0.686273164581358	1.032729750289086	0.1042583114233798	0.09872579856869605	0.5757693393562959	-0.756665378494761	0.00306864128026333	NS	0.9206895747817477	-0.2483411903954371	1.005569344675992	Non-significant
KCND2	0.15977965121903517	1.1732523177889258	0.9705382827363935	1.4183067537697136	0.0967793711828119	0.09874509586173828	0.5471837944664031	-0.546558118373115	0.0237016377880256	NS	0.9206895747817477	0.23051331044867016	1.0054844642389558	Non-significant
FXYD2	-0.3310623736403551	0.7181603733667045	0.4846831040108487	1.0641062533565442	0.20061471784818924	0.098893918078428	0.5488777526821005	-1.82962931699061	1.43982331459621e-8	Down	0.9206895747817477	-0.4776220446758695	1.004830416453347	Non-significant
DEPP1	0.14204231009904067	1.1526254152008104	0.9734091815210203	1.364837493818268	0.08622253298316684	0.09947750092872913	0.549124788255223	-0.728269656777652	3.13773467773963e-5	NS	0.9206895747817477	0.20492373637629824	1.0022751336000868	Non-significant
GUCY2C	-0.173297938730708	0.8408870447004345	0.6840440856201118	1.0336921798015781	0.10532590071716257	0.09989771693199324	0.5647939017504235	0.940176482008916	0.00164931947532847	NS	0.9206895747817477	-0.25001607680307186	1.0004444370509669	Non-significant
NAMPT	0.15715218094530056	1.1701736784881094	0.9703411294105042	1.41115984505188	0.09554245482432062	0.10000253117798479	0.5592179559570865	0.80155140358564	9.508660539457761e-9	NS	0.9206895747817477	0.22672267211467007	0.9999890073728058	Non-significant
ZG16B	-0.1052802267112746	0.9000722629528158	0.7939482826695846	1.0203814230985027	0.06400971105160438	0.10002055695413677	0.534373235460192	0.854395914488002	0.00770305129530128	NS	0.9206895747817477	-0.15188726098002173	0.999910731457669	Non-significant
MCF2	0.20426320630530154	1.2266209653435785	0.961557581914812	1.5647518369354505	0.12421862666115269	0.1000967681772926	0.5613354037267081	-1.03852157786398	0.00132788662691066	Down	0.9206895747817477	0.29468951477273786	0.9995799443531137	Non-significant
PNMA6E	-0.23714018566906653	0.788880690498286	0.5946194740098454	1.0466067309304914	0.1442339931086232	0.10014827762267543	0.5005293619424054	-1.50442305897049	0.0146956532630087	Down	0.9206895747817477	-0.34212096986025037	0.9993565154208303	Non-significant
GRM6	-0.41283650565301155	0.6617704697144374	0.40424988990582034	1.0833401950662145	0.25147683891213424	0.10066292778576819	0.5514186900056466	-0.635767869241158	0.0291694723338743	NS	0.9206895747817477	-0.5955971794035282	0.9971304422807032	Non-significant
AFF3	-0.19128065922660714	0.825900758951952	0.6572715869100925	1.0377933220026987	0.11652117803978389	0.10067382936897215	0.566699604743083	-0.891309108194968	1.3611848653849e-4	NS	0.9206895747817477	-0.27595965848419785	0.9970834116490289	Non-significant
SIM2	-0.11885273122214876	0.8879385567596367	0.7704633248303261	1.0233256472707748	0.07240464336793566	0.10069220861978675	0.5675465838509317	-1.25464296433002	2.83402166167208e-5	Down	0.9206895747817477	-0.1714682459303029	0.9970041330644951	Non-significant
KLHL41	0.05442243442465078	1.0559305693750403	0.9894958379766554	1.1268257273528843	0.0331547697171511	0.10070067423483188	0.5580533596837944	-0.935226395477502	0.0368286552173952	NS	0.9206895747817477	0.07851497625754852	0.9969676216461166	Non-significant
MYPN	0.06787643671313416	1.0702330587938826	0.9868134735202209	1.1607044602354022	0.04140416763964557	0.10113780202837246	0.5642292490118577	-1.42596255596375	4.4393825611402e-4	Down	0.9206895747817477	0.09792499863925215	0.9950864888814621	Non-significant
IQANK1	0.2139684074574861	1.2385835241726932	0.9589076728212802	1.5998298791775023	0.13057836401074951	0.10129228298396142	0.5292913608131	0.508282727346427	2.19576490141507e-5	NS	0.9206895747817477	0.30869116034582433	0.9944236403765954	Non-significant
ASB5	0.06481705014281594	1.066963805651253	0.9873601639296429	1.1529853078525918	0.03956064965253223	0.10133363277998643	0.5617236024844721	-1.11820766078769	0.0193805895458596	Down	0.9206895747817477	0.0935112368060917	0.994246387744097	Non-significant
ACTA1	0.04216977554507809	1.04307155176026	0.9917057528585252	1.0970978629048738	0.025765071064267408	0.10169248959447529	0.5568181818181819	-1.74288916854224	9.88776119308733e-5	Down	0.9206895747817477	0.06083812605428471	0.9927111203134327	Non-significant
LYL1	-0.2194294993674888	0.8029767660674437	0.6173609898375318	1.044399787900126	0.13412075742249116	0.10182719765928609	0.553218520609825	-0.529275672786955	1.5955782639463e-4	NS	0.9206895747817477	-0.316569850562224	0.9921362080919367	Non-significant
FCER1A	-0.1253092364199936	0.8822240445927734	0.7592301660833948	1.0251427032631106	0.07660399027726848	0.10188027925368894	0.5760163749294184	-0.911065617924217	4.5956911059028e-4	NS	0.9206895747817477	-0.18078301396070745	0.9919098733062833	Non-significant
SLC36A2	0.1590368024751774	1.17238109241283	0.9689652248156191	1.4185002625957446	0.09722798960432244	0.10190027923035606	0.5577357425183512	-0.84540058130649	0.0311010795508007	NS	0.9206895747817477	0.2294416062497761	0.9918246259245189	Non-significant
GFPT2	0.13986138143125992	1.1501143606003772	0.9725376541842218	1.3601149906825631	0.08556681043004637	0.10214794874835963	0.5772162619988707	-0.587302252682327	0.00155419332874214	NS	0.9206895747817477	0.20177732140275836	0.9907703500908873	Non-significant
USH1G	-0.11676946518538367	0.8897902971619005	0.7733459344215352	1.023767938362121	0.07156220447569624	0.10273852932533487	0.5424195369847544	1.0862458560286	1.91462423635369e-7	Up	0.9206895747817477	-0.1684627283502094	0.9882666553769451	Non-significant
MMP19	-0.15328515348731334	0.8578850580136774	0.713563736128302	1.0313959853907158	0.0939804839165928	0.10288361950304717	0.5477837380011292	-0.874607325747216	2.05507448198382e-8	NS	0.9206895747817477	-0.22114373077805063	0.9876537654292855	Non-significant
FAM83D	0.1798246228777793	1.197007416996405	0.9643169607266183	1.4858462670456012	0.11028767138691917	0.10299476481642204	0.5312676453980802	0.511131329477922	6.42101405725168e-5	NS	0.9206895747817477	0.25943209165550013	0.9871848497523236	Non-significant
SCUBE2	-0.1386409194550505	0.8705405665227518	0.7365782797262732	1.0288667190178102	0.08525607841364845	0.10391339036042355	0.586533032185206	-0.656534224932146	0.00976123909528233	NS	0.9206895747817477	-0.20001656696208753	0.9833284853115362	Non-significant
BCL2	-0.15415175999412095	0.8571419312860463	0.7117352010719755	1.0322550988938317	0.09484744965943781	0.1041071841950567	0.5550536420101637	-0.981069174541775	2.48595231412196e-7	NS	0.9206895747817477	-0.22239397968782404	0.9825192998015326	Non-significant
CALML5	-0.06175566523701444	0.9401125609110105	0.872635824144671	1.0128069496217869	0.03800136124929331	0.10414319786494254	0.5566770186335404	0.810410897604885	0.0127832428000952	NS	0.9206895747817477	-0.08909459198423961	0.9823690908261088	Non-significant
LCE3D	-0.05574736749277106	0.9457780399891794	0.8842479028316986	1.0115897341246236	0.03432229144454382	0.1043262825212647	0.5344438170525128	1.02813242767469	0.00508337687403864	Up	0.9206895747817477	-0.08042645062443544	0.981606267642043	Non-significant
CLEC9A	-0.24609284149844135	0.7818496334642527	0.5807025173740855	1.0526712577593276	0.15174964050000944	0.10486696427565297	0.5395962732919255	-0.759082561970361	0.00133672233423957	NS	0.9206895747817477	-0.3550369220280751	0.9793613039172281	Non-significant
EMX2	-0.19933221910272017	0.8192776684243893	0.6437359768375481	1.0426881860422883	0.12303001156862914	0.10519107674378132	0.53222049689441	-0.925611209894657	4.93746663095949e-5	NS	0.9206895747817477	-0.28757560398888676	0.9780210993961731	Non-significant
HSPB7	0.05560437735196886	1.0571793568956622	0.9883020955319013	1.1308568480215777	0.0343737135711439	0.1057396806933439	0.5645115753811406	-1.00002967644904	0.0158872041773448	Down	0.9206895747817477	0.08022015945740392	0.9757620053866305	Non-significant
ZFR2	-0.14857454005379467	0.8619357560382644	0.7199357883802856	1.0319437643303004	0.09184797022822247	0.10574586278760097	0.547077922077922	-2.61520904778638	1.85764251129661e-10	Down	0.9206895747817477	-0.21434775213796817	0.9757366150041105	Non-significant
ATG9B	-0.1278105990287717	0.8800200400115591	0.7537196571680416	1.0274845076108796	0.07904440580255931	0.10588976501050204	0.5375494071146245	0.689547666583511	0.00575731488609101	NS	0.9206895747817477	-0.18439171739185678	0.9751460154758445	Non-significant
MRO	0.29180254070709233	1.3388386254085107	0.939909902250831	1.9070858393907995	0.18050015228790345	0.10595747871017427	0.5441487859966121	-0.510897871937435	0.0141745679657209	NS	0.9206895747817477	0.42098207839692203	0.9748683844186552	Non-significant
CLSTN2	0.09083037082246677	1.0950832314347017	0.9808384563761252	1.222634854877269	0.05621423509195204	0.10613983245429175	0.5518774703557312	-0.606972745538525	0.036521932402759	NS	0.9206895747817477	0.13104052554767837	0.974121602256228	Non-significant
ASB10	0.13513324236598703	1.1446892953006549	0.9715363451024245	1.3487025877943555	0.08368002840812981	0.10633658557528447	0.5316558441558441	-1.18980470071563	0.0161809233135186	Down	0.9206895747817477	0.19495605862065588	0.9733172888179629	Non-significant
ZNF471	-0.17088110178645527	0.8429217894086726	0.6848911216660335	1.0374161973826561	0.1059276087098359	0.10670376292440513	0.5611236589497459	-0.798150984531456	3.8047860720622e-4	NS	0.9206895747817477	-0.24652931812896117	0.97182026484461	Non-significant
FMOD	-0.13438843207798282	0.8742504117374619	0.7424820586735649	1.0294037054424705	0.08335262342087536	0.106899289724491	0.562111801242236	-0.504988687258381	0.00356211157838111	NS	0.9206895747817477	-0.19388152451174903	0.9710251803829804	Non-significant
FUT4	-0.22658227183404533	0.7972537480866908	0.6051762544083991	1.0502949086454691	0.14064200368942312	0.10716731908292468	0.5383258046301524	-0.666410818577854	4.15732688913868e-8	NS	0.9206895747817477	-0.3268891199283323	0.9699376335410549	Non-significant
CACNA1G	-0.18596748199507682	0.8303005942617608	0.66174471194545	1.0417900806561533	0.11577148800547546	0.10820091442846454	0.5463721061547149	-0.643985902005764	0.00221828935458569	NS	0.9206895747817477	-0.268294364040905	0.9657690689008162	Non-significant
CLDN7	0.10691203260298782	1.1128363568558761	0.9767285322277295	1.2679109049017911	0.0665617111841859	0.10822795351157243	0.5238565782044042	0.680349611665763	0.00162402769888949	NS	0.9206895747817477	0.15424145924768978	0.9656605535741655	Non-significant
BCAR3	0.15292551247261602	1.165238179999217	0.9668094416886992	1.4043925902877938	0.09524633015119974	0.10836643116642665	0.5901326933935629	-0.530122564398009	7.223961914053e-4	NS	0.9206895747817477	0.2206248784696464	0.9651052290245127	Non-significant
SCNN1D	-0.09775276963481028	0.9068730826042625	0.8047287799857888	1.0219825715276158	0.06096908357179202	0.10886467980505508	0.5396668548842463	0.809569401134085	0.00274097087180795	NS	0.9206895747817477	-0.1410274359853021	0.9631130004449313	Non-significant
SLC12A3	-0.27954729730846684	0.7561259642464442	0.5371117766763193	1.064445984307947	0.17449389952442745	0.10914538258631873	0.5635587238848109	-0.658555718066719	0.00800690211950052	NS	0.9206895747817477	-0.40330149952083766	0.9619946324669766	Non-significant
GPR31	-0.33926499484291534	0.7122936699283722	0.4702738833583283	1.0788655083221808	0.21182788657436866	0.10924257438875024	0.5438311688311688	-0.955055573623959	0.00217193844013942	NS	0.9206895747817477	-0.4894559256070937	0.9616080739144481	Non-significant
SMIM10	-0.24489342239164044	0.782787961465051	0.5800567998337947	1.0563741219656164	0.1529292525073371	0.10929918322200508	0.5559006211180124	-0.677256314710889	2.9736028265214e-5	NS	0.9206895747817477	-0.35330652603074586	0.9613830834620221	Non-significant
SCAND1	-0.1868989163743269	0.8295275838032987	0.6598974055523746	1.0427621119597272	0.11672254572412105	0.10932736273996051	0.5436900056465274	0.510722213272865	0.00210140028399665	NS	0.9206895747817477	-0.26963813980076246	0.9612711280801661	Non-significant
CRYGN	0.30872680651648393	1.3616903147635737	0.9329796875046752	1.9873964440534826	0.1929110223626199	0.1095190620206559	0.5454545454545454	-0.77149535831411	0.00383442443914243	NS	0.9206895747817477	0.44539863275081776	0.9605102843864632	Non-significant
CTSF	-0.13996659100407263	0.869387280269729	0.7324287734561626	1.0319559668965332	0.08746211194154185	0.10952957945840736	0.5669113495200452	-0.577257550479858	9.7902655033411e-4	NS	0.9206895747817477	-0.20192910673170933	0.9604685798120647	Non-significant
SMTNL1	0.09318545305370596	1.0976652817717898	0.9792324376292195	1.2304219350864265	0.0582519347616598	0.10966578811035135	0.543160643704122	-0.838810374129572	0.0076035469667	NS	0.9206895747817477	0.1344381910035728	0.9599288359826498	Non-significant
PPARGC1A	0.10756582377486155	1.1135641573305668	0.9759459314010303	1.2705879420094544	0.06730425511572805	0.10999793411889279	0.5460897797854319	-0.811785573627125	0.00324267555540495	NS	0.9206895747817477	0.15518468052912898	0.9586154712889593	Non-significant
MGAT3	-0.12272799348440822	0.8845042207537532	0.7608395331180466	1.0282690139995925	0.07684060229746784	0.11022640067371789	0.5462309429700734	-1.46399952301844	6.437664842313331e-9	Down	0.9206895747817477	-0.1770590675782087	0.9577143737808262	Non-significant
SPINK5	-0.06834585286423854	0.9339374127854523	0.858757332379956	1.0156991481901703	0.04281866648879628	0.11045093753154836	0.5462309429700734	1.1634897549373	5.98854513854323e-5	Up	0.9206895747817477	-0.09860222299256373	0.9568305933910071	Non-significant
KRT3	-0.11417630461194274	0.8921006605560968	0.775327589464026	1.0264610719125586	0.0715795490895096	0.11069060685705745	0.5534302653867871	1.34206813835695	6.83970456247966e-5	Up	0.9206895747817477	-0.16472158845067747	0.9558892315443139	Non-significant
SLC23A1	-0.23510195840433268	0.7904902483954519	0.5920783076908913	1.0553922085835545	0.14745904527654036	0.11085670889757676	0.5359260304912479	0.54005516523133	0.0081746061474723	NS	0.9206895747817477	-0.33918042949321403	0.9552380188415023	Non-significant
HAAO	-0.16463678580497734	0.8482017270528812	0.6927584371623076	1.0385238651477156	0.10328614804863247	0.1109389281345885	0.5661349520045172	-0.634872654885489	0.00115248492737066	NS	0.9206895747817477	-0.2375206744287393	0.9549160344864095	Non-significant
NUDT8	-0.15121834977211085	0.8596599716059787	0.7137643643838378	1.0353770847323716	0.09489156161951853	0.11102764514656882	0.5491953698475438	0.689885654044009	3.17410185786577e-5	NS	0.9206895747817477	-0.21816196330763699	0.9545688713056104	Non-significant
PLAT	0.11831453168626789	1.125598091961292	0.9730113958782712	1.302113284586243	0.07432484351494972	0.11141681119926283	0.5414313946922642	0.703707414205259	3.0705049886065e-4	NS	0.9206895747817477	0.17069178812887886	0.9530492754079148	Non-significant
BFSP2	-0.3506103444266153	0.7042581184992679	0.4572138230209029	1.0847867507484645	0.22040903425800334	0.11167129075899594	0.5755928853754941	-0.872925026170531	9.4724613712442e-4	NS	0.9206895747817477	-0.5058238051886493	0.952058464015322	Non-significant
SHISAL2A	-0.2337295343052555	0.791575881066252	0.5933288890211217	1.056062475770512	0.1470827437517449	0.11203728647026978	0.5696640316205533	-1.08280292041674	1.27092152176511e-7	Down	0.9206895747817477	-0.33720044005147887	0.9506374182817023	Non-significant
OTOP3	-0.07640686965944132	0.9264391898685821	0.8431084628472034	1.0180061170610055	0.04808904521407755	0.11209149044243186	0.5493365330321852	2.18154784118755	6.11162749946734e-8	Up	0.9206895747817477	-0.11023181194752533	0.9504273561309117	Non-significant
TTC39A	-0.11959078146867269	0.8872834552675682	0.7655812398630052	1.028332316675407	0.07527136349179633	0.11210663594503144	0.5515245623941276	1.21741068008961	6.95011113586093e-10	Up	0.9206895747817477	-0.17253302736088974	0.9503686793852971	Non-significant
RASGRP2	-0.18978869837086895	0.8271338902180819	0.6543779161197245	1.0454974953985554	0.11953359577061655	0.11234433585162508	0.5443958215697347	-0.749007442431463	4.41453452554675e-6	NS	0.9206895747817477	-0.2738072139564239	0.9494488188424881	Non-significant
NEXMIF	-0.16612776041753216	0.8469380221216073	0.6899013663921402	1.039719658864314	0.1046340035156956	0.11235342974240158	0.5669466403162056	-0.829518800219698	0.0256932528045475	NS	0.9206895747817477	-0.23967169610836342	0.9494136656083206	Non-significant
GPR37L1	0.18300454231953342	1.2008198625759607	0.9579048683172136	1.5053356445406814	0.11531403251653276	0.11251034134435818	0.5244918125352909	1.15753501136647	1.42821563071772e-7	Up	0.9206895747817477	0.2640197456645454	0.9488075577092324	Non-significant
WDR19	-0.27793249095391537	0.757347947626077	0.5372003572498995	1.067713202406919	0.17523365789693707	0.11272389317812907	0.5362083568605307	-0.52436961373932	6.15186745777418e-9	NS	0.9206895747817477	-0.4009718264011303	0.9479840202838969	Non-significant
MGST1	0.06129953553017156	1.0632173378641967	0.9856369945877849	1.1469040972917222	0.038657183469690944	0.11280244945087273	0.5357142857142857	1.31822613682255	2.8293236887161e-4	Up	0.9206895747817477	0.08843653591817523	0.9476814697547344	Non-significant
KEL	-0.1852388983161259	0.8309057581528602	0.660858777955001	1.0447078891317838	0.11682674504807007	0.11283316291876028	0.5369494635798984	-0.878930904055791	0.00272569015850338	NS	0.9206895747817477	-0.26724323998040983	0.9475632376231486	Non-significant
KLK12	-0.06859557929120977	0.9337042130516228	0.8577929510101053	1.0163333196475284	0.04326454252844578	0.11285462866118351	0.5256211180124224	2.22430201099897	2.7434929725317496e-11	Up	0.9206895747817477	-0.09896250207033393	0.947480623907562	Non-significant
LILRA4	-0.16344581158741978	0.8492125152329432	0.6936970180787039	1.0395920369178258	0.10320300637305174	0.11325492263734692	0.5545948616600791	-0.707484038537229	0.0249097026998988	NS	0.9206895747817477	-0.23580246183124232	0.9459429122486931	Non-significant
SCN1B	0.11177718341337056	1.1182636651908064	0.973737812099548	1.284240592639256	0.07060863507592341	0.11340947576127902	0.5397374364765669	-0.703726019782685	0.00180160966167769	NS	0.9206895747817477	0.16126038819500588	0.945350657092955	Non-significant
HOPX	-0.08814909170662895	0.9156243545487658	0.8208780038117022	1.021306399671971	0.05573147483953241	0.11372373664901768	0.5434782608695652	1.24550151765296	1.79423859616762e-7	Up	0.9206895747817477	-0.12717225746402008	0.9441488790256649	Non-significant
ZBTB46	-0.22506595001014534	0.7984635583431452	0.604113181862141	1.055338756285383	0.14231269737767357	0.11376629691638938	0.5432665160926031	-0.696105797735681	1.23291101124731e-8	NS	0.9206895747817477	-0.3247015299526001	0.9439863779332538	Non-significant
SLC30A2	0.1796299084199223	1.196774365036183	0.9578441667105078	1.4953046963020638	0.11362458170066753	0.1138992797331344	0.5456662902315077	-0.709926452567367	0.0363312690424177	NS	0.9206895747817477	0.25915117807276056	0.9434790222678204	Non-significant
SLC14A1	-0.25265287023571953	0.7767374637237703	0.5675801569638222	1.0629707190247868	0.16006438183990107	0.11446334661156961	0.565817334839074	-0.744426136822878	7.1307108985496e-4	NS	0.9206895747817477	-0.36450104295543545	0.9413335605970296	Non-significant
DHCR7	0.12514262876567223	1.133310084158358	0.9701309914578626	1.3239364149421795	0.07932125480573547	0.11464183382798572	0.535643704121965	0.773218403051932	5.6854488073993e-5	NS	0.9206895747817477	0.18054264992404379	0.9406568755154129	Non-significant
SLC7A10	-0.3394824620873994	0.7121387862283856	0.46708075905455954	1.085768662098965	0.21519305758131882	0.11466405476603353	0.5671583850931676	-0.814245419388539	0.0224813594982142	NS	0.9206895747817477	-0.4897696645222666	0.9405727047087558	Non-significant
FOXL1	0.12825646796106505	1.1368445295103502	0.9693439180460338	1.333288898003106	0.08132408487858513	0.11477179953056718	0.5573828345567475	-0.7667726597074	4.5646822065836e-4	NS	0.9206895747817477	0.18503497028936286	0.9401648089134438	Non-significant
LGALS9	-0.1381940748924377	0.8709296497648279	0.7334856490262331	1.0341285556799724	0.08763077950202412	0.1147946438306852	0.5693111236589498	-0.560788268790139	9.5528066017739e-4	NS	0.9206895747817477	-0.19937190652755785	0.9400783750830313	Non-significant
NPAS4	-0.4003157781330348	0.6701084070402085	0.40720027552382065	1.1027627046870627	0.2541548533095662	0.11523657072920973	0.5609119141727837	-1.08648755264447	3.0119728108251e-4	Down	0.9206895747817477	-0.5775335879021358	0.9384096741641067	Non-significant
ESR1	-0.13802763776682384	0.871074616855965	0.73355837697765	1.0343702859164325	0.08766511082491689	0.11537474541145132	0.545313382269904	-0.753406898395305	5.7345807076004e-4	NS	0.9206895747817477	-0.1991317885118149	0.9378892442890984	Non-significant
HS3ST1	0.15269392577402666	1.1649683575808882	0.962944525018224	1.4093763855597268	0.0971718881259623	0.11609449424440155	0.5576651609260305	0.551463961330721	0.00133590228707131	NS	0.9206895747817477	0.22029076948805565	0.9351883760923768	Non-significant
LAIR2	-0.24455938606787098	0.7830494847546972	0.5771345602563608	1.0624324686122257	0.15567655799693358	0.11619531183377767	0.5697346132128741	-0.887443477609188	1.85987153891066e-5	NS	0.9206895747817477	-0.35282461348296695	0.9348113941986528	Non-significant
TNFRSF17	-0.15118846002713077	0.8596856670073122	0.7118550802859622	1.038216157368599	0.09627343597764096	0.11632049784382298	0.5685700169395822	-1.4283483318363701	2.89813574803055e-6	Down	0.9206895747817477	-0.21811884152078082	0.9343437477302017	Non-significant
IL17REL	-0.20923828292861094	0.8112019170435771	0.624732221316328	1.05332897481844	0.13326463449350617	0.11639275569972403	0.5472190852625636	-2.87262266959103	6.207651880886389e-20	Down	0.9206895747817477	-0.30186703314522884	0.9340740493900974	Non-significant
ST6GALNAC1	-0.10694007724868755	0.8985795167339725	0.7862673511105316	1.0269346002392397	0.06812284655757853	0.11645880291268701	0.57128740824393	0.876829381089238	4.9667257921687e-4	NS	0.9206895747817477	-0.15428191911896416	0.9338276783451699	Non-significant
SCN9A	0.08873540627555608	1.0927914723041812	0.9781585901239598	1.2208584722334264	0.056541279152148224	0.11655672952756596	0.5328910220214569	1.90853326616169	6.91057409956684e-10	Up	0.9206895747817477	0.12801813058501227	0.933462646962654	Non-significant
ZFP2	-0.3537901468141724	0.7020222735091384	0.4512240094046336	1.0922186369320415	0.22551497096544953	0.11669221221762636	0.5613001129305477	-0.605800547057667	7.44502806532505e-5	NS	0.9206895747817477	-0.510411290324185	0.9329581268489625	Non-significant
KRTCAP3	0.09748746484512821	1.1023976227517844	0.9759304969038227	1.245253143030482	0.062170209809841094	0.11686395633815187	0.5307029926595144	0.989953099926428	2.1204674396686e-5	NS	0.9206895747817477	0.14064468208090375	0.9323194150756987	Non-significant
ATP5ME	-0.14463058340635834	0.8653419057311543	0.7221676844221504	1.0369013041806199	0.09228094760070438	0.11704799258194475	0.5353613777526821	0.747195979130552	2.9575856640827e-4	NS	0.9206895747817477	-0.20865782544123082	0.9316360302207543	Non-significant
NECAB1	-0.19146664046976822	0.8257471711847391	0.6496406133419742	1.049593231574432	0.12238456062077338	0.11770787159716425	0.556253529079616	-0.93737343667518	1.64562004893374e-5	NS	0.9206895747817477	-0.2762279727014048	0.9291944931726893	Non-significant
TNFAIP8L2	-0.1640881428706932	0.8486672146188321	0.6909331938621823	1.042410536310909	0.10491213053539068	0.1178050990601379	0.5595002823263693	-0.731796367231832	2.49130646108005e-5	NS	0.9206895747817477	-0.23672914998822878	0.9288359111978631	Non-significant
CD3D	-0.11730310401176582	0.8893155971824318	0.767557903302576	1.030387711453444	0.07512293872424694	0.11841010714458307	0.5485601355166573	-0.99227207621065	2.28912324471893e-6	NS	0.9206895747817477	-0.16923260643865673	0.92661122590889	Non-significant
ARSF	-0.2249305911602182	0.7985716447671732	0.6020300209998861	1.0592771947933624	0.14414416653284942	0.1186522229208905	0.541501976284585	1.15297846532294	0.00268981425435454	Up	0.9206895747817477	-0.3245062484110698	0.9257241209676442	Non-significant
C1QTNF4	-0.2826444603359239	0.7537877416632476	0.5283891757191919	1.0753361075355223	0.18126747941448595	0.11893311855911733	0.5805335968379447	-0.707976017813761	0.0189895803917517	NS	0.9206895747817477	-0.40776976126137476	0.9246971932813373	Non-significant
ZNF829	-0.1644917008979318	0.8483247972492046	0.6897200949569021	1.0434014709588426	0.10560281918970511	0.11931743044741498	0.5473955392433654	-0.768632561269172	5.4072101050691e-4	NS	0.9206895747817477	-0.23731136115283694	0.9232961079291896	Non-significant
SNX20	-0.14239402117011585	0.8672794626846348	0.7248181732478323	1.0377411800039997	0.09155292206766896	0.11987005733613833	0.5555477131564088	-0.794888571764444	6.88188286541952e-6	NS	0.9206895747817477	-0.20543114819436423	0.9212892869403271	Non-significant
EMILIN3	-0.16325321890389421	0.8493760831006171	0.691412350114909	1.0434290484158215	0.10498441394778008	0.11994049965764969	0.58886222473179	0.677729375563044	0.00983323579609013	NS	0.9206895747817477	-0.23552460932180846	0.9210341462760608	Non-significant
ANXA9	-0.13736011118604657	0.871656276431572	0.7330373675906777	1.0364883126487636	0.08836819941450878	0.12008746319170445	0.5244212309429701	0.843386419464983	6.36740997030896e-5	NS	0.9206895747817477	-0.19816875122406605	0.920502329406901	Non-significant
FAM3D	-0.0936744736020736	0.9105791315448526	0.8090430968442368	1.0248580799208191	0.06032183189329177	0.12044425067995966	0.5351849237718803	1.59531682893434	8.71389873664922e-7	Up	0.9206895747817477	-0.13514369852359565	0.9192139259069088	Non-significant
CYP1B1	0.08306115148904449	1.0866082542293454	0.9784579066091935	1.2067126139856894	0.053490096589135346	0.12046319600193117	0.5264680971202711	-1.44136585209669	7.65584684380472e-7	Down	0.9206895747817477	0.11983191134377147	0.9191456187713645	Non-significant
LGALSL	-0.1227837622447598	0.8844548944252829	0.757385596233825	1.0328430645667228	0.07913360656486591	0.12075778678179505	0.5518068887634104	1.19828787104819	1.10364325725288e-10	Up	0.9206895747817477	-0.17713952489220447	0.9180848552155332	Non-significant
BX276092.9	-0.2697185075136968	0.7635944101758848	0.5429915136759359	1.0738223500116146	0.17395374758688664	0.1210171115204048	0.5317617165443252	0.860665769058949	0.00976312254170427	NS	0.9206895747817477	-0.3891215532259829	0.9171532171755296	Non-significant
HTN3	0.14282957070034694	1.153533189058674	0.9628426260520903	1.3819899350694993	0.09219295516187977	0.12132258574142171	0.521386222473179	2.15151756564963	0.00403278267944604	Up	0.9206895747817477	0.2060595133416901	0.9160583421689569	Non-significant
AKR1C3	0.0695123312887017	1.0719852800832406	0.9815887539516807	1.1707066081277775	0.04494734315992124	0.1219770679570232	0.5263975155279503	3.3965566364436	1.86601445410064e-46	Up	0.9206895747817477	0.10028509563084075	0.9137218102748403	Non-significant
GPR55	-0.21601531925844955	0.8057229587006927	0.6127163836600537	1.0595268928496295	0.13971573070133303	0.12207898774073385	0.5785926030491249	-0.674577391691436	0.00152883703272433	NS	0.9206895747817477	-0.31164422985021145	0.9133590804740257	Non-significant
KCNA2	-0.15405286277771557	0.8572267044289597	0.7049952564420734	1.0423298824656895	0.09975251760130147	0.1225034148275014	0.542666572557877	-2.19236802238195	3.68111436732615e-12	Down	0.9206895747817477	-0.2222513011641583	0.9118518050131617	Non-significant
ZNF329	-0.1482403211241574	0.8622238794295273	0.7143507646260666	1.0407072478569535	0.0959919930423505	0.12251595947766926	0.5511010728402033	-0.534962389286438	3.0872532945e-4	NS	0.9206895747817477	-0.2138655761456094	0.9118073344698382	Non-significant
DTHD1	-0.1785766554453212	0.8364599352109595	0.6667485544610392	1.0493689390578302	0.11569887523606419	0.12271905993594522	0.5278091473743647	-0.61223688583653	0.0199477182972983	NS	0.9206895747817477	-0.257631655229502	0.911087980205682	Non-significant
SPINK7	-0.05739728268946663	0.9442188730286312	0.8778406647079238	1.0156162912321858	0.03719093563803577	0.12275466680340738	0.5304912478825523	2.45463784307071	6.37936318075079e-9	Up	0.9206895747817477	-0.08280677509659545	0.9109619881789952	Non-significant
GCOM1	-0.1026142986081106	0.9024749922221912	0.7921107268049543	1.0282162379894058	0.066552137074257	0.12310681252880096	0.5278797289666854	0.920662114298224	6.8202140461387e-4	NS	0.9206895747817477	-0.1480411397262204	0.9097179132603871	Non-significant
LCE2A	-0.10977284256894046	0.8960376537918519	0.7792834512043078	1.0302842640531211	0.07122967174527879	0.12328973242368238	0.5328557312252964	1.15012576772739	0.0287313544089408	Up	0.9206895747817477	-0.1583687355984952	0.9090730899688371	Non-significant
MAN1C1	-0.1582213771091096	0.853660780093252	0.6980197194438967	1.0440059315945895	0.1026991055678329	0.12340673393106677	0.5594297007340485	-0.507532163635044	0.00364517008600256	NS	0.9206895747817477	-0.22826519611793494	0.9086611415239151	Non-significant
HCN4	-0.37095980804663914	0.6900716763300586	0.43036792087519543	1.1064925970889745	0.24089983380944927	0.12358659902318206	0.5288678712591757	-1.68518001025378	2.02261632870786e-7	Down	0.9206895747817477	-0.5351818754380082	0.9080286189382529	Non-significant
PLA2G4D	-0.07893451303932998	0.9241004389927118	0.8357114265912213	1.0218379145894196	0.051295532338346064	0.12384861733222446	0.5304912478825523	1.08610089738797	0.00171108985301204	Up	0.9206895747817477	-0.11387843051682654	0.9071088375911613	Non-significant
GABRR1	0.13398085457081363	1.1433709291079388	0.9639718135273255	1.35615695727196	0.08708021157310468	0.12390410762251258	0.5265739695087521	0.731214939058818	0.0188001422987972	NS	0.9206895747817477	0.19329351446337834	0.9069142958174737	Non-significant
SLAMF7	-0.1090909071382162	0.8966489020074554	0.7802062171838691	1.0304701959093767	0.07097380727149766	0.12427893816656839	0.539455110107284	-0.532944059094117	0.00912981219650078	NS	0.9206895747817477	-0.15738491073438293	0.9056024659929407	Non-significant
ANO4	-0.1496183577226324	0.8610365216667185	0.7114338131931573	1.0420981936693983	0.09737655073588584	0.12441759093122995	0.5404079616036137	-1.55679288369565	1.88804081395465e-7	Down	0.9206895747817477	-0.2158536627123927	0.9051182120546126	Non-significant
CD19	-0.14428653677184528	0.865639674921831	0.7200668085330711	1.0406423930653346	0.09394292258835835	0.12456394747218008	0.56292348955392435	-1.69708378729766	2.93794144147858e-9	Down	0.9206895747817477	-0.20816147106778427	0.9046076372878762	Non-significant
SNX22	-0.21326907513181315	0.807938711750546	0.6154085086221441	1.060701879807652	0.1388800595519669	0.1246279341230526	0.5388198757763976	-0.828100746409888	5.8395090960619e-6	NS	0.9206895747817477	-0.30768223706764264	0.9043846039384568	Non-significant
IL1A	0.08539623760932927	1.0891485428240322	0.976429642671588	1.2148796969027431	0.055740217803879735	0.12551258942733595	0.5724872953133823	0.768112762183082	0.00340215809190088	NS	0.9206895747817477	0.1232007285095549	0.9013127104809042	Non-significant
ATP8A2	-0.16780510560618522	0.8455186054637576	0.6820918647043605	1.0481018015003563	0.10958661858982378	0.12570627434448675	0.5218097120271034	-1.16330523960145	1.02757045663487e-9	Down	0.9206895747817477	-0.24209159369389227	0.9006430449458395	Non-significant
EML5	-0.15442339167238278	0.8569091360034605	0.7031236046344314	1.044330274970603	0.10091980668985408	0.12597727615165275	0.585544889892716	0.758599795161763	0.00655090548288582	NS	0.9206895747817477	-0.22278586136300074	0.8997077860885069	Non-significant
SEMA3A	0.10232658001784734	1.107745180102043	0.9715578297558249	1.2630224845676001	0.06693034501387804	0.12630118171105925	0.5547713156408809	-0.569482256750571	0.0220338835747128	NS	0.9206895747817477	0.14762604954287617	0.898592586038562	Non-significant
RNASE2	0.2180639721453638	1.2436666250964283	0.9401602280883068	1.6451522072187275	0.1427418754543522	0.12659189704081747	0.5352907961603613	-0.66888573822543	0.00161380309897958	NS	0.9206895747817477	0.3145998112106654	0.8975940919733469	Non-significant
ZNF568	-0.16610482418696712	0.8469574479101333	0.6843960438191871	1.0481313050371195	0.10873347417835984	0.12660372741902504	0.5474308300395256	-0.641946243262186	7.3076015126349e-4	NS	0.9206895747817477	-0.2396386061222706	0.8975535077966726	Non-significant
CARMIL2	-0.16059882233788839	0.8516336589841437	0.6928978422058553	1.0467342296892952	0.10524371049277484	0.12701715270694489	0.5532891022021457	-0.721379465272366	3.54346921129899e-5	NS	0.9206895747817477	-0.23169512455947922	0.8961376268947076	Non-significant
C8G	-0.19985767381697708	0.8188472881937933	0.6333678819191866	1.0586436422235281	0.1310463772772413	0.12723635746937825	0.5409373235460192	-1.26605503460408	5.2733766861383e-7	Down	0.9206895747817477	-0.28833367489935696	0.8953887723970602	Non-significant
ALDH1B1	0.1430498919965123	1.1537873649852137	0.9598527164535117	1.3869057833353517	0.09389219398895514	0.12761999044358496	0.5479249011857708	-0.727391053493608	4.04588917138244e-7	NS	0.9206895747817477	0.20637736978307003	0.8940812922343802	Non-significant
CYP27A1	-0.11577443452629065	0.8906761064183386	0.767229265174511	1.0339854885020447	0.07612138659698206	0.12828025979184993	0.5465838509316769	-1.12713151326334	6.92288513697727e-7	Down	0.9206895747817477	-0.1670272025528034	0.891840169214032	Non-significant
PRND	-0.15662588355612383	0.8550238774817169	0.6987386377433943	1.0462650719085433	0.10298792912188826	0.12830554735528527	0.5483483907396951	-0.783512111659759	0.0148047116712694	NS	0.9206895747817477	-0.225963385481272	0.8917545662773894	Non-significant
RGS16	0.13135874079115123	1.140376807618569	0.9626817168318008	1.3508714672946613	0.08642565682786836	0.12853499077617103	0.5088932806324111	-0.575341687284329	0.00276332846667951	NS	0.9206895747817477	0.1895106039168128	0.8909786292790342	Non-significant
IGFL4	0.15876390716139505	1.1720611987574683	0.9549819858270123	1.4384852007895716	0.10450534319238602	0.12871363065819294	0.5050465838509317	-0.762878582402554	0.0132373913799315	NS	0.9206895747817477	0.22904790153390028	0.8903754592635983	Non-significant
WNK3	-0.16861386886520807	0.8448350575323236	0.6796518915453593	1.0501644787786335	0.11100238011453135	0.12875965360178585	0.5713932806324111	-1.17569446358108	1.54974115163917e-5	Down	0.9206895747817477	-0.2432583924369377	0.8902202003542038	Non-significant
SLC6A8	0.15859529511659104	1.1718635917820368	0.9548614513363922	1.4381817129828847	0.1044837164828965	0.12904090856235464	0.5270327498588367	0.518711121057087	3.864284448702e-4	NS	0.9206895747817477	0.22880464577302764	0.8892725877902978	Non-significant
FGF7	0.10493411214064227	1.110637430422084	0.9698924379229165	1.2718064948482513	0.06913607371465136	0.12906708853148738	0.5309147374364765	-0.83943077639407	0.00223423440337569	NS	0.9206895747817477	0.15138792320539102	0.8891844865590477	Non-significant
COL6A6	-0.14020296493725423	0.8691818040643997	0.7249979189682056	1.042040244186929	0.0925443176577425	0.1297769913400303	0.5674054206662902	-0.994561255470109	3.7956214251854e-4	NS	0.9206895747817477	-0.20227012223290586	0.8868022984433215	Non-significant
PDE6B	-0.16062341692909926	0.8516127136600115	0.6917726449303296	1.0483852164180472	0.10606037143909071	0.12991105926104302	0.5534302653867871	-0.57979058046268	0.0144203721728484	NS	0.9206895747817477	-0.2317306070542518	0.8863538760893919	Non-significant
BIK	0.12267609260942615	1.1305181784431886	0.9644049066718613	1.3252435185145413	0.08108319272883652	0.13028836176230774	0.5332439299830605	0.616866944130149	0.00149657250634112	NS	0.9206895747817477	0.17698419044325428	0.885094376675364	Non-significant
DNAJC6	0.14552683666379	1.1566487747599712	0.9578506849724862	1.3967066152822882	0.0962212635069232	0.13042738489918299	0.5647939017504235	-0.571373366277846	0.00333468359739925	NS	0.9206895747817477	0.20995084557110805	0.8846312133436703	Non-significant
FLT3	-0.1862515144899947	0.8300647954012955	0.6520523045776361	1.056675300014308	0.12315480587511178	0.13044826683380573	0.5517363071710898	-0.803960618324116	2.8557578394162e-4	NS	0.9206895747817477	-0.26870413631277423	0.884561686663528	Non-significant
SYPL2	0.08295355694638418	1.0864913474005617	0.9757112313351178	1.2098491951978425	0.054869458661191806	0.13057589453361315	0.5578063241106719	-1.19105117928472	3.8382020029433e-4	Down	0.9206895747817477	0.11967668523064863	0.8841369902684426	Non-significant
DNAH8	-0.3479253550748518	0.7061515848793394	0.449687607902625	1.1088810366675261	0.23024748946153997	0.1307647739889386	0.5356084133258046	-0.556856489542435	0.0387273394247462	NS	0.9206895747817477	-0.5019501843660203	0.8835092324844058	Non-significant
TMEM54	-0.15017206846840386	0.8605598884628112	0.7082288962405164	1.0456553320010664	0.09939767813697924	0.1308341423104332	0.5206098249576511	0.680031307301806	9.09415232213813e-6	NS	0.9206895747817477	-0.2166524984594041	0.8832789082890592	Non-significant
DENND2A	-0.1556465949612225	0.8558616027337469	0.6993406989914316	1.0474137771337582	0.10304814424234188	0.1309347618121264	0.5275268210050819	-0.895019455840945	1.27227367902213e-6	NS	0.9206895747817477	-0.2245505706818088	0.8829450374906475	Non-significant
ATP5MC3	0.22468532698477334	1.2519287060221587	0.9352844431521239	1.6757741416932679	0.1487730937751617	0.1309783381180103	0.5571710897797855	0.6157655669589	3.24664543671094e-12	NS	0.9206895747817477	0.32415240700144765	0.8828005242962577	Non-significant
LHX8	-0.1543473119201137	0.8569743319182579	0.7013633729472822	1.0471105761919304	0.10223751672031867	0.13112165694016992	0.5515245623941276	-0.522764011359496	0.0251949488576675	NS	0.9206895747817477	-0.22267610148169	0.8823255713699403	Non-significant
OR51E2	-0.2655160535103877	0.7668101327923881	0.5431914702202623	1.0824871375735128	0.17591004472770025	0.13120032150984035	0.5384316770186335	1.12461385052865	1.1599472424198e-4	Up	0.9206895747817477	-0.3830586936758449	0.8820651007089984	Non-significant
NEB	0.050344671179424726	1.0516335016764504	0.9849995908775645	1.1227751078180301	0.03339792203255549	0.13170322303205018	0.5446781479390175	-0.965207299794795	0.018769494279122	NS	0.9206895747817477	0.07263200744574147	0.8804035968840247	Non-significant
GUCY1A2	-0.1456447964533039	0.8644647095873723	0.7152169234915743	1.0448567554495007	0.09669799947568103	0.13202043181271989	0.5369847543760587	-0.594094983764152	0.00151612383495339	NS	0.9206895747817477	-0.21012102557446408	0.8793588510907602	Non-significant
FAM110C	0.1413278612342744	1.1518022173828086	0.9582470771413041	1.3844533206672396	0.09386778921262527	0.13216847156928196	0.5344438170525128	0.591908881549132	1.6833245027867e-4	NS	0.9206895747817477	0.20389300454213122	0.8788721322673466	Non-significant
PTX3	0.1013703833860996	1.1066864641429779	0.9698552057250643	1.2628224529677698	0.0673373977799943	0.13221873253551183	0.563382269904009	-1.25659889805608	7.36698806693567e-6	Down	0.9206895747817477	0.14624654940413873	0.8787070103536321	Non-significant
LTA	-0.20830736106430914	0.8119574342536995	0.6189394822569015	1.0651685567640152	0.13849255348848905	0.13255429796507207	0.5451722190852626	-1.10420854842728	7.19522862581754e-9	Down	0.9206895747817477	-0.3005239967881455	0.8776061860579895	Non-significant
SEPTIN1	-0.15913408895190614	0.8528819892494068	0.6931218127606484	1.0494658719350052	0.10582614371171695	0.13265055610232748	0.5494071146245059	-0.782398379263719	1.57881979194749e-6	NS	0.9206895747817477	-0.22958196096729824	0.8772909250132317	Non-significant
IGLL1	-0.3166073430601894	0.7286167954053546	0.48222615062625857	1.1008993059735992	0.21058281835406903	0.13271495897309502	0.5542419536984755	-0.849409849411483	0.036520797588281	NS	0.9206895747817477	-0.45676784374196605	0.8770801228527907	Non-significant
LRRC14B	0.1545790874024035	1.1671665825805724	0.9541399239378071	1.4277547740278902	0.10282027449821132	0.13273821571978647	0.5308441558441559	-1.05440719724179	0.00364259365093658	Down	0.9206895747817477	0.2230104828205892	0.8770040244840848	Non-significant
IPCEF1	-0.1794931175862925	0.8356937025131588	0.6612692110820898	1.0561265407735048	0.11944154475071377	0.1328984782150828	0.5450310559006211	-0.772473594490176	1.31541908891938e-5	NS	0.9206895747817477	-0.2589538306154438	0.8764799920187133	Non-significant
NDUFA4L2	-0.07546725261016081	0.9273100970220335	0.8403590459775321	1.0232578802537262	0.05023499969811688	0.13302369510611176	0.5408667419536985	0.542955921399775	0.0331394124182008	NS	0.9206895747817477	-0.10887623109019372	0.8760709925873759	Non-significant
CBLN3	-0.2210911075327534	0.8016436411887434	0.6006263118994422	1.0699373549354887	0.14729413896404964	0.1333509873715237	0.5242094861660079	-0.62731609726749	1.15286900783393e-5	NS	0.9206895747817477	-0.31896704442215196	0.8750037643129367	Non-significant
SIPA1L2	-0.1311169118224946	0.8771152232571516	0.739093457787415	1.0409118180704087	0.08735568120218529	0.13336730368696195	0.5586533032185206	0.500659972455354	0.00149069190096626	NS	0.9206895747817477	-0.18916171846298846	0.8749506289562234	Non-significant
C8orf88	-0.19344943409179324	0.8241115070883582	0.639970823027537	1.0612355308676655	0.1290244415662846	0.13378961466852551	0.5482778091473743	-0.976318364499979	3.0037230004962e-4	NS	0.9206895747817477	-0.2790885392270065	0.8735775970853991	Non-significant
CKM	0.043333695844261076	1.044286310717021	0.9867467692095224	1.105181119188855	0.02891662036094775	0.13398417831131568	0.5519127611518916	-1.3749061957335	0.00166369188334742	Down	0.9206895747817477	0.062517308097906	0.8729464828126207	Non-significant
RET	-0.11087449835792243	0.8950510722598143	0.7742076307630993	1.034756556408287	0.07400170990543807	0.13406326795824491	0.528020892151327	-0.869329816702196	1.5955782639463e-4	NS	0.9206895747817477	-0.15995808894202612	0.8726901983472258	Non-significant
DGKG	0.11157650477290164	1.1180392760745945	0.9661453923141815	1.2938133667969833	0.07450006856131937	0.13421905496540715	0.5148927159796726	0.76045418415973	9.4593297200388e-4	NS	0.9206895747817477	0.16097087011558894	0.8721858233706712	Non-significant
KHDC1L	-0.28972149441482	0.7484719921836837	0.5122774877366559	1.093568108094176	0.1934562783269074	0.13423536308598774	0.5538890457368718	1.46591957948755	1.77340406538421e-5	Up	0.9206895747817477	-0.41797976323120034	0.8721330581613036	Non-significant
LMOD3	0.06335005079254351	1.0653997179799017	0.9804365493264835	1.1577256680724535	0.042402513238188604	0.135171329041599	0.5554771315640881	-1.27884562244784	7.2010742807161e-4	Down	0.9206895747817477	0.0913948041184666	0.8691154160828367	Non-significant
CYP26A1	0.09252950967599748	1.096945511589321	0.9714534955821638	1.2386485414568	0.0619865419057523	0.1355064451137558	0.5294678147939018	2.63658532928695	3.14979728846862e-7	Up	0.9206895747817477	0.13349186474544894	0.8680400478835101	Non-significant
IL12B	-0.2660110053719283	0.7664306925997753	0.540373959100096	1.087054615913054	0.1783108565441418	0.13574148152046883	0.5548771880293619	-0.655448326716994	0.0141861670525561	NS	0.9206895747817477	-0.38377275827196844	0.8672874151073249	Non-significant
ARRDC5	-0.3668933280689255	0.6928835523289419	0.42766672754344975	1.1225741591954872	0.246187040387169	0.1361445379092985	0.5480660643704123	-0.677489599559573	0.0012503366674411	NS	0.9206895747817477	-0.5293151849402863	0.865999777779293	Non-significant
HHIPL1	-0.1438341830944754	0.8660313387906762	0.7167476933039001	1.0464076644744327	0.09653096224891261	0.13621593014283673	0.5508187464709204	-0.674036413230666	2.4445776562569e-4	NS	0.9206895747817477	-0.20750886266071492	0.8657720997024542	Non-significant
TMEM150C	-0.14024370005188055	0.8691463985651084	0.7225171796007077	1.045532872389514	0.09427233494581909	0.1368447287344565	0.5743929983060418	-0.849755122845135	4.79989794264969e-5	NS	0.9206895747817477	-0.2023288905807673	0.8637719269760296	Non-significant
COL28A1	0.10087968948973643	1.1061435530623056	0.9682798152758024	1.2636363380484057	0.06791648145020054	0.13745135250193521	0.5219508752117448	0.808204513678477	0.0125783052673975	NS	0.9206895747817477	0.14553862775326123	0.8618509824029985	Non-significant
ABCB4	-0.2183635641383586	0.8038331436309892	0.6024750386628883	1.072488785981434	0.14711774410999137	0.13773530477733034	0.5529361942405421	-0.516769595362244	0.00350054453393441	NS	0.9206895747817477	-0.3150320310932491	0.8609547256490265	Non-significant
OXTR	-0.21916102703077012	0.8031923720569876	0.6010646018889185	1.0732922626006733	0.14790671400889951	0.13840637131795044	0.5371964991530209	-0.719239819468246	4.65754573334677e-5	NS	0.9206895747817477	-0.316182526853424	0.8588439173609123	Non-significant
CSF2RB	-0.12007579417229669	0.8868532158642701	0.7565895926411785	1.039544601377842	0.08105175880231126	0.1384812254086888	0.5546301524562394	-0.693449227609546	2.1443404976565e-4	NS	0.9206895747817477	-0.17323275278317637	0.8586091020804025	Non-significant
SLC16A12	-0.36509301496338387	0.6941320832048427	0.4281941936754078	1.1252355964909166	0.2464766963108514	0.13854060607392843	0.5089285714285714	-0.999868184237216	1.53344137812663e-7	NS	0.9206895747817477	-0.526717882150874	0.8584229167858914	Non-significant
GNGT2	-0.20656786870546817	0.813371057142946	0.6187073446102279	1.0692817571360975	0.13957146097149822	0.13886921899495874	0.5652879728966685	-0.622603192082877	9.85201346488775e-5	NS	0.9206895747817477	-0.29801443978838144	0.8573940069770657	Non-significant
APOBEC2	0.06624243442978982	1.0684857234958132	0.9787214900153658	1.1664827562910132	0.044771534680584445	0.1389891418061867	0.5505011293054771	-1.27076648216997	0.0026135580431258	Down	0.9206895747817477	0.09556763164827023	0.8570191266369216	Non-significant
IGF1	0.1551543400482374	1.167838191399185	0.9508521494015326	1.434340809082596	0.1048749052281741	0.13902731426036877	0.5035996612083569	-0.914773561091343	2.9679608167146e-4	NS	0.9206895747817477	0.22384039695999186	0.856899866888411	Non-significant
CBLN2	-0.13166769478644064	0.8766322561520002	0.7360857707356012	1.0440143568570384	0.08915517698765861	0.13971924358422763	0.5316205533596838	-1.01026586542322	0.014193876994583	Down	0.9206895747817477	-0.18995633031367945	0.8547437742230911	Non-significant
PLA2G2C	-0.380413976367038	0.6835783653413916	0.41232418028516393	1.1332815389086277	0.2579289320116671	0.1402450655841579	0.5275621118012422	-0.798006152612261	0.00127876359188803	NS	0.9206895747817477	-0.548821357189577	0.8531124101236436	Non-significant
LRRC2	0.0876846450207766	1.0916438124293897	0.9714836968255887	1.2266661984234173	0.05949876512613902	0.14055643029980333	0.540619706380576	-1.04727581647105	0.00373149618423604	Down	0.9206895747817477	0.12650220253358355	0.8521492811142394	Non-significant
LSAMP	-0.1164039549748502	0.8901155840449638	0.7624375847110191	1.039174574873573	0.07899669392605978	0.14060832879738325	0.5645821569734613	-0.908839179446028	1.0061832011176e-4	NS	0.9206895747817477	-0.16793540858207856	0.8519889535436975	Non-significant
ZNF831	-0.13476362110298404	0.8739224641028988	0.7303676780330924	1.0456931436512418	0.09155453029345711	0.1410345858774053	0.5463721061547149	-0.983357102638706	7.27711638348298e-5	NS	0.9206895747817477	-0.1944228078575144	0.8506743723529394	Non-significant
AGBL1	0.09604801667651752	1.1008119200548545	0.9686100013250426	1.2510575790846168	0.06527734244342889	0.14118738306816753	0.5443605307735743	-0.927573781965551	0.0059877542177166	NS	0.9206895747817477	0.13856799734643233	0.8502041114194617	Non-significant
CFAP58	-0.18570835423392956	0.8305157760744177	0.6483324172141555	1.0638932066243634	0.12635098009730822	0.14162089576615738	0.4976708074534162	-0.645121627518393	0.0018232424084551	NS	0.9206895747817477	-0.2679205217049412	0.8488726629851258	Non-significant
PRTG	-0.25279937760203847	0.7766236742993369	0.5542671259054147	1.0881834828232781	0.1720996695749176	0.14185648952764437	0.5285855448898927	-0.57294420900918	0.00194504142005092	NS	0.9206895747817477	-0.36471240840627744	0.8481507916863944	Non-significant
OCA2	-0.12086377103848386	0.8861546713010876	0.7541677446223211	1.0412406352143757	0.08228553839630158	0.14187790358944077	0.5612648221343873	-0.991246452047396	0.014357556083387	NS	0.9206895747817477	-0.17436956310035978	0.8480852373572995	Non-significant
UNC45B	0.06367138755618475	1.0657421250883112	0.9789067091514716	1.1602804093275452	0.043363205241975934	0.1420152793996236	0.5502540937323546	-1.33031284120078	0.00120523855478338	Down	0.9206895747817477	0.0918583950738269	0.8476649274341235	Non-significant
KLRF1	-0.25675872549286194	0.773554830312064	0.5489919927221775	1.0899741406646442	0.17495867270851237	0.14222941056909877	0.5550536420101637	-0.84534369597337	4.1075386763331e-4	NS	0.9206895747817477	-0.3704245399735226	0.8470105897723793	Non-significant
GLTPD2	-0.2574301784899918	0.7730355989420443	0.5481246893714915	1.0902337530478812	0.1754227663308922	0.1422443213828493	0.5635234330886505	0.558634396051018	1.3273801161142e-4	NS	0.9206895747817477	-0.3713932418826719	0.8469650623059659	Non-significant
XKR4	-0.19160311093818197	0.825634488770582	0.6391576655079948	1.066516676297194	0.1306151583581756	0.14239548038340485	0.5445369847543761	-2.73706028163613	4.49598316640649e-16	Down	0.9206895747817477	-0.2764248579694131	0.8465037949386112	Non-significant
LIF	0.09703630977364848	1.101900382648124	0.9678717421188338	1.2544889993606265	0.06617060777235459	0.14252399698654233	0.5450310559006211	-0.770565242797454	0.00126085022162469	NS	0.9206895747817477	0.13999380289660787	0.8461120066630181	Non-significant
ROPN1	-0.25794822562670094	0.772635233776406	0.5473292789740506	1.0906875027619785	0.1758993850067536	0.1425248472040776	0.5350084697910784	-1.14366104795785	0.00747358100711234	Down	0.9206895747817477	-0.3721406259177489	0.8461094159155619	Non-significant
TMEM37	-0.14105350737009892	0.868442842361877	0.7191997679293002	1.0486557477917815	0.09620718167322774	0.14260927267292223	0.5757340485601355	0.67827521947555	5.6295839321322e-6	NS	0.9206895747817477	-0.2034971955828366	0.8458522350749202	Non-significant
KCNH3	-0.18076564348792162	0.8346309369726346	0.6553278863499026	1.0629927635642749	0.12339713238242946	0.14294558405961877	0.5513833992094861	-0.608299534831264	0.00238578007680087	NS	0.9206895747817477	-0.26078969742312696	0.8448292565225908	Non-significant
FMNL3	-0.20207412780156953	0.8170343607364393	0.6234153635139027	1.0707871279613006	0.13799648441079332	0.1431003689158541	0.5474308300395256	-0.579244410697318	1.17116329712641e-8	NS	0.9206895747817477	-0.291531342071287	0.8443592466181887	Non-significant
ATP2A3	-0.13489426579652067	0.8738082982281465	0.7293789614985541	1.0468370797035706	0.09217902993327587	0.14335952099843713	0.5680406549971767	-0.642265079769522	3.50668004277538e-5	NS	0.9206895747817477	-0.19461128830899807	0.8435734587706994	Non-significant
VIM	-0.1356235400358121	0.8731712846531973	0.7281312440745462	1.0471025636483433	0.09268049214620275	0.1433729846651398	0.5376199887069453	-0.803889777099237	8.5877712212864e-8	NS	0.9206895747817477	-0.19566340863747195	0.8435326737460234	Non-significant
FCMR	-0.1649676806044841	0.8479211079427293	0.679819971015939	1.0575891205731711	0.11273655307365146	0.1433846223952728	0.525197628458498	-0.632947670599398	2.26746677232253e-5	NS	0.9206895747817477	-0.2379980547150436	0.84349742305445	Non-significant
TSNAXIP1	-0.2913359175264013	0.7472646165709159	0.5057579900616044	1.104094088777245	0.1991674796938402	0.14353073242926442	0.5618294748729531	-0.528610976077568	0.00274059808013919	NS	0.9206895747817477	-0.4203088834481753	0.843055098961776	Non-significant
CRYBB2	-0.3196799922498805	0.7263814475778942	0.4731822075292966	1.1150673017490615	0.21867481190170465	0.14376951146346123	0.5401962168266516	0.61579427971148	0.00902531693962206	NS	0.9206895747817477	-0.46120073949032486	0.84233320301475	Non-significant
LHX1	0.10641952707080699	1.112288413737297	0.9643252076852331	1.2829546562450371	0.07283104030905932	0.14396504213269015	0.5866389045736872	-0.71229696250093	0.0214618140270292	NS	0.9206895747817477	0.15353092395880205	0.8417429513213117	Non-significant
KRT78	-0.058227696127813706	0.9434351064579133	0.872526857304805	1.0201059057902682	0.039865093367312865	0.14412014401476653	0.536914172783738	1.12837351927984	0.00106597641923588	Up	0.9206895747817477	-0.08400480844598628	0.841275312572317	Non-significant
S100B	-0.1280351097066078	0.8798224882929317	0.7409000142475688	1.0447936239981064	0.08768247170784829	0.1442314663590298	0.5660643704121965	-0.845245431897541	8.36147571585336e-6	NS	0.9206895747817477	-0.1847156178333974	0.8409399811194053	Non-significant
TMC8	-0.16248545233981648	0.850028456060576	0.6832592892498242	1.0575024554822217	0.11142827519643006	0.1447835902593829	0.547077922077922	-0.551921436383508	1.4309944949213e-4	NS	0.9206895747817477	-0.23441695630725334	0.839280658191712	Non-significant
MYOG	0.05920915024145161	1.0609971253406858	0.9798236527135292	1.1488954128262137	0.04060881760569454	0.1448304014510107	0.5630999435347261	-0.987377513513708	0.0345781300570766	NS	0.9206895747817477	0.08542074742859188	0.8391402655105971	Non-significant
IQCG	-0.1366606177062857	0.8722662076101002	0.725870079908091	1.048188040805931	0.09373826111547738	0.1448692649420105	0.5595002823263693	-0.597652214272186	0.00116460313554872	NS	0.9206895747817477	-0.1971595954496809	0.8390237434586382	Non-significant
IL15	0.13890076698581616	1.1490100746131255	0.9532184092500137	1.3850174721249924	0.09531399010398424	0.1450344865361644	0.5491953698475438	-0.665140578676283	3.96554295547652e-5	NS	0.9206895747817477	0.20039144770611034	0.838528718237093	Non-significant
DDX43	-0.14578453860644466	0.8643439158677242	0.7104194531879496	1.05161873248972	0.10006059661840708	0.14512672750595002	0.5596767363071711	-0.844340737460238	0.00887910193712629	NS	0.9206895747817477	-0.21032263088580339	0.8382525976283136	Non-significant
HHATL	0.08457189211685516	1.0882510780934456	0.9711415125807162	1.2194828391429866	0.05809034008408972	0.1454289948558101	0.5514539808018069	-1.26439556113988	0.00687788812979476	Down	0.9206895747817477	0.1220114493555835	0.8373489975312784	Non-significant
SSC5D	-0.10417362155302815	0.9010688388681197	0.7831390628448581	1.0367571877077801	0.07156834294030749	0.14550809176950746	0.5446781479390175	-0.76859534733614	4.9461342839241e-4	NS	0.9206895747817477	-0.1502907672059974	0.8371128546977942	Non-significant
CLEC4F	-0.2778236117658289	0.7574304115449343	0.5209869999623709	1.1011806981259895	0.1909252316948288	0.1456295359164451	0.5426312817617165	-1.04030606865824	4.1777773867647e-5	Down	0.9206895747817477	-0.400814746936422	0.8367505344690227	Non-significant
SLC25A10	-0.1476261939110534	0.8627535572057939	0.7071626614356571	1.0525777746241727	0.10146532000273771	0.1456852145872667	0.5350084697910784	0.917528895655798	1.59005464266351e-7	NS	0.9206895747817477	-0.21297957786078925	0.8365845220048398	Non-significant
SLFN11	0.13447062459774198	1.143931055073935	0.9542944561443302	1.3712520808825208	0.0924780388547334	0.1459236545842668	0.5287267080745341	-0.754449259582456	8.57485676097817e-7	NS	0.9206895747817477	0.19400010325240374	0.8358743021933889	Non-significant
FLNC	0.06245245539088467	1.064443849148025	0.9784413952373533	1.1580056950822355	0.042983872379988776	0.14624385135978177	0.5579474872953134	-0.8960773556446	0.00507104869736602	NS	0.9206895747817477	0.09009984768376837	0.834922384231439	Non-significant
GALNT16	-0.14102435790743584	0.8684681573730432	0.718005580071509	1.0504611124273036	0.09706993693253242	0.14627599158661594	0.5504658385093167	-0.979561050094455	1.3565203866129e-4	NS	0.9206895747817477	-0.2034551417976079	0.8348269491793976	Non-significant
ZNF582	-0.25106504263067697	0.7779717685828788	0.5544457613841935	1.0916127687602282	0.17282013974475738	0.1462922394082856	0.5649703557312253	-0.616341848653781	0.00148387187195124	NS	0.9206895747817477	-0.36221029194385385	0.8347787119577599	Non-significant
OCLN	0.10794699183577502	1.1139886933257601	0.9629494818781329	1.288718496880283	0.07433877390298163	0.14647508003281998	0.530067758328628	0.931854544768462	3.78992431061454e-5	NS	0.9206895747817477	0.15573458980035396	0.8342362560253264	Non-significant
WNT5B	-0.10453709096831468	0.9007413874170221	0.7821803862655949	1.037273576852958	0.07200785433240714	0.14657233462267213	0.5622529644268774	-0.879655412464202	1.81414531687524e-5	NS	0.9206895747817477	-0.15081514272894606	0.8339479945962817	Non-significant
CD274	0.101444922517538	1.1067689586652867	0.9650649761119162	1.269279849736242	0.0699016771479738	0.1467098064067129	0.5529361942405421	-0.646522015739344	0.00224424476466822	NS	0.9206895747817477	0.14635408663941724	0.8335408559864141	Non-significant
KLRB1	-0.16098605917859646	0.8513039389005999	0.6849534951730565	1.058054892039894	0.1109297292293341	0.14671204112860722	0.5460544889892716	-0.70355160715664	0.00144111800631496	NS	0.9206895747817477	-0.23225378922921838	0.8335342407503951	Non-significant
MYOM2	0.07964743555191864	1.082905206487125	0.9724605778597584	1.2058932906234883	0.054885282391285345	0.14673475859936408	0.538961038961039	-0.599908473080567	0.0442528650154974	NS	0.9206895747817477	0.11490696029027625	0.8334669980868433	Non-significant
TRPV2	-0.14505202415034177	0.8649772922314919	0.7108766224100542	1.0524832192956102	0.10010610831788064	0.14734239989175063	0.5464426877470356	-0.580109516596035	1.9836230705332e-4	NS	0.9206895747817477	-0.20926583591260428	0.8316722606976656	Non-significant
MB	0.04722035658253761	1.0483529951123707	0.9833572881539612	1.1176446400517288	0.032655250232122	0.14816977451326221	0.5487718802936195	-1.46559493920632	1.8258150476424e-4	Down	0.9206895747817477	0.06812457427063562	0.8292403800334176	Non-significant
PROX1	-0.13969757256592572	0.8696211929400118	0.7194473293886763	1.0511416031705851	0.09672340345382681	0.14865471928863366	0.5407961603613778	-0.800096939137676	5.1893384614757e-5	NS	0.9206895747817477	-0.20154099516508714	0.8278212988473487	Non-significant
FBLN7	-0.1405522379554024	0.8688782753226602	0.7179918490787013	1.0514735763315444	0.09732057619711122	0.14867734521364748	0.5499717673630717	-0.846256383506137	2.75051217654488e-6	NS	0.9206895747817477	-0.2027740166841046	0.8277552022800856	Non-significant
SIAH2	0.22300226652482869	1.249823406488556	0.9233476287137689	1.6917339676093814	0.15446801836162632	0.1488292324946188	0.5314088085827215	0.516180798819203	3.6491720310265203e-9	NS	0.9206895747817477	0.32172426402236937	0.8273117578746791	Non-significant
TLR10	-0.1537141526833928	0.8575171049448895	0.6959919362434533	1.0565288862999833	0.10648310557478177	0.148864367370424	0.5400903444381705	-1.28814993853883	2.3177730089505104e-9	Down	0.9206895747817477	-0.22176264579077978	0.82720924386186645	Non-significant
ST8SIA5	0.15311250754577732	1.1654560941717398	0.9466553441198042	1.4348283310067582	0.10609006399570202	0.14895530767042536	0.5341261998870694	-0.84257211963089	0.00366679144629689	NS	0.9206895747817477	0.22089465533436697	0.8269440171155454	Non-significant
ITIH3	0.17699838192326314	1.1936291617419972	0.9385743864811676	1.5179943074117657	0.12265100220269154	0.14899064845739	0.5440782044042913	-0.927108281165999	2.28169473881485e-5	NS	0.9206895747817477	0.2553546878460624	0.8268409896468306	Non-significant
SARDH	-0.169003992524142	0.8445055316705803	0.6712992606157825	1.0624018747883037	0.11711248714052695	0.1489947989883485	0.5606295878035008	-0.689315569384052	4.1637554477365e-5	NS	0.9206895747817477	-0.24382122190501504	0.826828891386947	Non-significant
GNAO1	-0.14516544099532488	0.8648791947990808	0.7100500248076773	1.0534694675898537	0.1006418559288733	0.1491906059927485	0.5357848673066065	-0.578614727594706	6.1686899481117e-4	NS	0.9206895747817477	-0.20942946183241457	0.8262585219970888	Non-significant
KCNH4	-0.2697953287861058	0.7635357521348122	0.5290990347129069	1.1018482487015053	0.1871382982417983	0.14938997323276562	0.5469014680971203	-0.701611970321244	0.00509441835768369	NS	0.9206895747817477	-0.38923238289472223	0.8256785505514976	Non-significant
BTLA	-0.1907161209204406	0.8263671432009729	0.6376002899071767	1.0710199888107843	0.13231241897621845	0.14946957588775228	0.5319028797289667	-1.10789463298761	3.93048945910862e-7	Down	0.9206895747817477	-0.2751452018694994	0.825447197765717	Non-significant
COL9A2	-0.11645370934740484	0.8900712980042997	0.7596506608896011	1.042883204502592	0.08083969909798239	0.14971157212028333	0.5464426877470356	-1.00833723497455	1.73638623511435e-6	Down	0.9206895747817477	-0.16800718896862576	0.8247446290908544	Non-significant
C4B	0.10894159087398281	1.1150972165854185	0.9614208269359698	1.2933377014510632	0.07565682464966324	0.14988324262278352	0.5279856013551666	-0.725146283547566	0.00476669462510832	NS	0.9206895747817477	0.15716949290044935	0.8242469198086348	Non-significant
DPT	-0.11155288461701073	0.8944440878194411	0.7684142386273007	1.0411444583123945	0.07748786947731094	0.14997567614300936	0.564158667419537	-0.532082638578544	0.0399034660015082	NS	0.9206895747817477	-0.16093679343382017	0.8239791714340746	Non-significant
CREG1	0.18545618194282212	1.2037674518684527	0.9350433655085452	1.5497207205890011	0.12888938494859165	0.15018491253839036	0.5261857707509882	0.545414339272639	6.53450435490564e-7	NS	0.9206895747817477	0.26755671399111086	0.8233736940324935	Non-significant
ZAP70	-0.119849037634003	0.8870543384315409	0.7534372290605521	1.044367558411399	0.08329772070553192	0.15020625366988757	0.54785431959345	-0.94974773814195	8.86895424412994e-7	NS	0.9206895747817477	-0.17290561224989093	0.823311985588937	Non-significant
HTR1F	-0.32868202070992397	0.7198718847083563	0.45973231204061227	1.1272114594107157	0.22879444319380304	0.15083674911908337	0.542384246188594	-0.557974286739498	0.019085191565644	NS	0.9206895747817477	-0.4741879213075709	0.8214928362164142	Non-significant
KIF25	-0.26872712002629423	0.7643518034926787	0.5296916448544216	1.1029694071596676	0.1871121749054778	0.1509505862597445	0.5565005646527386	-2.34211727587909	2.4351099584559897e-19	Down	0.9206895747817477	-0.3876912834143079	0.8211651959308631	Non-significant
HTN1	0.17150251759819163	1.1870871313369409	0.939061258517712	1.5006218652978203	0.11958234095660866	0.1515211036876795	0.5015527950310559	1.72801207251387	0.00626856601010765	Up	0.9206895747817477	0.24742583163888313	0.8195268749054584	Non-significant
SPAG17	-0.10513245329756742	0.9002052795316104	0.7796482736715787	1.0394040141720975	0.07335845965812497	0.15181973909913765	0.544819311123659	0.634741611193369	0.0174088309608211	NS	0.9206895747817477	-0.15167406900889113	0.8186717592408037	Non-significant
ARHGAP25	-0.1609259477361044	0.8513551135464419	0.6830919306789324	1.061065863625827	0.1123489432005307	0.15203619777758764	0.5496894409937888	-0.508230248640372	7.7577587407346e-5	NS	0.9206895747817477	-0.2321670667492343	0.8180530000585464	Non-significant
LMOD2	0.05258386596781049	1.0539909523432998	0.9806954315939079	1.1327644565612116	0.03677475782339	0.15274853398560848	0.5524068322981366	-1.27025014147957	0.0101987827689699	Down	0.9206895747817477	0.07586248266253015	0.8160229492360852	Non-significant
TESC	-0.19355418574941027	0.8240251845632222	0.6319505848276691	1.0744787980212382	0.13540549357025478	0.15287747544236457	0.5400903444381705	-0.928290145669311	3.20539061236778e-7	NS	0.9206895747817477	-0.27923966392397553	0.8156564976596307	Non-significant
NPFFR1	-0.21092679013490886	0.8098333525015866	0.6060977339803132	1.0820533093186935	0.1478533487718402	0.15369677931268821	0.553218520609825	-0.605759723397395	0.00491524197229886	NS	0.9206895747817477	-0.30430303411826015	0.8133352329646815	Non-significant
GPR137C	-0.22077677903091375	0.801895660239798	0.591985934675182	1.0862363651667681	0.15484755165810535	0.1539351435281237	0.5350790513833992	-0.96808682147738	5.49674144556574e-9	NS	0.9206895747817477	-0.3185135642513378	0.8126622190381181	Non-significant
PPARG	0.11261627306861566	1.1192023824429953	0.9586034451532626	1.3067071469431317	0.07902903962061722	0.1541575975660292	0.5191981931112366	0.693938160834218	0.00400587892431204	NS	0.9206895747817477	0.16247093867948925	0.8120350664633108	Non-significant
C5orf58	0.24481694083412947	1.2773874543186523	0.9121307047982445	1.788908870041393	0.17183424083431814	0.15423603291953195	0.5109754376058724	-0.690308163906851	0.00181340720706786	NS	0.9206895747817477	0.35319618646700535	0.8118141537168755	Non-significant
SLC6A16	-0.23175016544045757	0.7931442534009827	0.5764465064095228	1.0913030085329183	0.16282062880988576	0.15463574526830487	0.5591473743647657	-0.656976204547692	7.9097253423275e-4	NS	0.9206895747817477	-0.33434481440614505	0.810690108228842	Non-significant
FAP	0.09360838309510056	1.0981296155782838	0.9653206909347406	1.2492104063805174	0.0657681951044273	0.15464695559858274	0.5629587803500847	-0.931720120399769	5.89734692066275e-6	NS	0.9206895747817477	0.13504835007693594	0.8106586251580561	Non-significant
SH2D1A	-0.1283280110423999	0.8795648248476765	0.7370531608945922	1.0496315898982533	0.09018902810175923	0.1547714376553798	0.5402315076228119	-1.1839922843404	1.03485168328199e-7	Down	0.9206895747817477	-0.18513818513801453	0.810309183273163	Non-significant
CHRNA1	0.06431238562939338	1.0664254827290975	0.9758103523196184	1.1654552623986592	0.045306653044476994	0.1557559228018719	0.5471485036702428	-1.06244302062753	0.00206248766986536	Down	0.9206895747817477	0.09278315981526436	0.8075554297971169	Non-significant
TTC16	-0.29682026043109117	0.7431775787756273	0.4932034572464031	1.1198480170402978	0.20919427126881504	0.15593582612748033	0.5559006211180124	-0.92298297413847	9.15882571211823e-5	NS	0.9206895747817477	-0.4282211177593058	0.807054094548222	Non-significant
ACTN2	0.04177603044859609	1.0426609282972672	0.9841562326373968	1.1046435264493888	0.029463118930548194	0.15621724576281026	0.5470073404856013	-1.24599374693484	0.00651907423447987	Down	0.9206895747817477	0.060270071956215844	0.8062710234280478	Non-significant
EPS8L1	-0.10453150111171973	0.9007464224462794	0.7794984735250362	1.0408540171743035	0.07376311441912499	0.15644659218027374	0.5243506493506493	0.789769721602679	2.44799443241679e-5	NS	0.9206895747817477	-0.15080707827055728	0.8056338924949145	Non-significant
SLIT1	-0.25760439264484253	0.7729009369288602	0.5411522062689147	1.1038961892518941	0.1818657421337386	0.15664272814236574	0.5605942970073405	-0.616505230991779	0.00400928624437141	NS	0.9206895747817477	-0.3716445797799276	0.805089761656504	Non-significant
ADD2	0.07789147512816788	1.0810053363384269	0.9702926922694987	1.204350549584047	0.05512804539939038	0.15767947595720178	0.493647656691135	0.845269800892289	0.0114245533739826	NS	0.9206895747817477	0.11237364489493393	0.8022248320903188	Non-significant
GLIS1	-0.12795241852961667	0.8798952448581535	0.7367804914278145	1.0508090956963714	0.09056944652786796	0.15772783837559148	0.5345143986448334	-0.504015281403325	0.0304839510518572	NS	0.9206895747817477	-0.184596319682427	0.8020916485486043	Non-significant
RBM24	0.0762162219920446	1.0791958948180298	0.9708850648488573	1.1995897573863672	0.05396191376014497	0.15782995332082417	0.5558300395256917	-0.926809421310627	0.00578114596104085	NS	0.9206895747817477	0.10995676550321515	0.8018105719284138	Non-significant
CLECL1	-0.23109721850655512	0.7936623036206291	0.5758467585855163	1.093867149197229	0.16368488494106703	0.1579964469584558	0.5690287972896668	-1.04685757543589	2.87432153260378e-7	Down	0.9206895747817477	-0.3334028111026403	0.8013526793980256	Non-significant
CYB5A	0.12956845098395328	1.1383370290856967	0.9508637241147133	1.3627727706134705	0.09181442953496981	0.1581858812623991	0.49957651044607565	0.66794202380925	2.23756888744763e-5	NS	0.9206895747817477	0.186927761690214	0.8008322816693321	Non-significant
EDNRB	-0.13978715269829423	0.8695432956475148	0.7160758571254945	1.0559014599943863	0.09907427930346283	0.1582644224847286	0.5327498588368154	-0.592453592701341	0.00101748661373221	NS	0.9206895747817477	-0.2016702319778174	0.8006167026684201	Non-significant
RHBG	-0.17956562922547864	0.8356331071898917	0.6508576255981083	1.0728654967976186	0.12750169621278823	0.15903067105400226	0.5260093167701864	1.20985918332981	1.39502289522261e-5	Up	0.9206895747817477	-0.25905844279770435	0.7985191084787028	Non-significant
DSCAML1	-0.25238240062275014	0.7769475760181771	0.5467272154465649	1.1041110060479868	0.1793006887633829	0.15925161112342323	0.5741106719367589	-1.52736319799707	3.20767422900473e-8	Down	0.9206895747817477	-0.3641108377860933	0.7979161652816357	Non-significant
PLIN1	0.13627589674161644	1.1459980271043309	0.9476662020801808	1.3858376243071935	0.09695527289400083	0.15985652670093498	0.5103754940711462	-1.07187432445142	2.2070676686229e-4	Down	0.9206895747817477	0.19660456042182647	0.7962696274414899	Non-significant
TGFB3	-0.12393313778905048	0.8834389075866638	0.7431178743030147	1.0502563999956684	0.08825032703929887	0.1602187295581329	0.5322557876905702	-0.678744279775022	5.69647524473068e-5	NS	0.9206895747817477	-0.17879772329007168	0.7952867162899417	Non-significant
TSPOAP1	-0.12329152266684601	0.8840059172308444	0.7441365459228301	1.050165411147792	0.08787876216813313	0.16062491736175624	0.5609119141727837	-0.872616151571429	1.3275906581972e-4	NS	0.9206895747817477	-0.17787206833510805	0.7941870827602255	Non-significant
SLC15A1	-0.09106404156551191	0.9129592416879696	0.8038973553978604	1.0368171650110278	0.06490917425367287	0.16063305629463537	0.5433018068887634	0.727144094920079	0.0133064799626966	NS	0.9206895747817477	-0.13137764116987047	0.7941650774316199	Non-significant
CD177	-0.07594276247296879	0.9268692567452744	0.8334817171636535	1.0307204122281381	0.05418505156890949	0.16105130211497914	0.5337380011293055	2.48572958468882	9.23148947387004e-15	Up	0.9206895747817477	-0.10956224681116047	0.793035759518216	Non-significant
CLNK	-0.22833917440447926	0.7958542806513352	0.5781609470893476	1.095515079701799	0.16304576105251084	0.16137541554003976	0.5425607001693958	-0.779849101426276	8.58134241633155e-5	NS	0.9206895747817477	-0.3294237945540223	0.7921626264202472	Non-significant
IL16	-0.12701128180874444	0.8807237363843572	0.7372611879595926	1.052102446864917	0.09071685793043667	0.16148796607916302	0.5579474872953134	-0.79208517163206	1.94991028754298e-6	NS	0.9206895747817477	-0.1832385464024263	0.7918598353151591	Non-significant
WIPF1	-0.13462562692069974	0.8740430686398833	0.7238311774802594	1.0554274388909681	0.09621170012805388	0.16173364843486795	0.5609119141727837	-0.65383718921014	5.15140406927924e-6	NS	0.9206895747817477	-0.19422372433506133	0.7911996163994608	Non-significant
CEACAM7	-0.07221971391672029	0.9303264676821327	0.8408161773741434	1.029365704133906	0.051614471506225515	0.16174868724347824	0.5320793337097685	1.6992064115884	6.84151796065365e-5	Up	0.9206895747817477	-0.104191023122072	0.7911592353901865	Non-significant
SLC13A4	-0.1618166067140878	0.850597184049569	0.6779722954584442	1.0671757155265702	0.11573286504621785	0.16205583178768357	0.5434076792772444	1.06370335321905	8.5877712212864e-8	Up	0.9206895747817477	-0.2334520160398942	0.7903353357046587	Non-significant
RAB5IF	0.16191449319552983	1.1757597015677386	0.9368890095380074	1.4755332400711405	0.11587200160196298	0.16230639695563923	0.5250564652738565	0.905770682579355	1.70570767679159e-7	NS	0.9206895747817477	0.23359323638124072	0.7896643630586311	Non-significant
ALOX15	0.08689072406650633	1.090777477478343	0.9655436859697749	1.2322544517278964	0.062222906224138855	0.16258121990213498	0.4904009034443817	1.25407835717508	1.004848570396e-4	Up	0.9206895747817477	0.1253568167099999	0.7889296221116797	Non-significant
ZNF541	-0.12053325622835795	0.8864476069511336	0.7484593938224562	1.0498757398932324	0.08633070391627153	0.16266010937525596	0.5569593450028233	-1.82689920694728	4.74291746003481e-7	Down	0.9206895747817477	-0.17389273102285077	0.7887189400092254	Non-significant
LCNL1	-0.342086298604938	0.7102869052951556	0.43937748734182064	1.1482324478797883	0.24506065444365482	0.16273707580248667	0.535255505364201	-0.697665269978334	0.0291669715942226	NS	0.9206895747817477	-0.49352620655340523	0.7885134920411171	Non-significant
SYT17	0.1143345698502802	1.1211271574885795	0.954817885790038	1.3164040200382434	0.08192457785487409	0.16283266914272002	0.5138339920948616	0.506033366160534	0.0321148344905314	NS	0.9206895747817477	0.16494991692517194	0.7882584581381966	Non-significant
SPTB	0.07004376928244088	1.0725551251950658	0.9720455054156998	1.183457451500936	0.050203181999684036	0.1629537970525271	0.5355025409373235	-0.993403797651577	9.8402070051289e-4	NS	0.9206895747817477	0.10105179858894821	0.78793551540904	Non-significant
SLC6A4	-0.15442573510262178	0.8569071278990321	0.6897921880655066	1.064508758650128	0.11068528303523513	0.16296199710893544	0.567581874647092	1.15902640542586	2.19576490141507e-5	Up	0.9206895747817477	-0.22278924221818514	0.7879136616706575	Non-significant
JCHAIN	-0.060690916354012615	0.941114077797512	0.8641953990547359	1.0248789896329498	0.04350358667443084	0.16299218328948145	0.5698757763975155	-0.971126615536644	0.00234979776450148	NS	0.9206895747817477	-0.08755848405094094	0.7878332228085921	Non-significant
GRIP2	-0.13082503326005188	0.8773712717533283	0.7300595960349011	1.0544075479301729	0.09377931327194304	0.16300654273667992	0.5290796160361377	-0.523044633744324	0.0109018010841229	NS	0.9206895747817477	-0.1887406267084105	0.7877949635873889	Non-significant
PRLR	0.09852199921935459	1.1035386811168681	0.9608837205697386	1.2673725182887745	0.07062572374314993	0.16301962004907042	0.5279150197628458	-0.920468642272474	8.8828136711324e-4	NS	0.9206895747817477	0.14213719969222924	0.7877601234103685	Non-significant
ADCY2	0.081391527001516	1.0847955401767193	0.9675719096401686	1.2162210914379843	0.05834651020848089	0.16302542570193865	0.535643704121965	-0.709263371134172	0.0281566762660073	NS	0.9206895747817477	0.11742315237546716	0.7877446570627724	Non-significant
HSPB6	0.07150620679311112	1.074124817551142	0.9714508760993434	1.187650505100053	0.05126154563653017	0.16303730866343455	0.5475367024280068	-0.867536397194993	0.0174872781364534	NS	0.9206895747817477	0.10316164993320205	0.7877130023898232	Non-significant
PPM1K	-0.16763054596529517	0.8456662117705703	0.6680385629692474	1.0705240406358227	0.12029753302120075	0.1634788597648032	0.5606295878035008	-0.599372187852228	6.18019372004562e-7	NS	0.9206895747817477	-0.2418397573656408	0.7865384000745926	Non-significant
ENPP6	-0.15318085673964627	0.8579745373012188	0.6915004420502078	1.064526154856446	0.1100584671844008	0.16397889096042736	0.5417490118577075	-2.45555213589659	1.34946395557845e-17	Down	0.9206895747817477	-0.22099326237741035	0.7852120551806501	Non-significant
ZNF727	-0.19848025068305786	0.8199759645457048	0.6199976714754731	1.0844566251879177	0.1426349199050817	0.16406587242353024	0.531938170525127	-0.769508043334344	0.00139038690133265	NS	0.9206895747817477	-0.28634647337484587	0.7849817477680333	Non-significant
PACSIN1	-0.14447706414896933	0.8654747625756909	0.7058952474523076	1.0611299160305743	0.10398730010838254	0.1647195986411558	0.5530067758328627	-0.697309294420631	0.00680066412348291	NS	0.9206895747817477	-0.20843634396991473	0.7832547245987651	Non-significant
CADM3	0.14011781344267815	1.150409324556711	0.944062320011456	1.4018583158905953	0.10085946122292652	0.1647603380608691	0.5326792772444946	-0.576079304390246	0.0120766639615408	NS	0.9206895747817477	0.20214727459395684	0.7831473256145071	Non-significant
CKMT2	0.06741816877782388	1.0697427176621188	0.9725694715443639	1.1766249254914394	0.04858861669634414	0.1652801755856181	0.5496188594014682	-0.982252799081975	0.00746317957324118	NS	0.9206895747817477	0.09726385776158167	0.7817792344508793	Non-significant
SLURP2	-0.10909391980734293	0.8966462007050598	0.7685499975692387	1.04609252720268	0.07865233284009426	0.16542961227533656	0.5184923771880294	1.76005087117829	4.46819656030513e-7	Up	0.9206895747817477	-0.15738925709719195	0.781386748128805	Non-significant
POMC	-0.1120206070563217	0.8940258340698158	0.7631157222084892	1.0473931655752988	0.08077953779444494	0.16551958291744276	0.5693464144551101	0.984077164624629	7.3982987519704e-4	NS	0.9206895747817477	-0.16161157427752654	0.7811506166927407	Non-significant
FAT4	-0.11084987505009969	0.8950731116492238	0.765230202389607	1.0469475364349585	0.07996509040584214	0.1656771884163294	0.5559006211180124	-0.513306545721179	0.028377144186429	NS	0.9206895747817477	-0.15992256501794008	0.7807372841389538	Non-significant
COL10A1	0.06621809251885041	1.0684597148280432	0.9727542002145608	1.173581323995948	0.047879421514455844	0.16665940607846425	0.5350790513833992	-0.775788682679114	0.0081746061474723	NS	0.9206895747817477	0.09553251369407195	0.7781701701961036	Non-significant
ASB11	0.10896182101248794	1.1151197753847397	0.9554073138121054	1.3015308711554023	0.07886846138589951	0.16710563735154446	0.5356789949181253	-0.975199455015586	0.0415692560872659	NS	0.9206895747817477	0.15719867882094718	0.7770088988237163	Non-significant
RIT1	0.19764384273001712	1.2185283288055413	0.9204181838623002	1.613192040460341	0.1431511035311178	0.1673817202825057	0.513481084133258	0.769470182219615	7.339445002240789e-19	NS	0.9206895747817477	0.2851397917688338	0.7762919729492038	Non-significant
GREB1L	0.13293423599961576	1.1421748818715716	0.9456562989061957	1.3795323547120415	0.09633357236723415	0.1676061225953734	0.551171654432524	-0.879015141344519	0.0018351945094685	NS	0.9206895747817477	0.19178356304100871	0.77571012078439	Non-significant
CORO6	0.07644512074864324	1.0794429496906779	0.968337801123491	1.203296081475926	0.0554190822297786	0.16777124396265145	0.5405138339920948	-0.601588896538464	0.0368174056130689	NS	0.9206895747817477	0.11028699660422567	0.7752824753223034	Non-significant
PLN	0.08501443221672376	1.0887327794124406	0.9647906031511638	1.2285972324933792	0.06166369683956634	0.1679938054603748	0.5554771315640881	-1.24144290506183	2.90928565213148e-5	Down	0.9206895747817477	0.12264989976305843	0.7747067319882815	Non-significant
MYLK3	0.09032978121659158	1.0945351813370132	0.9625954032218013	1.2445595098155724	0.06553787708939755	0.1681157444090955	0.5076228119706381	-1.62261994690219	2.51758733407393e-8	Down	0.9206895747817477	0.13031832740576185	0.7743916120227675	Non-significant
SMPX	0.053681623286929755	1.055148613925002	0.9775700905495961	1.1388836547177161	0.03896342468303727	0.16828235151949683	0.5570299265951439	-1.34533912704233	0.00352382562535953	Down	0.9206895747817477	0.07744621170292308	0.7739614279314483	Non-significant
DHRS4L2	-0.17425858887741125	0.8400796343191259	0.6555297886507241	1.076585388209996	0.12655994994003555	0.16854758021373228	0.5437605872388481	0.704106131354326	1.76710448550852e-7	NS	0.9206895747817477	-0.25140200200574997	0.7732774781318383	Non-significant
KCNA3	-0.15241421803637473	0.8586325459831687	0.6910615629822687	1.0668367168909594	0.11077353985349886	0.16885006679136547	0.5622529644268774	-1.12008251551261	7.66384816699972e-5	Down	0.9206895747817477	-0.21988723652204706	0.7724987632363534	Non-significant
CMYA5	0.054119878755106494	1.0556111399196637	0.9772460824923279	1.1402602667698494	0.03935616286135145	0.16909084173569197	0.5270327498588367	-1.04610187115497	0.00431898410479815	Down	0.9206895747817477	0.07807848069350402	0.7718799139360369	Non-significant
CD207	-0.08425939367633216	0.9191927923707996	0.8151695717941175	1.0364903435819401	0.06127649849866009	0.16911015438297866	0.5622529644268774	-0.990159331671867	1.0732060947416e-4	NS	0.9206895747817477	-0.12156060940515523	0.7718303139865813	Non-significant
SCN4A	0.06693451192411695	1.0692254543640713	0.9716337010844898	1.1766194101583995	0.04883299334221208	0.1704740640356371	0.5343379446640316	-1.35562169366655	0.00115557587727432	Down	0.9206895747817477	0.09656608841724659	0.7683416853108049	Non-significant
ZNF671	-0.18555630004672466	0.8306420690771562	0.6369888519139771	1.083168480653342	0.1354345419253496	0.1706616010564161	0.5451016374929418	-0.572254395918045	2.3443568887036e-4	NS	0.9206895747817477	-0.2677011538831142	0.7678641843643135	Non-significant
DPYSL2	-0.18444328277408556	0.8315671027411478	0.6386908962581025	1.08268937354927	0.1346409379829779	0.17072122265602288	0.5417843026538679	-0.559420467510614	9.08375755333253e-7	NS	0.9206895747817477	-0.2660954093834541	0.7677124876169894	Non-significant
RASAL3	-0.12662474441495586	0.8810642348455213	0.7349566687803153	1.0562176232949576	0.09251138927184925	0.17107817751468818	0.54686617730096	-0.805634931403836	8.36203238763598e-7	NS	0.9206895747817477	-0.18268089082128933	0.7668053849030109	Non-significant
SRXN1	0.2963515264406418	1.3449428567192196	0.8796411874229632	2.056374023525896	0.21663292081572386	0.17131541277095352	0.5259034443817052	1.66527976819725	1.8585756040627002e-10	Up	0.9206895747817477	0.4275448775557883	0.7662035630107826	Non-significant
SMYD1	0.057868288586465706	1.0595754283417684	0.9751759993006158	1.1512794502231687	0.042350574506800506	0.1718100149794626	0.5524774138904573	-1.26373980010075	0.0129870396791029	Down	0.9206895747817477	0.08348629296842537	0.7649515243025204	Non-significant
PIEZO2	-0.12289818430645516	0.8843536990623876	0.7414219658385542	1.0548398902112208	0.08994408992966488	0.17181840203877732	0.5399491812535291	-0.910035972467008	8.91722627660255e-6	NS	0.9206895747817477	-0.17730460103318077	0.7649303243469865	Non-significant
ZNF660	-0.2423967418645317	0.7847447746775487	0.5542367433967423	1.1111214994688428	0.17743520276073885	0.17190313649450922	0.5507481648785997	-0.742367969271032	8.41340276630607e-6	NS	0.9206895747817477	-0.34970457741560196	0.7647161992301611	Non-significant
PLSCR2	0.2802621185889606	1.3234766747144109	0.884812392042243	1.9796179667762717	0.20543324500061844	0.17248918123403645	0.534267363071711	0.585773525931915	0.0266480734820364	NS	0.9206895747817477	0.4043327686373279	0.7632381393020412	Non-significant
STAB2	-0.18438772458629885	0.8316133043858271	0.637835030629576	1.0842626303370144	0.13535344488990617	0.17311318759552982	0.5505717108977979	-0.879458013485098	0.00126109045388489	NS	0.9206895747817477	-0.26601525586145325	0.7616698467299641	Non-significant
ESYT3	-0.11081595784516006	0.895103470542229	0.7631349731004098	1.049893205289287	0.08138129519302811	0.1732962738806073	0.5517363071710898	0.765496587646858	9.2807517956693e-4	NS	0.9206895747817477	-0.15987363283457282	0.7612107751423335	Non-significant
TDRD10	-0.18008622509220984	0.8351981932652032	0.6444600625794142	1.0823882852283073	0.13227600200476006	0.17337376351002637	0.5369847543760587	-1.13756119434965	5.06588008517551e-6	Down	0.9206895747817477	-0.2598095038729448	0.7610166232665313	Non-significant
FLT4	-0.1379813351510526	0.8711149508230343	0.7141672340901942	1.0625540088157854	0.10135736629305175	0.17340783180946034	0.5375494071146245	-0.84627448585505	7.38548990307676e-8	NS	0.9206895747817477	-0.1990649879576615	0.760931291895436	Non-significant
CD3E	-0.0987848840715267	0.9059375686652054	0.7856981313156398	1.0445778672589376	0.07265323966341747	0.17393239867689309	0.5472190852625636	-0.890436398024403	6.25098768979644e-6	NS	0.9206895747817477	-0.1425164623647828	0.7596195137072338	Non-significant
SP140	-0.12151614410132373	0.8855767563925768	0.7432592535052994	1.0551448740990421	0.08938645016155049	0.17400497715462418	0.5500423489553925	-0.699907883628658	0.00101121605914468	NS	0.9206895747817477	-0.17531073848292833	0.7594383291893854	Non-significant
FOXS1	-0.16583817276214857	0.847183320433656	0.6669428744091537	1.0761335130191234	0.12204954347249367	0.1742171072457729	0.5194805194805194	-0.59581503953872506	9.4724613712442e-4	NS	0.9206895747817477	-0.23925390943403888	0.7589092016954397	Non-significant
NLRX1	-0.15164027105128347	0.8592973392776327	0.6903209301883547	1.0696357085510186	0.11171552333852873	0.17466091481278367	0.5425607001693958	0.718658326781971	5.61393969659211e-8	NS	0.9206895747817477	-0.21877066704474485	0.757804269488988	Non-significant
MICB	0.12503062033719298	1.1331831509857773	0.94579367403927606	1.3576999814282218	0.09222692816494389	0.1751995616415311	0.5573122529644269	-0.513286795222908	0.00205563700177593	NS	0.9206895747817477	0.18038105591973916	0.7564669847940928	Non-significant
RAB3C	0.1647172075181461	1.1790596423587938	0.9291949110668217	1.4961141345933113	0.12150935638605519	0.17522876691945072	0.524315358554489	-0.60877868894793	0.0414724830634434	NS	0.9206895747817477	0.23763669843550755	0.7563945951495432	Non-significant
P2RY14	-0.1647771708858122	0.848082660542641	0.668279778945495	1.0762621012534725	0.12156916829468388	0.17528407236625623	0.5535361377752682	-0.724222573579108	2.9480540331606e-4	NS	0.9206895747817477	-0.23772320728867452	0.7562575453877423	Non-significant
KRT6C	-0.04315976544391178	0.9577583611532602	0.8997675994188477	1.019486675171962	0.031867425585263565	0.17562356455057526	0.5396668548842463	1.00095409520586	0.00166368498112862	Up	0.9206895747817477	-0.0622663795718623	0.7554172124181012	Non-significant
AL139353.1	-0.32473823280422	0.7227165123580026	0.45154573212995325	1.1567358964309586	0.23997399586722457	0.17598452976265216	0.5520186335403727	0.580536382082459	4.3447860236806e-4	NS	0.9206895747817477	-0.4684982380536939	0.7545255079472836	Non-significant
GABRE	0.10098907702978588	1.1062645580026123	0.9555735531027348	1.2807190700485416	0.07471189154319045	0.1764669649128337	0.5230095990965556	0.65483308131812	9.0655326006636e-4	NS	0.9206895747817477	0.14569644061482548	0.7533365837542094	Non-significant
SMC1B	-0.10189260219086156	0.9031265402724019	0.7790604122777893	1.046950319757188	0.07539632566233251	0.1765588085680891	0.5771103896103896	-1.8334885984727	1.1421681429504e-6	Down	0.9206895747817477	-0.1469999518840278	0.7531106104878281	Non-significant
IFFO2	-0.10801573990599227	0.8976134679676416	0.7674177235154902	1.0498974850176668	0.07995466612068837	0.17670750851040667	0.5400903444381705	0.775760993466293	4.1386800667075e-6	NS	0.9206895747817477	-0.15583377230032713	0.7527449964165177	Non-significant
CARD8	-0.2524631012028213	0.7768848784280076	0.5385495589248741	1.120695587486858	0.18694866685207331	0.1768746413226823	0.5608413325804631	-0.535874786849217	1.88013953421497e-12	NS	0.9206895747817477	-0.36422726411275874	0.7523344278199048	Non-significant
CGNL1	-0.10025847341878173	0.9046035718378932	0.7820600572946855	1.0463488251945472	0.07426935877679965	0.17703827378853126	0.5619000564652739	-0.584180996556285	0.0145641718302017	NS	0.9206895747817477	-0.14464240240837442	0.7519328336479605	Non-significant
ZIK1	-0.20231157334501781	0.8168403825991718	0.6085090491041711	1.0964967762222022	0.15022312883150507	0.1780638199922435	0.5567476002258611	-0.520056173724158	0.00130737408497503	NS	0.9206895747817477	-0.29187390357930104	0.7494243139669698	Non-significant
ADPRHL1	0.08359552719193436	1.0871890664511135	0.9624561784408382	1.228087151069704	0.062175770015405044	0.1787856940475206	0.5379728966685489	-0.579615434399458	0.0312972226511296	NS	0.9206895747817477	0.12060285252030221	0.7476672352313047	Non-significant
RAB39B	-0.18216792153518876	0.8334613725510556	0.6390113680949441	1.0870821619428175	0.13554591557664952	0.17896219801810537	0.5643704121964992	-0.703970087457235	0.00229233517163972	NS	0.9206895747817477	-0.2628127570078666	0.7472386948631917	Non-significant
C11orf21	-0.18943225616378775	0.8274287681978199	0.6275736868740367	1.0909290506610714	0.1410545967201702	0.17928131074573	0.5538537549407114	-0.665997315264529	0.00175623524716892	NS	0.9206895747817477	-0.2732929765519043	0.7464649812858198	Non-significant
MYL1	0.03831275053420202	1.0390561474324245	0.9825485961479552	1.0988135159418997	0.028530231019034468	0.1793099945958653	0.5463368153585545	-1.05833521247289	0.0474244803611664	Down	0.9206895747817477	0.05527361519850912	0.746395502535641	Non-significant
CD1A	-0.09698171134585207	0.9075726042629669	0.7877472824523118	1.045624720461702	0.07224430544682967	0.17946204773668373	0.5736166007905139	-1.08093309679684	2.79619506861431e-6	Down	0.9206895747817477	-0.13991503401558575	0.7460273810759088	Non-significant
ITGA8	-0.14207910789642572	0.8675526235081602	0.7049016164517492	1.0677341872820214	0.10592946134803617	0.17983556607596518	0.5467250141163185	-0.565169597994089	0.00189400520872468	NS	0.9206895747817477	-0.2049768243761014	0.745124413698221	Non-significant
YIPF7	0.12856422778943433	1.1371944584319051	0.9423420887770563	1.3723373408551935	0.09589520421462522	0.18002624928695715	0.5296442687747036	-1.16607852189877	0.00834385932722769	Down	0.9206895747817477	0.18547897386753587	0.7446641666225908	Non-significant
CNTN5	0.10340817857155425	1.1089439638712457	0.953347660987806	1.2899352097138046	0.0771360161233409	0.18005189292520013	0.5123870694522868	1.63081378598562	2.00887539685053e-5	Up	0.9206895747817477	0.1491864664125418	0.7446023084351693	Non-significant
CABP7	-0.27636844503673685	0.7585334014018554	0.5062599566323732	1.1365167509388507	0.20629794806712567	0.180356954553621	0.5532891022021457	-1.0469050648209	6.21907600666979e-6	Down	0.9206895747817477	-0.39871538511269433	0.743867106652914	Non-significant
SPACA4	-0.25358596866873506	0.7760130292504033	0.5353924482017246	1.1247753373979088	0.18937556364269378	0.18054989229406235	0.5518774703557312	0.746954843845702	0.00180667928177748	NS	0.9206895747817477	-0.36584721943740817	0.7434027663128031	Non-significant
PPP1R16B	-0.11165586424681978	0.894351983040932	0.7594880286197362	1.0531640255382189	0.08339686662562228	0.18061962930303546	0.5395962732919255	-0.83714612008704	9.00618447499972e-6	NS	0.9206895747817477	-0.16108536163505813	0.7432350533871724	Non-significant
PLA2G5	0.22462656157270047	1.2518551380775098	0.9009770538812171	1.7393797988307813	0.16781025225747653	0.18070916020454544	0.5270327498588367	-0.669685586516576	0.0013337774244969	NS	0.9206895747817477	0.32406762643287423	0.7430198323562972	Non-significant
DUSP13	0.0781756327485774	1.0813125558897718	0.9642213491291768	1.2126228532285155	0.05847557868538539	0.18125733755710238	0.5475367024280068	-0.844985377664824	0.0138864543913268	NS	0.9206895747817477	0.11278359768472943	0.7417044035373326	Non-significant
DHH	0.21692269249172988	1.2422480633231223	0.9037988581676538	1.7074377079416374	0.16228417479850402	0.18132574121338246	0.5304912478825523	-0.85943067753688	1.9908520432282e-4	NS	0.9206895747817477	0.3129532927141004	0.7415405385775136	Non-significant
CCDC28B	-0.16085743505506442	0.8514134441659588	0.6724956700713779	1.0779323721587675	0.1203604621759095	0.18139763165224182	0.5303500846979108	-0.728937673100231	2.22730573932659e-5	NS	0.9206895747817477	-0.23206822384405995	0.7413683874362161	Non-significant
TKT	0.164117712745396	1.1783530140975769	0.9262035834651209	1.4991475423125837	0.12284864956218182	0.18157078030491966	0.5392433653303219	0.842312784176366	7.644990791539131e-17	NS	0.9206895747817477	0.23677181029982236	0.7409540400294788	Non-significant
WNT6	-0.15929930630844616	0.8527410899815253	0.6749559305323083	1.0773553259534954	0.1192922797954749	0.1817553480246304	0.5441840767927725	-1.07995689480538	3.4370432074943e-6	Down	0.9206895747817477	-0.2298203192282472	0.7405128014680166	Non-significant
GMFG	-0.1400221870619803	0.86933894710773	0.7078298064343495	1.067700452973891	0.10486387256971479	0.1817861093890436	0.5373376623376623	-0.542699191829462	4.8794526951185e-4	NS	0.9206895747817477	-0.2020093148887458	0.7404393050863527	Non-significant
PLCD1	-0.13725541715081346	0.8717475384216975	0.712598458605188	1.066440379665952	0.10284973260199234	0.18203224851697059	0.5295031055900621	0.595815445970492	1.0533560224928e-4	NS	0.9206895747817477	-0.19801770965862456	0.7398516663428668	Non-significant
DUSP29	0.15240123973476333	1.1646274375001486	0.930571587370934	1.4575526338711509	0.11447022142164288	0.18307010822857955	0.5504658385093167	-0.943881251227781	0.0477148991221867	NS	0.9206895747817477	0.21986851279067307	0.7373825617123081	Non-significant
CUX2	-0.23911627683057257	0.7873233295886569	0.5536456390670189	1.1196295637028082	0.17965338318067825	0.18319336303042036	0.5388904573687182	-1.09072717347714	2.5742772794953e-4	Down	0.9206895747817477	-0.34497186677929953	0.7370902645736163	Non-significant
CLUL1	-0.33758093357978275	0.7134942267277353	0.4339028883855341	1.1732441179821862	0.25375649743731776	0.18340820117899945	0.5482425183512141	-1.4473164598997	2.4723673068446e-6	Down	0.9206895747817477	-0.487026338774219	0.7365812485615741	Non-significant
ESRRG	0.11798370009583946	1.1252257701456503	0.9456614335050155	1.338886190068104	0.08870283747923222	0.18348511769987164	0.5272797854319593	-0.900674485343666	0.0054833220508251	NS	0.9206895747817477	0.1702144990339983	0.736399155188092	Non-significant
TMEM125	-0.10289781930601272	0.902219158151398	0.775259858941563	1.0499697616831911	0.07737855688169298	0.18358496660136359	0.5616883116883117	0.753490076174565	4.3447860236806e-4	NS	0.9206895747817477	-0.14845017363107327	0.7361628851684627	Non-significant
P2RY10	-0.11861815181116042	0.8881468732957052	0.7456797852796812	1.0578332470808247	0.08920616029151707	0.18361447276957055	0.5482072275550536	-0.946217709625843	3.78770415687393e-6	NS	0.9206895747817477	-0.17112981937737531	0.7360930900397777	Non-significant
TMOD1	0.07404076335165795	1.0768507006453507	0.9654901204646856	1.201055719681802	0.0556949892636834	0.18371695774835922	0.5266798418972332	-0.677033104841051	0.0388390788476061	NS	0.9206895747817477	0.10681824211107034	0.7358507548720085	Non-significant
SSTR3	-0.19819300797977632	0.8202115304890663	0.6121709433222056	1.098952771420789	0.14926330822710981	0.18424155845420268	0.5479601919819311	-1.11325004847716	2.77606683815575e-6	Down	0.9206895747817477	-0.2859320697512901	0.7346124014376706	Non-significant
SIRPG	-0.11394431139774583	0.8923076458643916	0.7541652334985238	1.0557539641206637	0.08581763866091956	0.18426093434663274	0.5439017504234895	-1.02876788819005	1.70216152338731e-6	Down	0.9206895747817477	-0.16438689299103565	0.7345667309559969	Non-significant
STAR	-0.1428723200911433	0.8668647430412888	0.7017157512323499	1.0708815947316828	0.10783593540802995	0.18520281582176484	0.5419254658385093	-0.506190416808176	0.0407098502487941	NS	0.9206895747817477	-0.20612118767579302	0.732352414594916	Non-significant
SLC7A11	0.07235541002005652	1.0750373552224768	0.9658913187005383	1.1965169297499905	0.054623130059869164	0.18529406315191818	0.5328910220214569	2.65370606247223	1.87402529008545e-39	Up	0.9206895747817477	0.10438679121742316	0.732138495315029	Non-significant
PRRG4	0.1569952543390127	1.1699900615115482	0.9273705700260139	1.4760838744293965	0.11857222762869732	0.1854872900593767	0.5182100508187465	0.571169144022917	9.78148345966613e-6	NS	0.9206895747817477	0.226496274877995	0.7316858437103329	Non-significant
B4GALT6	-0.14430893032613068	0.8656202903898241	0.699052866390148	1.071876710847178	0.1090428086987657	0.18569727923662827	0.5408667419536985	-0.717273786019108	1.77465752387169e-5	NS	0.9206895747817477	-0.20819377813749976	0.7311944593252445	Non-significant
CCDC89	-0.19598009766729288	0.8220285948019722	0.6148183477954242	1.0990742437910277	0.14819064476073252	0.18600626798379097	0.5523009599096556	-0.913446207188392	5.41248726503542e-5	NS	0.9206895747817477	-0.2827395150175382	0.730472420809463	Non-significant
PDGFRA	-0.09988862537704475	0.9049381995743778	0.780344693945207	1.04942489056819	0.07557838684350307	0.18628274011984614	0.5487012987012987	-0.57813260076843	0.00577705046661379	NS	0.9206895747817477	-0.144108824472678	0.7298273824519077	Non-significant
CAVIN4	0.06571245518667608	1.067919598271357	0.9687329323713217	1.1772617924533544	0.049734981164298975	0.18641727352256013	0.5514539808018069	-1.06781585364249	8.4880449201181e-4	Down	0.9206895747817477	0.09480303322245588	0.7295138481625095	Non-significant
IL17A	-0.2858830205288134	0.7513505033908349	0.4916594837539457	1.1482084605291223	0.21637432683119406	0.18642042093843478	0.5340556182947487	-0.738539270776855	0.0356345299285914	NS	0.9206895747817477	-0.41244201599127683	0.7295065157207155	Non-significant
AC010255.2	0.09548069953429031	1.100187587696209	0.9546508715875587	1.2679114052532314	0.07239433249021375	0.1872034033156745	0.5862154150197628	1.24748899471523	4.1254316578397e-4	Up	0.9206895747817477	0.13774953171872972	0.7276862601503585	Non-significant
SYNGR3	-0.1124360919751164	0.8936544569748806	0.7559259099502855	1.056476935052525	0.08539739488152277	0.18796534839990467	0.5454545454545454	-0.8381149121871	0.00165871759349062	NS	0.9206895747817477	-0.1622109923094358	0.7259222059798003	Non-significant
HOXB9	0.08566675967886976	1.0894432213986058	0.9589625280991524	1.2376776963371117	0.0650879503293392	0.18811723741805106	0.5553006775832863	-1.36761416031948	1.1476850214031e-4	Down	0.9206895747817477	0.12359100935773207	0.7255714076790188	Non-significant
MOXD1	-0.08209370017382152	0.9211856393978117	0.8151694630747818	1.0409896600296327	0.06238153251449499	0.18817617663522102	0.5163043478260869	-0.617882839040128	0.0115993692630329	NS	0.9206895747817477	-0.1184361741289977	0.7254353597119911	Non-significant
ITGA5	0.11705860341223713	1.1241853088552318	0.9442744960230101	1.338374184592122	0.08897968544693768	0.18831992310892548	0.5668407679277244	-0.556429551146078	5.1461564297353e-4	NS	0.9206895747817477	0.1688798666362224	0.7251037318231565	Non-significant
EBI3	-0.14021115856023267	0.8691746823455738	0.7052934317422291	1.071135210439102	0.1065989939682468	0.1884043652613546	0.538678712591756	-0.623940949702507	0.00169544041746871	NS	0.9206895747817477	-0.20228194313214382	0.7249090389796828	Non-significant
SMIM5	-0.10420319877255664	0.9010421881513913	0.7713690345147253	1.052514410744276	0.079279608399661	0.1887197699318316	0.5565358554488989	0.977955088152536	1.16069711586308e-5	NS	0.9206895747817477	-0.15033343811393443	0.7241826015703038	Non-significant
ALPK3	0.0802012390143568	1.083505089233209	0.9613284442105026	1.2212093436581974	0.061042139033734025	0.1888910377489167	0.5432665160926031	-0.706648325755581	0.00711996386135275	NS	0.9206895747817477	0.11570592979916311	0.7237886474171117	Non-significant
TIGIT	-0.10179262757227125	0.9032168345172955	0.77588577939826	1.051444261277916	0.07753067645940756	0.1892053348556814	0.5482072275550536	-0.862265897736801	1.52799630356653e-5	NS	0.9206895747817477	-0.1468557189975729	0.7230666223437392	Non-significant
NCR1	-0.228691649362289	0.795573811379441	0.5653670644084393	1.119516380061991	0.17428301774605795	0.1894575519223752	0.5338085827216261	-0.818371484301014	6.3807359555871e-4	NS	0.9206895747817477	-0.32993230842769206	0.7224880787350022	Non-significant
CFAP52	0.25133322709510514	1.28573845584544	0.8832077373743379	1.8717265563754437	0.19159947475608874	0.18959989189918874	0.5123517786561265	0.629997922677185	0.00124159197278658	NS	0.9206895747817477	0.3625972003407278	0.7221619146118724	Non-significant
PAK3	-0.14833028132839546	0.8621463170820495	0.6906444493648177	1.0762357863611989	0.11316526891182047	0.18994550993867523	0.5290443252399775	-2.11238346426354	3.82753001589546e-18	Down	0.9206895747817477	-0.213995361286141	0.7213709681366596	Non-significant
CACNB1	0.09478179540584232	1.0994189306891675	0.9540535007912094	1.2669331270786206	0.0723571071391371	0.19022395899516842	0.536914172783738	-0.703101240100767	0.00231518423645299	NS	0.9206895747817477	0.1367412261985612	0.7207347839070855	Non-significant
SLC13A2	-0.22722089237640133	0.7967447680055585	0.5669997138656655	1.1195812093383695	0.17356216247209916	0.19047966728188057	0.5409020327498588	1.34838263313336	2.9201879555558e-4	Up	0.9206895747817477	-0.327810454617799	0.7201513762012944	Non-significant
GRM8	-0.24647043704523072	0.7815544662548167	0.540351778924427	1.1304254146043646	0.18830166009865706	0.19056391927044658	0.5693464144551101	-0.601132432044575	0.00168860637611969	NS	0.9206895747817477	-0.3555816772508898	0.7199593237662911	Non-significant
BCO2	-0.1458538360382335	0.864284021129472	0.6946975304770497	1.0752692163260933	0.11144332333613	0.19061179228024408	0.5333850931677019	0.575874244584111	0.0060123833108906	NS	0.9206895747817477	-0.21042260594699144	0.7198502350522601	Non-significant
HLA-DQB2	-0.08318953599442956	0.9201767240804657	0.8123393802668016	1.0423293811773133	0.06359684929667692	0.1908474061881465	0.5590767927724449	-1.24419701614994	3.56936342366279e-8	Down	0.9206895747817477	-0.1200171310330175	0.7193137381818986	Non-significant
SPRR4	-0.061375528433805185	0.9404700002281874	0.8577774505852824	1.0311343819142156	0.046957529339207896	0.19119797488731904	0.5214568040654997	1.43385032015178	4.52652223050495e-5	Up	0.9206895747817477	-0.08854617050339034	0.7185167119548991	Non-significant
RUNX1T1	-0.14148966080360845	0.8680641506242281	0.702095558992596	1.0732661102146481	0.10826530546960894	0.19125378836502008	0.5482072275550536	-0.567691628191086	0.00484722672196657	NS	0.9206895747817477	-0.20412643197842736	0.7183899535613838	Non-significant
ZNF583	-0.17430140343681166	0.8400436674496796	0.6467614146771178	1.0910876054264937	0.13340878067620926	0.19137536619463588	0.5513833992094861	-0.667092779893375	1.4522334993477e-4	NS	0.9206895747817477	-0.2514637703582748	0.718113965275224	Non-significant
NMNAT2	-0.1647041490697796	0.8481445913397817	0.6622898491855506	1.0861547231979223	0.12620019199378238	0.1918580474298828	0.5131281761716544	-0.513954455814708	0.00134801720539165	NS	0.9206895747817477	-0.23761785907680763	0.7170199797281451	Non-significant
FLT3LG	-0.3875520275419454	0.6787163213909215	0.37924368505613915	1.2146697837677485	0.29695662220250996	0.1918657469107116	0.5173983625070582	-0.706715283893493	2.4422194075379e-4	NS	0.9206895747817477	-0.5591193882212275	0.7170025513482154	Non-significant
TEX101	-0.14135457310574984	0.8681814233328012	0.7021024416220515	1.0735455955384836	0.10832922744259021	0.19194021770634068	0.5447487295313382	0.749785835222936	0.0190066143843528	NS	0.9206895747817477	-0.20393154162664182	0.7168340169376426	Non-significant
IGSF22	-0.1549048165107255	0.8564966979481137	0.6786073606697681	1.081017737373186	0.11878165372953764	0.19219471922645626	0.5273150762281197	0.505818372816946	0.0287257979315847	NS	0.9206895747817477	-0.22348041058983845	0.716258549249768	Non-significant
FAM178B	-0.08129067300273925	0.9219256735898731	0.8158984773996886	1.0417312584440246	0.06233516262060588	0.19220283909564967	0.5396668548842463	-0.795869829657716	0.00947773242900912	NS	0.9206895747817477	-0.11727765081157822	0.71624020150375	Non-significant
CLIC3	-0.07444791440706224	0.9282558215547321	0.8299710847754683	1.038179384867793	0.05710130537804569	0.19230636694733866	0.5235742518351214	1.21299749395475	4.17522838614773e-7	Up	0.9206895747817477	-0.10740563691959466	0.7160063367478915	Non-significant
ITGA7	0.08130489661070417	1.0847015679856056	0.9598406573951136	1.2258050151610729	0.0623954765251794	0.19255511552364232	0.5490542066629023	-0.821651556653474	4.5562108263678e-4	NS	0.9206895747817477	0.1172981711402528	0.7154449391852181	Non-significant
RHEBL1	0.1757940468077388	1.1921924975138347	0.9150698060972297	1.5532399185917993	0.13497644584004354	0.19277785056652025	0.5392433653303219	-0.54785213463115	2.0682591877544e-4	NS	0.9206895747817477	0.2536171995473272	0.714942866332208	Non-significant
RCN3	-0.09248951664761677	0.9116587681544858	0.7931975336561483	1.0478117672933238	0.0710183840881889	0.19280290523813987	0.5289384528514963	-0.683351737769576	0.00128527732271139	NS	0.9206895747817477	-0.13343416700173397	0.7148864262454984	Non-significant
COL5A3	-0.1071826672855095	0.8983615567344516	0.76451086457602635	1.0556468508343748	0.08231598965718925	0.19288628429919216	0.5003529079616036	-0.667151413221727	9.25560284911089e-5	NS	0.9206895747817477	-0.1546319025620563	0.7146986529416688	Non-significant
CD7	-0.09933035007248384	0.9054435452712404	0.7796803140373255	1.0514925141923042	0.07629780353970811	0.19295846077035322	0.5396668548842463	-0.624270019749359	0.00188425151317501	NS	0.9206895747817477	-0.14330340345933704	0.714536173893219	Non-significant
BTN3A1	0.13604423696895632	1.145732576210237	0.9334432063596143	1.4063020944882425	0.10455263254900803	0.19318885483319842	0.5349378881987578	-0.64218329323559	6.6824712392697e-7	NS	0.9206895747817477	0.1962703460166364	0.7140179318752792	Non-significant
BACH2	-0.1280211879937688	0.8798347370142244	0.7253982091058646	1.0671506418675427	0.09847799985192025	0.19360170635660354	0.536914172783738	-0.74965339197873	3.55007715190276e-6	NS	0.9206895747817477	-0.18469553304732392	0.7130908192487444	Non-significant
GSTA4	-0.09398704412080104	0.9102945558306694	0.7897418960748921	1.049249359180984	0.07248197300189055	0.19473599778106843	0.562605872388481	1.16997842028681	1.3525022900430798e-11	Up	0.9206895747817477	-0.13559464246089187	0.7105537598686824	Non-significant
FRMD5	0.09587850305431657	1.1006253332538731	0.9518740337003553	1.272622302229471	0.07408354168076436	0.19559828864467282	0.5533596837944664	-1.37717128773885	9.73539767759266e-8	Down	0.9206895747817477	0.13832344088431997	0.7086349493205367	Non-significant
SNAI1	0.14138752303813323	1.1518709380307648	0.9297882375182326	1.4269987555675614	0.10928055060382852	0.19573341667285457	0.5307029926595144	-0.51358916198804	9.4925704758481e-4	NS	0.9206895747817477	0.2039790783306888	0.708335022897378	Non-significant
CACNA1C	-0.12963451066355677	0.8784164240931599	0.7216173742198126	1.0692860810770495	0.10032108959928028	0.19628927669954632	0.5407961603613778	-0.692877024689984	1.6903890481332e-4	NS	0.9206895747817477	-0.18702306566238078	0.7071034252977043	Non-significant
CD52	-0.10154334756800175	0.9034420164791744	0.7743949526785953	1.0539937977600888	0.07863915582506706	0.19661463253106765	0.5455957086391869	-0.665751159973808	6.4288676242149e-4	NS	0.9206895747817477	-0.14649608397162048	0.7063841640673503	Non-significant
PRSS3	-0.05947390640741991	0.9422601202221335	0.8609148731268119	1.0312914341186545	0.04606500094823245	0.19667364287918976	0.541607848673066	1.21630337558164	3.8357842865948e-4	Up	0.9206895747817477	-0.08580270983627905	0.7062538379408966	Non-significant
PGLYRP2	-0.18530934217419057	0.8308472280071366	0.6271065596141716	1.100781208080259	0.1435380758506225	0.196699603929714	0.5298560135516657	0.741202729095093	0.0142370809515763	NS	0.9206895747817477	-0.26734486898510074	0.7061965145662394	Non-significant
DRP2	0.14765674018640962	1.159114950485634	0.9262919460156627	1.4504578974462936	0.11440136630335697	0.1968110701564723	0.5485954263128177	-1.00727367842083	3.37178406866175e-6	Down	0.9206895747817477	0.21302364682076325	0.7059504771818312	Non-significant
IVL	-0.05161435125835527	0.9496950449293153	0.8779650167702825	1.0272854397788378	0.04006919500925818	0.1977005480484893	0.5453839638622247	1.050929809417	1.1442379401963e-4	Up	0.9206895747817477	-0.07446376859913022	0.7039921267707747	Non-significant
DACT1	0.08618429839679886	1.0900071963735194	0.9559269550065952	1.2428938026314607	0.06696963575805688	0.19812355418899444	0.537408243929983	-0.912838882825127	8.38165673268003e-5	NS	0.9206895747817477	0.12433765989955624	0.7030638897001679	Non-significant
LCE2D	-0.10466428728370321	0.9006268237176195	0.7678978377433525	1.0562976423834964	0.08134552085062893	0.19821170872776356	0.5347261434217956	1.7818155248277	4.3089530633383e-4	Up	0.9206895747817477	-0.15099864822237635	0.7028706945244888	Non-significant
PRR5	-0.1634311205178062	0.8492249911647632	0.6619245841948069	1.0895245513445764	0.12713117799008164	0.1986066533219774	0.5284443817052513	0.545516746342916	9.15882571211823e-5	NS	0.9206895747817477	-0.23578126709796562	0.7020062067337824	Non-significant
C8orf48	-0.1826099306130659	0.8330930564638516	0.630544956246044	1.1007050866924395	0.14212551616859306	0.19884480161258072	0.5206804065499717	-0.699002184079022	0.00216274508787847	NS	0.9206895747817477	-0.26345044131254797	0.701485758263524	Non-significant
SEZ6L2	-0.07945591275319486	0.9236187388783023	0.8181840866105341	1.042640145130589	0.061843998739221015	0.198869285942009	0.5444664031620554	-0.67503686443021	0.00488968715130646	NS	0.9206895747817477	-0.11463065129834038	0.7014322856332603	Non-significant
NEFL	-0.05641481216142075	0.9451469960955305	0.8671686826954856	1.030137344733996	0.04393292458153786	0.19910263840643944	0.5268210050818747	0.624498949308902	0.0314414773726561	NS	0.9206895747817477	-0.08138936973796408	0.7009229848858725	Non-significant
ZNF521	-0.1076699663097555	0.8979238926697313	0.7617978475060465	1.058374370138613	0.08388117611624167	0.19928157979315536	0.5438311688311688	-0.72830296577714	2.8148913920863e-4	NS	0.9206895747817477	-0.1553349264477661	0.7005328426136092	Non-significant
KLHL40	0.06069492068277883	1.0625746951709527	0.9685072127038481	1.165778600311664	0.047293863705231566	0.19936696004755117	0.5504305477131564	-1.23555311455533	0.0116388575181008	Down	0.9206895747817477	0.08756426107619408	0.7003468132157372	Non-significant
C1QTNF7	-0.17554895749556002	0.8389963210093183	0.6413964801671017	1.0974722319707486	0.1370221718844938	0.20013329068560487	0.5462309429700734	-0.515120934965651	0.0466444501673293	NS	0.9206895747817477	-0.25326361041207185	0.6986806636951074	Non-significant
ARHGAP4	-0.10788320459843144	0.8977324413286007	0.761077855657076	1.058923906698108	0.08425482101614183	0.20039059403970352	0.557523997741389	-0.527471356793056	0.00584077507086939	NS	0.9206895747817477	-0.15564256426936654	0.6981226672984165	Non-significant
ECM1	-0.09255016945750533	0.9116034751653922	0.7910799789880694	1.0504891009840016	0.07235134765252069	0.2008347837592322	0.5065640880858272	0.648121887653852	4.0723302218155e-4	NS	0.9206895747817477	-0.13352167050977615	0.6971610669929739	Non-significant
CCN4	-0.09999788260073196	0.9048393339400745	0.7761387027022018	1.0548813213342094	0.07828008717760553	0.20144799607259864	0.5391022021456804	-0.950453188347033	8.84490317373711e-7	NS	0.9206895747817477	-0.14426644932747282	0.6958370484490519	Non-significant
MAP4K1	-0.11738506228118313	0.8892427134018759	0.7425027728573154	1.0649826939976796	0.09201373747968487	0.20204953109574722	0.5559712027103332	-0.880516198699024	1.28085332995493e-6	NS	0.9206895747817477	-0.16935084722750507	0.6945421531043612	Non-significant
RPTN	-0.05121454478946168	0.9500748150639738	0.8781748206530141	1.027861574928368	0.040151272491467466	0.2021182577325124	0.5315852625635235	1.54362340211141	1.5322486063417e-4	Up	0.9206895747817477	-0.07388696978914208	0.6943944540535234	Non-significant
NDUFB8	-0.16124503677276744	0.8510834988003506	0.6642221079746147	1.090513418981124	0.12647867545483474	0.20235199053029854	0.5163749294184077	0.619775837342037	3.4132527794661e-4	NS	0.9206895747817477	-0.23262741492003014	0.6938925191099594	Non-significant
SRPX	0.0872653339674734	1.091186170066524	0.9539173712795124	1.2482079618147128	0.068594912573634	0.2033078354622478	0.544819311123659	-0.689752518666301	0.00216274508787847	NS	0.9206895747817477	0.1258972645563932	0.6918458833765071	Non-significant
FOXP3	-0.10953836664369516	0.8962477776833135	0.7570347327084648	1.0610610640392042	0.08612799992221697	0.20344098553995058	0.5524421230942971	-0.799062342762005	7.70535256514067e-6	NS	0.9206895747817477	-0.158030458343936	0.691561548951471	Non-significant
PHKG1	0.09683675783478274	1.101680518228245	0.9489179829926345	1.2790356869578632	0.07615939261360628	0.2035504067101563	0.5381140598531903	-0.769908344189451	0.00400332703345869	NS	0.9206895747817477	0.13970591030400664	0.6913280255282557	Non-significant
EOMES	-0.12143169527595464	0.8856515454673086	0.7343893150672883	1.0680692704751071	0.09555496691945999	0.20379815785615749	0.5292207792207793	-0.808104005427412	2.2848574495813e-4	NS	0.9206895747817477	-0.17518890458135952	0.6907997459258703	Non-significant
TYRO3	-0.17049812226201733	0.843244673019678	0.6481032565940505	1.0971424249785062	0.13429181788163078	0.20422388447116288	0.538961038961039	0.616021644629459	2.52285852705247e-8	NS	0.9206895747817477	-0.24597679546829265	0.689893467501615	Non-significant
INSYN1	-0.11109391965518739	0.8948547005372776	0.7537755987723241	1.0623386275409659	0.08753561357685397	0.20439532780707528	0.5682523997741389	0.72592768278925	0.00191478647025197	NS	0.9206895747817477	-0.16027464695945573	0.6895290357917119	Non-significant
SFRP2	0.0678855245152236	1.070242784904305	0.9637065809067012	1.1885563939617978	0.05349788705234598	0.20446302640947242	0.5387492941840768	-0.861149611669222	4.5910212972272e-4	NS	0.9206895747817477	0.09793810956625926	0.689385215177951	Non-significant
PCDH9	0.12144099739669745	1.1291227427784354	0.9356987765835267	1.3625305495370486	0.09587047163515386	0.2052555993190824	0.5407608695652174	-0.756983879109133	0.00304793073745432	NS	0.9206895747817477	0.17520232470482494	0.6877049866070073	Non-significant
KCNE5	-0.25935831422919725	0.7715465174130343	0.51647699007009	1.1525857685381045	0.20478245012185464	0.20533178620564055	0.515139751552795	-0.513628166238891	0.0130624806919789	NS	0.9206895747817477	-0.3741749537517842	0.6875438148517521	Non-significant
MAP3K21	0.14600490481946857	1.1572018639031079	0.9231039388677439	1.450666709821814	0.11531760154643644	0.20547327972999913	0.5232919254658386	0.612084778428052	3.25624625956432e-6	NS	0.9206895747817477	0.21064055212851246	0.6872446468794975	Non-significant
NHSL2	-0.1167150237844971	0.8898387399108069	0.7427035004297448	1.0661225948011448	0.09221768810305062	0.205639555311973	0.5571710897797855	-0.736677727158816	5.04947511449058e-5	NS	0.9206895747817477	-0.1683841860111313	0.686893343949942	Non-significant
LCE3C	-0.08339728559682072	0.9199855775878998	0.8085105530938766	1.0468304460974285	0.06590134450917377	0.205696855429549	0.5119988706945229	2.116960327013	0.00202422356372282	Up	0.9206895747817477	-0.12031685035413388	0.6867723474887157	Non-significant
PDE7B	-0.1649305543357499	0.8479525886740256	0.6566823729430745	1.0949335969176546	0.13042294434867505	0.2060210809699674	0.5477131564088086	-0.643635288069922	1.7626061264544e-4	NS	0.9206895747817477	-0.2379444928312542	0.686088338463339	Non-significant
PRUNE2	0.06072686134790107	1.0626086350554869	0.9671092003152442	1.1675383823527117	0.048047170811437626	0.20626560682712605	0.5457368718238284	-1.31745824660063	1.69387518993528e-5	Down	0.9206895747817477	0.08761034171536859	0.6855731811902965	Non-significant
ZNF569	-0.12228410766750204	0.88489692678421	0.7320012548918415	1.069728454424357	0.09678185135947309	0.2064086616431238	0.5597120271033315	-0.508900273217069	0.00854446347844169	NS	0.9206895747817477	-0.17641867571143727	0.6852720821180601	Non-significant
SOAT2	-0.24738678683671694	0.7808386170168703	0.5319600702312612	1.1461554728341874	0.1958199561850406	0.2064677444290487	0.5283385093167702	-0.600636211758548	0.00932247775132817	NS	0.9206895747817477	-0.35690369055078663	0.6851477866741915	Non-significant
CSRP3	0.03856568751812983	1.039318996401199	0.9789049900747215	1.1034615077382979	0.03055483523342016	0.20688419341416187	0.5494776962168266	-1.33342937453663	0.00986069169406286	Down	0.9206895747817477	0.05563852613087926	0.6842726894949377	Non-significant
ZNF501	-0.17331455976592272	0.8408730684034036	0.6424260929705178	1.1006207949878581	0.13734381936747417	0.2069837393499514	0.551171654432524	-0.508656775758723	4.4253291998133e-4	NS	0.9206895747817477	-0.2500400558881505	0.6840637713931933	Non-significant
MYOM1	0.059012563052620114	1.060788567399038	0.9677478785822179	1.162774323383756	0.04683567933743683	0.20767238858787035	0.5398785996612083	-1.01984318466068	0.00272323892688707	Down	0.9206895747817477	0.08513713206616219	0.682621241938967	Non-significant
SAMD3	-0.16216748670207884	0.850298778875108	0.6607136303248762	1.0942834840579772	0.12871016269682403	0.20768987432656766	0.5407961603613778	-0.935154294740503	3.56599205820471e-5	NS	0.9206895747817477	-0.23395822885851614	0.682584676461018	Non-significant
KIF12	-0.10786122614344137	0.8977521723174832	0.7589880713697217	1.0618862052025027	0.08566891694767353	0.20801321586399568	0.5135516657255788	-0.673727263647386	0.00687063180423893	NS	0.9206895747817477	-0.15561085606134592	0.6819090717945723	Non-significant
PPDPFL	0.10161215768028119	1.1069540648299065	0.9449482143662822	1.2967348718312748	0.08073480509375923	0.2081778371545499	0.5314088085827215	-1.22189759196439	0.0308815937504345	Down	0.9206895747817477	0.1465953559793691	0.6815655078409434	Non-significant
MYBPC2	0.042047070688906826	1.0429435696676976	0.9768117496047026	1.1135526266462135	0.03342326634253066	0.2083852464680287	0.5446781479390175	-0.900685065567258	0.0314250446897046	NS	0.9206895747817477	0.060661100366793425	0.6811330320344005	Non-significant
NCF4	-0.12969082827978667	0.8783669551670968	0.7176633247076273	1.0750563409992198	0.10309572028452117	0.20840434238283123	0.5480660643704123	-0.52691441517293	4.8901383556706e-4	NS	0.9206895747817477	-0.18710431480803036	0.6810932361726358	Non-significant
VTN	0.23350816295877985	1.263023137854645	0.8777536508722291	1.8173976777778216	0.1856653848837276	0.20850649151882233	0.5039525691699605	-0.86165847943543	3.6054722869745e-4	NS	0.9206895747817477	0.3368810687077235	0.6808804194100456	Non-significant
BPIFC	-0.07120477329437695	0.9312711731350992	0.8334593056289463	1.0405618991295158	0.05661615674811752	0.20850900810356077	0.5256916996047432	1.04926734324747	0.00339475641784863	Up	0.9206895747817477	-0.10272677331942047	0.6808751776918547	Non-significant
ADGRD1	0.10753520373104522	1.1135300604693033	0.9416530593476372	1.316779235473188	0.08553911167648146	0.20870055425046263	0.5242094861660079	-0.842304288957478	3.0037230004962e-4	NS	0.9206895747817477	0.15514050514376318	0.6804763975680013	Non-significant
HJV	0.0641605418723578	1.0662635649706131	0.9647528229030355	1.1784552094522445	0.0510437412034192	0.20876385701640646	0.5472190852625636	-1.34170914458705	0.005573307478802	Down	0.9206895747817477	0.09256409557999941	0.6803446879352404	Non-significant
GCSAM	-0.1939018839831594	0.8237387222660881	0.6087230010432773	1.1147032088447832	0.1543345058586208	0.20898034845896984	0.5505364201016375	-0.523733078306653	8.66802981785526e-5	NS	0.9206895747817477	-0.2797412864415312	0.6798945510042221	Non-significant
TESPA1	-0.13049396823894968	0.8776617867789538	0.7158913916849519	1.0759875323532506	0.1039472380544418	0.2093384567017556	0.5453839638622247	-0.820824935474926	1.79475990234267e-5	NS	0.9206895747817477	-0.18826300084425462	0.6791509818897612	Non-significant
TMPRSS13	-0.07991211812033204	0.9231974751511304	0.8148263632912365	1.045981839226272	0.0637093959281441	0.2097248697429241	0.5525127046866177	0.565138021825705	0.00400928624437141	NS	0.9206895747817477	-0.11528881651913615	0.6783500666653219	Non-significant
C8orf74	-0.2513059342655928	0.7777843842621903	0.5250026429308187	1.152277148596813	0.20053738287231235	0.21014656296464546	0.516692546583851	1.80108691585119	1.70570767679159e-7	Up	0.9206895747817477	-0.36255782511093854	0.6774777086692283	Non-significant
IL1B	0.07990423267407869	1.0831833291367428	0.9559117163998108	1.2274000876761189	0.06377359518700722	0.21022900244082404	0.5510304912478825	0.572100393462662	0.0174859678190417	NS	0.9206895747817477	0.11527744022493132	0.6773073704621548	Non-significant
AL590560.2	-0.09971300912355294	0.9050971353860762	0.7743735390870689	1.0578884519347864	0.07958712776241841	0.21024989145639095	0.5244212309429701	1.83039907360464	6.6824712392697e-7	Up	0.9206895747817477	-0.1438554637746658	0.6772642197388618	Non-significant
PSG5	-0.1482901314736294	0.8621809328263713	0.6836221833537954	1.0873783487869093	0.11840000522621104	0.2104057985578826	0.4971061547148503	-0.857813183008293	0.0150666245792234	NS	0.9206895747817477	-0.2139374372897776	0.6769422956637808	Non-significant
COL6A1	-0.09264869563538036	0.9115136627837546	0.7884413328632667	1.0537970585891967	0.07400573904759145	0.21060181910543557	0.5232919254658386	-0.869817760526322	3.16449925986109e-6	NS	0.9206895747817477	-0.13366381373799419	0.6765378818492945	Non-significant
ZBTB8B	-0.2663515071054726	0.7661697660457965	0.5048730457646111	1.1627004359356456	0.21280838424671786	0.21071474084680958	0.512987012987013	-1.76642837957954	1.08932832314254e-6	Down	0.9206895747817477	-0.38426399843436687	0.6763050816463047	Non-significant
PDE6G	-0.21456412410375453	0.806893068778072	0.5765941583003111	1.129176241329504	0.17145850824936384	0.2107865634659875	0.5560417843026539	-0.65790418386372	3.819116158198e-4	NS	0.9206895747817477	-0.30955059779717065	0.6761570765646239	Non-significant
SULT1A1	0.1141769530594027	1.1209504629492295	0.9373836040353483	1.3404650294466949	0.09124638973533346	0.21082366421511006	0.5125635234330886	0.849333471169969	5.18757490074201e-5	NS	0.9206895747817477	0.16472252396261222	0.6760806426946553	Non-significant
PURG	-0.2982438750221077	0.7421203330645344	0.4649209412474232	1.1845940672625441	0.23859827799846006	0.21130562932774993	0.5452075098814229	-0.577806399986644	0.0242322456315602	NS	0.9206895747817477	-0.43027495946990246	0.675088932888941	Non-significant
NCAM1	0.06092309220653565	1.0628171721203707	0.9659877982866912	1.169352597783744	0.04873924673240542	0.2113067891104415	0.5513128176171654	-1.30582346948683	1.00235978926916e-5	Down	0.9206895747817477	0.08789344300199002	0.6750865492049735	Non-significant
C1R	-0.1304337887629708	0.8777146055946572	0.7153300776159401	1.0769614657358255	0.10437814605254885	0.2114356979032651	0.5402315076228119	-0.582035839063074	7.85325997373246e-6	NS	0.9206895747817477	-0.18817618021269666	0.6748216864062384	Non-significant
ROPN1L	-0.29272273790752096	0.7462290130345901	0.47148836861895643	1.1810635785686054	0.23425844138757365	0.21145601668140712	0.5683229813664596	-0.743778346736338	8.9856976453476e-4	NS	0.9206895747817477	-0.42230964233462037	0.6747799531070106	Non-significant
DDO	0.16256227494135478	1.1765215839800085	0.9117149892648911	1.5182409567346264	0.1300993928834521	0.21147359015152364	0.5299265951439864	-0.522667032295932	0.0115247480068126	NS	0.9206895747817477	0.2345277878935208	0.674743861705602	Non-significant
POU2F3	-0.1062864202245536	0.8991670715555764	0.761012480101292	1.0624023175838302	0.08511335041803722	0.21175169572527483	0.5507481648785997	0.658350170012166	0.00130509621514635	NS	0.9206895747817477	-0.1533388913718039	0.6741731031168261	Non-significant
DCLK2	-0.17323348784906303	0.840941242358354	0.6407210890883939	1.1037285726077435	0.13874109395665846	0.21180783074744958	0.5388904573687182	-0.652361444992802	3.55523070049733e-5	NS	0.9206895747817477	-0.24992309383574168	0.6740579876301422	Non-significant
MVK	-0.17718132112716362	0.837627891119307	0.6339525443410651	1.1067397555920326	0.14214539635108434	0.21258841443360127	0.5103049124788255	0.523539619150064	1.93892984861967e-6	NS	0.9206895747817477	-0.2556186133283138	0.6724604071911695	Non-significant
RUFY4	-0.13544439746557177	0.8733277208131597	0.7057882251009038	1.0806376202035217	0.10867324866581787	0.21263763768440552	0.5467955957086392	-0.850575492637447	2.4237231263094e-4	NS	0.9206895747817477	-0.19540496053977402	0.6723598612053597	Non-significant
SIT1	-0.11403312877511115	0.8922283969588749	0.7457498289913773	1.0674779683375673	0.09149757727063729	0.21265548828338332	0.5486307171089779	-1.05576787950913	2.27381053945805e-7	Down	0.9206895747817477	-0.16451502938090545	0.6723234043892677	Non-significant
MAP2	-0.0833337138473964	0.9200440645395515	0.8070076065163907	1.0489133855236665	0.06688310207348408	0.21277883913632326	0.5391727837380011	1.25863365546814	2.20727645084002e-9	Up	0.9206895747817477	-0.1202251357064987	0.6720715648322864	Non-significant
PALM2AKAP2	0.11066119378207133	1.117016390637579	0.9379879503839159	1.330214973915511	0.08912376517677272	0.21436294731287958	0.5295736871823828	-0.67977583818713	2.41447612687188e-5	NS	0.9206895747817477	0.159650355488247	0.6688502803981565	Non-significant
CD27	-0.1029121350274061	0.9022062423257441	0.7667748894668792	1.0615581116088426	0.08298615779500582	0.2149339491850862	0.5589356295878035	-1.09318571730027	1.82563892771483e-6	Down	0.9206895747817477	-0.14847082685133411	0.6676949815338188	Non-significant
ZBP1	-0.08927557812487874	0.9145934968817392	0.7941677253017336	1.0532803561370587	0.07203449762231515	0.21521784430343202	0.5319734613212874	-0.591568432146712	0.0130624806919789	NS	0.9206895747817477	-0.12879743383325779	0.6671217229627521	Non-significant
ARHGEF33	-0.17301862314566493	0.8411219503621591	0.6397108950329098	1.1059466719644442	0.13965578460219713	0.21538499589299334	0.536631846414455	-0.60169689099979	0.0340173217564224	NS	0.9206895747817477	-0.24961310959368727	0.6667845537206684	Non-significant
CHN1	-0.12645737962031955	0.88121170632067	0.7212456213655473	1.0766568951730493	0.10220501704878683	0.2159789521903132	0.5376905702992659	-0.58014378435644	2.8366735566281e-4	NS	0.9206895747817477	-0.18243943446204805	0.6655885701129363	Non-significant
TSPAN32	-0.19988684319129682	0.818823403279089	0.5965372014346104	1.1239395701477364	0.16159829083699806	0.2161106145528002	0.5586533032185206	-0.53712250729635	0.00408056892487915	NS	0.9206895747817477	-0.28837575741103383	0.6653239016567958	Non-significant
COL6A2	-0.0886109134378694	0.9152015969510188	0.7953057711738559	1.0531722432058084	0.07164300370581303	0.21614658858140334	0.5268915866741954	-0.916312863432816	1.09926658562504e-6	NS	0.9206895747817477	-0.12783852538545545	0.6652516144998116	Non-significant
TMPRSS11B	-0.05938074015734998	0.9423479111536375	0.8573547851768851	1.0357667572502227	0.048226764166866165	0.21821746190764166	0.5394198193111237	1.21947360970052	0.0127727466750259	Up	0.9206895747817477	-0.08566829934932488	0.6611104998214561	Non-significant
CLIC5	0.08288570467951124	1.0864176290007115	0.9521057022809553	1.2396767100290234	0.06733027967200127	0.2183110304193126	0.5079757199322417	-1.245836485313	5.90852058069828e-7	Down	0.9206895747817477	0.11957879510171815	0.6609243205015023	Non-significant
PTPRR	0.13218552824098337	1.1413200467265845	0.9247029951818411	1.408680901702732	0.10738371175183978	0.2183361726037841	0.5580533596837944	-0.628350139234101	0.00897191554223565	NS	0.9206895747817477	0.19070340607055478	0.6608743070722833	Non-significant
ZNF90	-0.20581881642173927	0.8139805428306436	0.5864239942106969	1.1298383603806221	0.16729562256738387	0.21859594549223746	0.5390669113495201	-0.833873636138891	0.00124377129185115	NS	0.9206895747817477	-0.29693378577327917	0.6603578975861243	Non-significant
ZNF677	-0.1374227758122947	0.8716016561281908	0.7001632353579815	1.08501761960836	0.11174644211364797	0.21878205973778594	0.5535008469791078	-0.539510059336592	0.00819068798252359	NS	0.9206895747817477	-0.1982591571695934	0.6599882932907217	Non-significant
FCRL2	-0.1721427654444067	0.841858976217851	0.6398192590438648	1.107698034750747	0.14001623855192943	0.21890366618046592	0.5521245059288538	-1.81128189557986	5.91900598437982e-9	Down	0.9206895747817477	-0.24834951403155758	0.659746964843156	Non-significant
AKAP12	0.09132454775653964	1.0956245300461949	0.9470872925821556	1.267457730919578	0.07433226372160094	0.2192221760771235	0.5304206662902315	-0.739022359799086	3.0969617237955e-4	NS	0.9206895747817477	0.131753472159787	0.659115515603796	Non-significant
BNIPL	-0.06926670283050586	0.9330777924018376	0.8354583085219436	1.0421036666853847	0.056382734716803634	0.21925591444820444	0.5419254658385093	0.890554290224321	7.26922170684943e-5	NS	0.9206895747817477	-0.09993072867230032	0.65904868267082	Non-significant
TNFRSF18	-0.09621912151859434	0.9082649738619286	0.7789136647355485	1.0590971760965187	0.07838712714653896	0.219639882986415	0.560064935064935	0.639748019019691	0.00721148335277418	NS	0.9206895747817477	-0.13881484945356853	0.6582887963338491	Non-significant
SERP2	-0.19856139796716207	0.8199094284228005	0.5970734581967645	1.1259108265285913	0.16181610077420053	0.21979229876525297	0.5614412761151892	-0.514613526926857	0.0155996353159546	NS	0.9206895747817477	-0.2864635441592047	0.6579875287567005	Non-significant
HOGA1	0.1678253010047888	1.1827299708609393	0.9044402732382442	1.546647385530828	0.13687206109498748	0.22014326853258498	0.48898927159796723	0.959208733811137	1.01470539102374e-5	NS	0.9206895747817477	0.2421207294953065	0.6572945897131948	Non-significant
TCERG1L	-0.12511110443945414	0.8823988587075696	0.7224369619986011	1.0777794974586712	0.10204983855274605	0.220206041483323	0.5570299265951439	-1.09597153437949	0.00360514551784024	Down	0.9206895747817477	-0.1804971699349416	0.6571707700741815	Non-significant
AARD	-0.17733166588327437	0.8375019676245109	0.630598926759137	1.1122910553934975	0.1447748888059151	0.22062095733628623	0.556147656691135	-1.1936925182073	0.00121044055074876	Down	0.9206895747817477	-0.25583551496237844	0.6563532352176945	Non-significant
TTC29	0.22751851447778235	1.2554806841081814	0.8720937647432226	1.8074108678358105	0.18590997070895385	0.2210238436268954	0.4766022021456804	1.16962220851883	0.0117531911996022	Up	0.9206895747817477	0.3282398325475204	0.6555608729346992	Non-significant
PCSK1N	-0.08718491306126784	0.9165076057361354	0.7967803034636236	1.0542255973456458	0.0714254856767334	0.22222178041467988	0.5594297007340485	1.11104211072814	0.00101025037710412	Up	0.9206895747817477	-0.12578124171382657	0.6532133772118016	Non-significant
SMPDL3B	-0.1032095460831901	0.9019379561122995	0.7641931874165183	1.064511029503125	0.08455518259187773	0.22223083024182685	0.5822981366459627	-0.995470137769281	1.1609092678649e-4	NS	0.9206895747817477	-0.1488999003066194	0.6531956912317965	Non-significant
GIMAP1	-0.1298355453542993	0.8782398496683863	0.712949073905144	1.0818517924720243	0.10638447568787426	0.22229927614319595	0.5405138339920948	-0.791115602603622	3.37477835645619e-6	NS	0.9206895747817477	-0.18731309741376165	0.6530619514599276	Non-significant
DOK7	0.09630977805175768	1.1011001078134952	0.9432173433333847	1.2854104687495709	0.07896487968275831	0.2225963224926215	0.5569593450028233	-0.610165058035821	0.0201545186808874	NS	0.9206895747817477	0.13894563918438746	0.6524820149085637	Non-significant
CGB8	-0.14385901055828582	0.8660098376958637	0.6871578649314619	1.0914130176779968	0.11802880848116977	0.22290242510700475	0.5055759457933371	-1.83191951536586	9.23631207484174e-7	Down	0.9206895747817477	-0.2075446811196319	0.6518852065091707	Non-significant
SPRR3	-0.03418232733244728	0.9663952882984622	0.9147020628564736	1.021009890727676	0.02804875711807879	0.22296745860921235	0.5475014116318464	2.03097176524914	2.14888318677143e-7	Up	0.9206895747817477	-0.04931467412856497	0.6517585162240476	Non-significant
EPHX3	-0.05220695074867964	0.94913242285097	0.8726720205573854	1.032292012217337	0.042852080967066615	0.223107680760416	0.5631705251270469	1.12862308681837	0.00102666676126701	Up	0.9206895747817477	-0.07531870894505444	0.6514854783291304	Non-significant
SERPINB1	0.10168594415706128	1.1070357460837565	0.9398589212232936	1.3039490453653482	0.08352778124250844	0.2234555994026962	0.5556888763410502	0.795532314273822	2.40390920713546e-6	NS	0.9206895747817477	0.14670180736350424	0.6508087582145217	Non-significant
CD40LG	-0.15338692595648545	0.8577977533757372	0.6700865102593397	1.0980925215337989	0.12600309553329772	0.22347995919225194	0.5442193675889329	-1.02196874628386	1.5322486063417e-4	Down	0.9206895747817477	-0.22129055741462425	0.6507614166146359	Non-significant
CKB	-0.07983608467604082	0.9232676717035361	0.8118200886964919	1.0500149053733956	0.06563408580623209	0.22383964577194165	0.5395256916996047	0.604516320968059	0.00441021314391234	NS	0.9206895747817477	-0.11517912344611551	0.6500629901262505	Non-significant
UQCR10	-0.15075227035966682	0.8600607348069302	0.674414118658291	1.0968104716257088	0.12406282407847871	0.22431709429850943	0.529785431959345	0.565617972504144	2.2455504608212e-4	NS	0.9206895747817477	-0.21748955285064364	0.6491376293299502	Non-significant
GCLC	0.11002784958558794	1.1163091587734308	0.9347671044738295	1.3331086770141396	0.09055560093469589	0.22435432197030408	0.5237859966120836	1.22813536863467	2.03846277709234e-18	Up	0.9206895747817477	0.15873663295680457	0.6490655597846866	Non-significant
PCK1	0.12576098174695385	1.1340110865387336	0.9257316277499064	1.3891511382391453	0.10353857955238133	0.22450754786708335	0.5480660643704123	-1.10436409309937	0.00383240618186668	Down	0.9206895747817477	0.18143474470365778	0.6487690535830578	Non-significant
FBXL7	-0.1126063960021127	0.8935022769809152	0.7450388454441056	1.0715499250165927	0.09271217525291307	0.2245261470705339	0.5474308300395256	-0.92684919265784	4.84377758264914e-7	NS	0.9206895747817477	-0.16245668908462682	0.6487330761874991	Non-significant
ARNT2	-0.08992762448286319	0.9139973339071317	0.7905341405682242	1.0567426294693332	0.0740415698208854	0.2245355223786123	0.5483483907396951	-1.76766698300511	1.02115692811183e-12	Down	0.9206895747817477	-0.1297381378803516	0.6487149421767732	Non-significant
ART4	-0.2629611000083751	0.7687718019461687	0.5028318803453807	1.1753631910960207	0.21660515295032537	0.22474341495404612	0.541607848673066	-1.22142665783864	3.48827362928007e-5	Down	0.9206895747817477	-0.3793726749287895	0.6483130243601068	Non-significant
ICAM1	0.10429416639866278	1.1099269100990783	0.9379193238683811	1.3134794373156196	0.08591255251159698	0.22476404746036588	0.5371964991530209	-0.839283819571757	2.14547869666611e-7	NS	0.9206895747817477	0.15046467665699909	0.6482731559067527	Non-significant
FAXC	-0.0963788437312963	0.9081199153554249	0.7772482792430077	1.0610274769193877	0.07939768355237728	0.22479555411918242	0.562111801242236	0.600851484943419	0.0183237941136197	NS	0.9206895747817477	-0.13904527989775345	0.6482122822515508	Non-significant
CBR3	-0.11790090433568819	0.8887841229039424	0.7347137802530935	1.075163197366481	0.09713105312059721	0.2248113968766894	0.5594297007340485	0.61337065697115	0.00104767735120962	NS	0.9206895747817477	-0.17009505000142136	0.6481816758645675	Non-significant
C3	0.0761656103071095	1.0791412762775978	0.9541768390115901	1.2204717684956272	0.06279292382391649	0.22514325427790433	0.5409373235460192	-0.711498040592256	8.6380524717893e-4	NS	0.9206895747817477	0.1098837482763482	0.6475410607986314	Non-significant
SKAP1	-0.10934447381860128	0.8964215705449626	0.7511853148149326	1.0697382074571986	0.09018452778888864	0.22533913988943147	0.5644409937888198	-0.782927172426212	9.75789047639407e-5	NS	0.9206895747817477	-0.15775073012670915	0.6471633677005934	Non-significant
SLC35E2B	-0.16928768733297186	0.8442659838160652	0.6420116730596338	1.1102369027528582	0.13972762150162144	0.2256827995640386	0.530561829474873	-0.514147552455766	7.21582720502421e-7	NS	0.9206895747817477	-0.2442305069988399	0.6465015394560554	Non-significant
ELOVL1	-0.20155129977153455	0.8174616408890212	0.5900124558339473	1.1325922490576048	0.16636036862036474	0.22569068103168827	0.5069875776397516	0.500822493226829	2.6195520405900103e-9	NS	0.9206895747817477	-0.2907770606651178	0.6464863729562186	Non-significant
HRC	0.054775597817283486	1.0563035512552017	0.9666477063929154	1.1542749080302666	0.04525428245684434	0.22612701546939767	0.5474308300395256	-1.21983824419822	8.1955143126292e-4	Down	0.9206895747817477	0.07902448333272316	0.6456475492494895	Non-significant
OSBP2	-0.11198810098893794	0.8940548958061597	0.7456509344373878	1.0719951116511115	0.0926086423178832	0.22656225070277236	0.5314793901750423	-0.514791486733625	0.015937478278837	NS	0.9206895747817477	-0.16156467793531326	0.644812449623538	Non-significant
CHRNG	0.0932424887286501	1.0977278896374225	0.9436204330215889	1.2770034195097384	0.07718191113683565	0.22701367379922038	0.5561123658949746	-1.52671327950402	9.14116176648889e-5	Down	0.9206895747817477	0.13452047608896867	0.6439479829976356	Non-significant
MLXIPL	0.09064376779415655	1.0948789046520553	0.9450409727065604	1.2684739079818763	0.07508850367755666	0.22737089219224663	0.5194805194805194	1.18361570396837	3.6282169619461e-4	Up	0.9206895747817477	0.1307713142841203	0.6432651340608636	Non-significant
SORBS1	0.08277682888426362	1.0862993508563132	0.9493929349150687	1.2429482422643188	0.06873051978042792	0.228447429508629	0.5213156408808582	-0.764692048143197	5.9880948414281e-4	NS	0.9206895747817477	0.11942172053184143	0.6412137242639941	Non-significant
CRB2	-0.12684873147990552	0.8808669099534628	0.7165248817844433	1.0829023984744035	0.1053558002191682	0.22858830181290954	0.5744282891022021	-2.6666352174965	1.92876026398321e-14	Down	0.9206895747817477	-0.1830040358491155	0.640945998735565	Non-significant
ODAPH	0.09281133296131552	1.0972546999434043	0.9433674272193882	1.2762449092572892	0.0770987476763069	0.22866758917608976	0.5417843026538679	-0.986208289336442	0.0029280789496221	NS	0.9206895747817477	0.13389844980158422	0.6407953869431857	Non-significant
CERS4	-0.12391116097621524	0.8834583229715305	0.7219629078229532	1.0810785429146599	0.10299697149108808	0.22895451378702975	0.5613354037267081	0.762268595555277	1.8411959315236802e-9	NS	0.9206895747817477	-0.17876601745117982	0.6402507900333102	Non-significant
CFAP61	0.1528041559077193	1.1650967792765325	0.9083140083004025	1.4944727183284898	0.12702748311519665	0.22900650031911518	0.5229037267080745	-0.659213842207537	0.00772606376096772	NS	0.9206895747817477	0.22044979795529077	0.6401521900939288	Non-significant
CHST1	-0.09981343985474148	0.9050062403833748	0.76912878708857	1.064888363148126	0.0830032650956412	0.22916047298248773	0.5563241106719368	0.5249528595005	0.01362935596402	NS	0.9206895747817477	-0.1440003546925044	0.6398602900466506	Non-significant
SLN	0.04123151973099185	1.042093342789202	0.9743570607934351	1.1145385801394607	0.03429092094999906	0.22920727489126572	0.545701581027668	-1.15936501289228	0.0102285713856524	Down	0.9206895747817477	0.0594845090442174	0.6397716022587784	Non-significant
CD22	-0.11027119425878316	0.8955912231618908	0.7479890493456671	1.0723200288911527	0.09188727353605641	0.23011201224043623	0.5308441558441559	-1.46200567385127	6.16551310188303e-10	Down	0.9206895747817477	-0.15908770511005002	0.6380607098251847	Non-significant
ASPN	-0.06882861332738664	0.93348665354063	0.8342314043602905	1.0445511015096505	0.05735607358441193	0.23013036848954743	0.5465838509316769	-0.619687342936673	0.0194328443933664	NS	0.9206895747817477	-0.09929869911868469	0.6380260671323974	Non-significant
APOBEC3G	-0.0986681244941401	0.9060433517283341	0.7711534865429824	1.06452809918711	0.08224626951040806	0.23026874573795528	0.5429136081309994	-0.886608252610084	1.51898753400405e-7	NS	0.9206895747817477	-0.14234801390151083	0.6377650046092215	Non-significant
ZNF69	-0.18424465181011093	0.8317322941218933	0.6152571124637678	1.1243732011728775	0.15381424355917042	0.2309798222693702	0.5441840767927725	-0.975926431361245	8.195608575869711e-9	NS	0.9206895747817477	-0.26580884547676087	0.6364259571633417	Non-significant
SCN11A	-0.2621104033501317	0.769426071802169	0.5010656366391097	1.181514828955061	0.21883451698899953	0.23101193643696494	0.5341261998870694	-1.0005102413577	7.35392226856547e-6	Down	0.9206895747817477	-0.3781453790786408	0.636365579437822	Non-significant
AICDA	-0.24862294567810092	0.7798739728063242	0.5191110862840224	1.1716247823070989	0.20766424136812067	0.23121488200678042	0.5295736871823828	-1.01949639454823	7.8120825759754e-4	Down	0.9206895747817477	-0.3586870907810023	0.6359842162488235	Non-significant
SPRR2G	-0.03822322788674696	0.9624980605004005	0.9041020658984219	1.024665855117199	0.031934154308591645	0.23133041510676194	0.5278091473743647	1.48787046215478	7.070916379495e-5	Up	0.9206895747817477	-0.05514446131897852	0.6357672628427216	Non-significant
KLHL31	0.08611942500993588	1.0899364862086145	0.9465460448238447	1.25504887001019	0.07196820358713099	0.23145018670934486	0.5325381140598532	-0.989670990540017	8.21093080614091e-5	NS	0.9206895747817477	0.12424406738604353	0.6355424645385241	Non-significant
MYOD1	0.09482417993505407	1.0994655300304899	0.9412763781459274	1.284239655632599	0.07925791332415583	0.2315404401530689	0.5367730095990966	-1.13630043275837	0.0141723831233179	Down	0.9206895747817477	0.1368023741486654	0.6353731454603206	Non-significant
VASH2	-0.11468027682220656	0.8916511798868153	0.7389283274170084	1.0759390283123822	0.09585587964932273	0.2315474091497972	0.5383258046301524	-1.2078618443444	5.22782683434898e-9	Down	0.9206895747817477	-0.16544866665917093	0.6353600740881036	Non-significant
PYGM	0.048459715323918545	1.0496530860340274	0.9695146169927059	1.1364156679125619	0.040520868509443864	0.23172779637274946	0.5259034443817052	-0.997243440268409	0.00918127942464015	NS	0.9206895747817477	0.06991259098070812	0.6350218682935379	Non-significant
HTR3B	-0.21544180917992123	0.8061851814700483	0.5657953265193336	1.1487096417359433	0.1806569272259589	0.2330469794881064	0.5423136645962733	1.42049860487556	0.00127701700226575	Up	0.9206895747817477	-0.3108168297040188	0.6325565215670484	Non-significant
WFDC12	-0.0472168791906427	0.9538804983246629	0.8825463537131989	1.0309804139531844	0.03965740570873114	0.23380300641646273	0.5097755505364201	0.93743725997264	0.0256882297122286	NS	0.9206895747817477	-0.06811955745459358	0.6311499086502891	Non-significant
TNIK	0.09205587984173759	1.096426088485324	0.9421378957732386	1.2759811200722266	0.07737872225511608	0.23417238449639874	0.5077639751552795	-0.639475012628771	0.00144546580135837	NS	0.9206895747817477	0.13280856133234514	0.6304643217656728	Non-significant
ABRA	0.08616336663605309	1.0899843808424592	0.9455181862380595	1.256523637273955	0.07254496730900943	0.234942339583402	0.5452780914737436	-1.29516649333529	0.00375287525936417	Down	0.9206895747817477	0.12430746175213125	0.6290387108065721	Non-significant
KIRREL2	-0.16336829738020459	0.849278343819111	0.6485042082371807	1.1122112950365575	0.1376140025061183	0.23516893389102414	0.5312323546019198	-1.07839640497176	0.00119624455342087	Down	0.9206895747817477	-0.2356906324688945	0.6286200496486525	Non-significant
TBC1D10C	-0.09945799191624446	0.9053279801633294	0.7680587391871357	1.0671302985681093	0.08389494644970445	0.2358173046958936	0.5395962732919255	-0.887403318076856	2.60497130167496e-6	NS	0.9206895747817477	-0.1434875517143405	0.6274243287651599	Non-significant
GAPT	-0.14904828538110745	0.8615275147102436	0.6732939466925076	1.1023857592199386	0.12578036664983322	0.2360220020779028	0.5321852060982496	-0.798435059819381	2.388406171831e-4	NS	0.9206895747817477	-0.21503122217232662	0.6270475100145066	Non-significant
VSIG8	-0.09530076481981384	0.9090994682080292	0.7764373052654499	1.0644283028280939	0.08048036404641368	0.23635397709152198	0.5018704121964992	1.91632329514954	2.55267020464306e-6	Up	0.9206895747817477	-0.13748994079847077	0.6264370854940479	Non-significant
CRYM	-0.14836385333345462	0.862117373587379	0.6743976954852064	1.1020891245876212	0.12529385133469478	0.23636272717454715	0.5404785431959345	1.40825705788905	1.6496413231754e-9	Up	0.9206895747817477	-0.21404379545135238	0.6264210077344081	Non-significant
TEKT1	0.18457571289911182	1.2027080383501005	0.8860695117283168	1.6324979094365555	0.1558883689130913	0.23640319998125864	0.5042348955392434	0.656438738496822	0.00369793650705618	NS	0.9206895747817477	0.2662864656680937	0.6263466490902875	Non-significant
PIWIL1	-0.1888244743207756	0.8279318172360667	0.6056116805960202	1.1318657085959785	0.15953957192507542	0.23658773268137212	0.5371259175607002	-1.0919600277762	0.00339475641784863	Down	0.9206895747817477	-0.27241613270104836	0.6260077777423529	Non-significant
SOBP	-0.11782927360279456	0.8888477894422634	0.7312747739395269	1.0803741916875307	0.09956138482885697	0.2366175126746895	0.5273856578204404	-0.749381014336	5.96910669618138e-5	NS	0.9206895747817477	-0.1699917086983005	0.625953115259581	Non-significant
VCAM1	-0.07251784229401359	0.9300491523018157	0.8247600524991168	1.0487794881387666	0.06129956420653074	0.2368061873786896	0.5548418972332017	-2.35764330174098	3.5099036241805297e-22	Down	0.9206895747817477	-0.10462113145354135	0.6256069543590985	Non-significant
ELF3	0.0659208059089409	1.0681421232717947	0.9573745227567891	1.1917254620712512	0.0558588933349935	0.23794815767345698	0.5042348955392434	1.08586954874349	1.83414936144834e-6	Up	0.9206895747817477	0.09510361977623276	0.623517653400836	Non-significant
VSIG10L	-0.0670078974190627	0.9351878157375298	0.8366599482058863	1.045318653748578	0.05680189485549473	0.2381286454171721	0.5309147374364765	1.4689351589707	2.28978493020821e-10	Up	0.9206895747817477	-0.09667196130687805	0.623188358487103	Non-significant
C1QTNF2	-0.15430196124571943	0.8570131971634248	0.6631067808479686	1.1076219416321555	0.1308785699412363	0.23840995870307688	0.5294325239977413	-0.567503258305633	4.5562108263678e-4	NS	0.9206895747817477	-0.22261067428864045	0.6226756074911082	Non-significant
CD163	0.07355181385951862	1.0763243037433963	0.9523862790435257	1.2163909039010448	0.0624176699234594	0.23864463678877107	0.5429136081309994	-0.789655465468464	5.2763897804249e-4	NS	0.9206895747817477	0.10611283710351553	0.6222483213614907	Non-significant
AOX1	-0.09936710206694684	0.9054102690265659	0.7674537418200725	1.0681656894585194	0.08434337152027874	0.23874645777121536	0.5349378881987578	-0.668043850269175	0.00462607262295652	NS	0.9206895747817477	-0.14335642537949173	0.6220630632283081	Non-significant
CCBE1	0.0816153493223317	1.0850383688063523	0.9472180428597412	1.2429115668315864	0.06930806729123025	0.23896664543822602	0.5508187464709204	-1.05824959636103	9.33563981595243e-5	Down	0.9206895747817477	0.11774605972774839	0.6216627129138818	Non-significant
CFAP221	-0.27320821411692736	0.7609343338629863	0.48285464305524284	1.1991622505435067	0.23206110221873394	0.23907118172475417	0.5603825522303783	-1.1211010180022	8.20874763781944e-5	Down	0.9206895747817477	-0.3941561356366212	0.6214727717395989	Non-significant
LTB4R2	-0.1132257885228217	0.8929490197127118	0.7393793148482591	1.0784152812951395	0.09628667742232212	0.23962535669385304	0.5263269339356296	0.839768816918191	9.73659286044257e-7	NS	0.9206895747817477	-0.1633502836026173	0.6204672276452037	Non-significant
COX6B2	-0.09747526822580055	0.9071247760835106	0.7710915638141638	1.0671564805018092	0.08289585202335992	0.23964430852719484	0.5039525691699605	-0.884884809100606	2.0029591300452e-4	NS	0.9206895747817477	-0.14062708607868393	0.6204328808995452	Non-significant
COL4A3	0.10618574915969368	1.112028415667465	0.931635550443825	1.327350804359903	0.09030744014936347	0.23966479927542997	0.5346202710333146	-1.3435875745494	2.34514824417426e-7	Down	0.9206895747817477	0.15319365372576946	0.6203957482068876	Non-significant
LOXL1	-0.10300630655610332	0.9021212841850859	0.7595279881245526	1.0714849539504951	0.08778314382444197	0.24062828864239375	0.5377611518915867	-0.561170615664974	0.00124159197278658	NS	0.9206895747817477	-0.14860668764877855	0.6186533176482668	Non-significant
CLDN10	-0.07770110023244235	0.9252409395184056	0.8125430272912175	1.053569801730738	0.06626923265241697	0.2409937991297318	0.509175607001694	-1.20816480860326	0.00295977948561506	Down	0.9206895747817477	-0.11209899197696079	0.6179941318582696	Non-significant
SYCP2	-0.08169145084189641	0.9215562602418346	0.8038537400096396	1.0564931137606348	0.06971887850931738	0.24130691844322125	0.547360248447205	-1.37330651858804	1.62262401276995e-5	Down	0.9206895747817477	-0.11785585101262852	0.6174302263769941	Non-significant
ADTRP	0.08805988481632136	1.0920535174943884	0.9424549167976244	1.2653983376988973	0.07516825840623988	0.24139641437025694	0.5569593450028233	-0.74025817475253	4.4285021613885e-4	NS	0.9206895747817477	0.12704355912576012	0.6172691850703876	Non-significant
FBXO32	0.09343511370555024	1.0979393598133715	0.9390051720698667	1.2837744388246064	0.07978177490320733	0.24154509787688994	0.5141163184641446	-0.703236842455081	8.21501446535446e-5	NS	0.9206895747817477	0.1347983751878938	0.6170017720322314	Non-significant
MUC19	-0.2518237827281586	0.7773817140846572	0.5100231354871754	1.1848919928229324	0.215042424855104	0.24158176187076308	0.5724520045172219	-1.14986374244439	0.00867194888957959	Down	0.9206895747817477	-0.3633049225198142	0.6169358557208819	Non-significant
ACP7	-0.06934748587331342	0.9330024185830954	0.8307556364600797	1.0478334119900197	0.059221547960967465	0.24160520338312755	0.5265386787125917	0.642256136607817	0.0459562348301179	NS	0.9206895747817477	-0.1000472739675468	0.6168937166724082	Non-significant
DSEL	-0.12727947401816908	0.8804875648107072	0.7114482866767174	1.0896903770864899	0.10876377008447669	0.24190528871169417	0.5301383399209486	-0.597116254854456	0.00109811603983435	NS	0.9206895747817477	-0.18362546597296825	0.6163546366683098	Non-significant
GYPC	-0.10887151621228916	0.8968456402207986	0.7471183043410904	1.0765793017110221	0.09319570104631916	0.2427248099203695	0.5451016374929418	-0.821067823691557	6.58351178843627e-7	NS	0.9206895747817477	-0.15706839653353186	0.614885830339574	Non-significant
CDKL2	0.13700435587084314	1.1468331439665722	0.9112158611560209	1.4433750729840025	0.11733879693602214	0.2429696064970927	0.49922360248447206	-0.87965306425779	0.00124440995824559	NS	0.9206895747817477	0.19765550479505217	0.6144480496780371	Non-significant
LCE2C	-0.08238861494705157	0.9209140081998612	0.8018902548740539	1.0576043359348908	0.07061094281972762	0.24329248068882045	0.5325028232636928	1.21068089287982	0.0168668401963046	Up	0.9206895747817477	-0.11886164620982163	0.6138713133701124	Non-significant
ADAMTS10	-0.13963950252300986	0.8696716933462726	0.6877682383156467	1.0996856383773004	0.11972865830247024	0.24349328006215265	0.5412902315076228	-0.703418075527102	4.70682639898035e-6	NS	0.9206895747817477	-0.2014572178021482	0.6135130199614494	Non-significant
ECEL1	-0.11047885079769845	0.8954052670963708	0.743673086942109	1.07809547827073	0.09473382707612647	0.24353247610533757	0.5706168831168832	-1.80234608575777	1.11022106398214e-11	Down	0.9206895747817477	-0.1593872901689512	0.6134431155463796	Non-significant
HMSD	-0.12924391825104514	0.8787595938988345	0.7071241741497807	1.0920549064776788	0.11087197350615534	0.2437340867504816	0.5543125352907962	-0.598872615453065	0.048074373431727	NS	0.9206895747817477	-0.18645955992584143	0.6130837295250512	Non-significant
MRLN	-0.06288861599318003	0.9390480628000792	0.8447675157331612	1.0438508202854728	0.05398323827949985	0.24403291450015854	0.5318675889328064	1.70498238485083	7.04191266393763e-8	Up	0.9206895747817477	-0.0907290944217311	0.6125515932442929	Non-significant
UCHL1	0.06328024835949785	1.0653253530828761	0.9577212465510601	1.1850192443868346	0.05432689933310529	0.24409790185766825	0.4944240542066629	0.645293500084817	0.0308602323346732	NS	0.9206895747817477	0.0912941004944696	0.6124359535428814	Non-significant
CRABP2	-0.07152414462721386	0.9309737993081678	0.825349705352216	1.0501151322619269	0.06144192113156232	0.24438609870222566	0.5123517786561265	0.693715568153042	0.00106221622801337	NS	0.9206895747817477	-0.1031875287575064	0.6119235014925711	Non-significant
PHOSPHO1	-0.14549099563980933	0.8645976751877908	0.676749235168264	1.104588082399931	0.12498366650347707	0.24439156327834324	0.5379023150762281	-0.838893193762249	2.28558411413023e-5	NS	0.9206895747817477	-0.20989913790355078	0.6119137905935734	Non-significant
SLC9A3	0.09405855921614313	1.0986240785983983	0.9376653040810718	1.2872128901677085	0.08082840949807527	0.24455293676086792	0.5511363636363636	0.802272637237348	8.8508032858486e-4	NS	0.9206895747817477	0.1356978169342905	0.6116271175027621	Non-significant
F5	-0.11131716751371469	0.8946549484396331	0.7416638642695204	1.0792051700615886	0.0956864440038917	0.24468607374663248	0.5506775832862789	-0.846816125703437	4.03769987690382e-5	NS	0.9206895747817477	-0.16059672553784224	0.6113907477185043	Non-significant
NOS2	-0.09958795749461338	0.9052103263344135	0.7653902737500572	1.070572442588991	0.0856043566656923	0.24468691508093612	0.5409726143421796	-0.640432076004505	0.0255512295820978	NS	0.9206895747817477	-0.1436750524097396	0.6113892544327945	Non-significant
AZGP1	-0.05763212992086872	0.9439971518767811	0.8565188184035899	1.0404098586092894	0.049616656746184845	0.24541910249352145	0.5151044607566346	0.77046009554351	0.0265843014704876	NS	0.9206895747817477	-0.08314558803270582	0.6100916364555925	Non-significant
LGR5	-0.07839576933540165	0.9245984264177666	0.8100325601561043	1.0553677619693	0.06749362034609822	0.2454270054527225	0.55371259175607	-0.972738642608706	7.6034459934457e-4	NS	0.9206895747817477	-0.11310118764685902	0.6100776515771694	Non-significant
PCBP3	-0.118668737687384	0.8881019467442384	0.7268251913097451	1.0851647373278528	0.10224705472848392	0.2458013983600496	0.5413608130999435	-0.535601842421192	0.0182784137730913	NS	0.9206895747817477	-0.17120279937014207	0.6094156507484834	Non-significant
MPEG1	-0.08361042157659129	0.9197895164550288	0.798654051612571	1.0592981440116436	0.07205080461672735	0.2458709183969706	0.5449604743083004	-0.676522798093226	0.0013282586460645	NS	0.9206895747817477	-0.1206243405751839	0.6092928365586716	Non-significant
ABLIM1	-0.1105172068408737	0.8953709235519322	0.7429056063406778	1.079126451462806	0.09524107632727549	0.2458882861438858	0.5390316205533596	0.71651038741922	2.90081588871877e-7	NS	0.9206895747817477	-0.15944262624222827	0.6092621600951429	Non-significant
AMIGO2	0.0851838650549365	1.0889172621255852	0.9429708115540756	1.2574522872037834	0.07342166272982233	0.24596709895105057	0.5507481648785997	-0.505926023416245	0.0114588612964998	NS	0.9206895747817477	0.1228943396785116	0.6091229811064192	Non-significant
PEBP4	0.0931158206539175	1.0975888513651029	0.9378175687551398	1.284579567260707	0.08026456628098012	0.2460035431235476	0.5186335403726707	-1.48757351069946	1.70076360614435e-5	Down	0.9206895747817477	0.13433773268571295	0.6090586378237582	Non-significant
GSDMA	-0.056369303022072985	0.9451900099006332	0.8593066208441544	1.0396570131605969	0.048603018981227965	0.24613425250290366	0.5069169960474309	0.971902190646859	0.00141852245224012	NS	0.9206895747817477	-0.08132371392831195	0.6088279448592	Non-significant
LDLRAD4	-0.0958100186595559	0.9086366236758172	0.7727942517745224	1.0683574728838425	0.08262009756771267	0.24619319596708972	0.5602766798418972	-0.504863116069592	0.00496806177347139	NS	0.9206895747817477	-0.1382246387876204	0.6087239538205442	Non-significant
PCDH18	-0.10538174012218393	0.8999808981847918	0.7530934994664688	1.075518003636105	0.09091195088059843	0.24638988272898474	0.5330321852060982	-0.57547990069014	0.0020591038506375	NS	0.9206895747817477	-0.15203371387452425	0.6083771291585186	Non-significant
CD247	-0.09643139499336133	0.9080721937616926	0.7714463461998411	1.0688949570441852	0.08319375288177648	0.24640799892027448	0.5422783738001129	-0.820880792757525	1.97179880756612e-5	NS	0.9206895747817477	-0.13912109534292713	0.6083451981693372	Non-significant
RASL12	-0.13785842534315515	0.8712220259744548	0.6900274610637062	1.099996538359445	0.11896415446189254	0.24652824787171285	0.5232919254658386	-0.646356569449272	2.72279637055195e-5	NS	0.9206895747817477	-0.19888766658733142	0.6081333109022103	Non-significant
ROMO1	-0.12310022718379936	0.8841750397454681	0.7179791780003987	1.0888414662471813	0.10623383123997976	0.24655129017801253	0.504093732354602	0.574443219493827	6.8554739558168e-4	NS	0.9206895747817477	-0.1775960872903721	0.6080927205077148	Non-significant
ZNF486	-0.12170500922642785	0.8854095176209743	0.7203349458747624	1.0883131776173802	0.10527436470388835	0.2476506826623906	0.5276679841897234	-0.552655740932415	0.00757723456499164	NS	0.9206895747817477	-0.17558321326231294	0.6061604705238405	Non-significant
SLC5A1	-0.057620019165814836	0.9440085844642876	0.8561109485071471	1.040930745128566	0.049865854731268026	0.24788553543946876	0.5273150762281197	1.11114318301786	1.6880940404541e-4	Up	0.9206895747817477	-0.08312811590644811	0.6057488143459248	Non-significant
APOBEC3H	-0.1654593018562061	0.8475043543571346	0.6400257830163748	1.122241712309154	0.1432615690060642	0.24811275264813293	0.5357142857142857	-0.931871658221733	8.37479167974415e-7	NS	0.9206895747817477	-0.23870731425689853	0.6053509130257424	Non-significant
MOB3B	0.09768464430859922	1.1026150143554458	0.9340422605544725	1.3016112024314106	0.08465371840906923	0.24852800152697577	0.5584415584415585	-0.529463606574123	6.1903551111066e-4	NS	0.9206895747817477	0.14092915191501848	0.6046246724294703	Non-significant
MUC22	-0.16961700019525575	0.8439880019424213	0.6324935440501946	1.126202400203837	0.14718039083777282	0.24913911037505831	0.5096343873517787	1.36891726747407	9.5898223813033e-4	Up	0.9206895747817477	-0.24470560503215774	0.6035580906618075	Non-significant
DOK5	0.10755535675223254	1.1135525016903332	0.9273997578035649	1.3370708409042382	0.09333126852142622	0.24915496786855032	0.5407961603613778	-0.790712529759798	5.5919624602669e-4	NS	0.9206895747817477	0.1551695798074892	0.60353044906531506	Non-significant
CLIP3	-0.11866532278288408	0.888104979532751	0.7257659935922701	1.0867558712236536	0.10299287017494463	0.2492511129221005	0.5333145115753811	-0.862705140958121	1.61926773828009e-6	NS	0.9206895747817477	-0.17119787270435494	0.6033628938594442	Non-significant
ATP5F1D	-0.11867785750330169	0.8880938474548999	0.7254879362228344	1.0871451370970748	0.10318198656349414	0.250069741101612	0.5011293054771315	0.527157942989635	0.00148137732035188	NS	0.9206895747817477	-0.17121595648334043	0.6019388555210984	Non-significant
NRAP	0.03358726835794957	1.0341576890318243	0.9765998595048598	1.0951078022127456	0.029217648908724674	0.25032756862501215	0.5353260869565217	-1.26542869791747	0.0142370809515763	Down	0.9206895747817477	0.04845618549702077	0.60149131882005	Non-significant
IL26	-0.29472642332522964	0.7447353018063452	0.45057181778011773	1.2309484256897125	0.2563880649553058	0.25033645729918086	0.5504658385093167	-0.65423636379331	0.0261919936117197	NS	0.9206895747817477	-0.42520034935025003	0.6014758980910044	Non-significant
PPP2R5A	0.22246746253911467	1.249155174651779	0.8547371804456395	1.8255771318450984	0.1935896343623728	0.2504857557165522	0.49414172783738	0.534422584991596	2.45755768647538e-14	NS	0.9206895747817477	0.3209527049643319	0.6012169659627686	Non-significant
CDKN2C	-0.11921500225529034	0.8876169406009397	0.7241723803782063	1.0879506794090963	0.10383395809379434	0.2509144244043953	0.5374788255223037	-0.63776084035088	2.2300152251961e-4	NS	0.9206895747817477	-0.17199089255327396	0.6004743715304784	Non-significant
BHLHE22	-0.164432515082811	0.8483750075296705	0.6406043767126292	1.1235329940991634	0.14332441654801198	0.25126799713208836	0.5467955957086392	-0.593138646911636	0.00800207988765921	NS	0.9206895747817477	-0.23722597407087118	0.5998628220083266	Non-significant
CD24	-0.07680421591564145	0.9260711458501895	0.8121243692569688	1.0560054588202148	0.06698978734269265	0.25158570537484504	0.5399491812535291	0.664283263912142	9.88753353526028e-5	NS	0.9206895747817477	-0.11080506142086112	0.5993140383189306	Non-significant
NT5C1A	0.18285992764952683	1.2006462189638063	0.8781293467788591	1.6416161792109116	0.15960563894073965	0.2519199596750739	0.5068111236589498	-1.31969318475341	0.00409725920900161	Down	0.9206895747817477	0.2638111107972869	0.5987374218891939	Non-significant
C17orf50	-0.29034866025885336	0.7480027232850646	0.45508352198961494	1.2294623887846263	0.25353815464245144	0.2521316017755108	0.5263975155279503	-1.06633493072945	1.3944754628047e-4	Down	0.9206895747817477	-0.4188845722842023	0.5983727171296442	Non-significant
C9	0.18301835749209366	1.2008364522241701	0.877801864943022	1.6427490560001625	0.15987678198640087	0.25231425854402034	0.5335262563523433	-0.740182409278653	0.00282148481276058	NS	0.9206895747817477	0.26403967674548706	0.5980582063511729	Non-significant
PNPLA1	-0.07710748560983537	0.9257903391192236	0.8111637457416333	1.0566149640019553	0.0674389196484238	0.25288593783838803	0.5250211744776963	0.908260922059151	0.00264234168288499	NS	0.9206895747817477	-0.11124258710472659	0.5970753196828276	Non-significant
FHL5	0.14611119676037645	1.1573248716724958	0.9008635042941768	1.48679667031375	0.12781496249710148	0.2529778689213382	0.5328204404291361	-0.771831461200044	3.8172541607223e-4	NS	0.9206895747817477	0.21079389898454667	0.5969174702302805	Non-significant
OXT	-0.2968081340857927	0.7431865908582073	0.44673641473047015	1.2363583773771383	0.25968762918253513	0.2530622959090763	0.5240683229813665	-0.726968642812288	0.0147180842208816	NS	0.9206895747817477	-0.42820362314107974	0.5967725561393176	Non-significant
UCP3	0.0945890553159811	1.0992070490053745	0.9345720493043211	1.2928442889796548	0.0827849962271176	0.2532101314806207	0.5077639751552795	-0.840841122734728	4.16318109004546e-5	NS	0.9206895747817477	0.13646316102673764	0.5965189212530305	Non-significant
GPR160	0.09703078307646416	1.1018942927952102	0.9329394101086591	1.301446824240432	0.08492288917899896	0.2532150267753639	0.5011998870694523	0.797757163602029	7.99827446684644e-5	NS	0.9206895747817477	0.13998582955798763	0.5965105251476647	Non-significant
CYP4F11	0.04773116029596405	1.048888634506905	0.9663987759721349	1.13841966168786	0.04179152235937636	0.2534018879189335	0.5247035573122529	3.10198558479887	9.6737466773663e-28	Up	0.9206895747817477	0.06886150825486356	0.5961901538183202	Non-significant
SCARF2	-0.1014894140387261	0.9034907436096203	0.7590317990197946	1.0754431169318859	0.08889050710006698	0.25356413677105677	0.5289384528514963	-0.753688132744999	1.2752661090813e-4	NS	0.9206895747817477	-0.14641827433639681	0.5959121715467425	Non-significant
CRTAM	-0.12249569432262529	0.8847097142098824	0.7168692359238206	1.0918466565365461	0.10733163416632452	0.2537524653232671	0.5340203274985884	-0.958486087470286	1.4114491805021e-5	NS	0.9206895747817477	-0.17672393072950193	0.5955897296852728	Non-significant
TMEM200C	-0.13584441714819936	0.8729784423992277	0.6912934217812486	1.1024137318276641	0.11905652169672129	0.2538666867197768	0.5511363636363636	-1.00728364466883	4.4253291998133e-4	Down	0.9206895747817477	-0.1959820669521589	0.5953942850380132	Non-significant
FGFBP3	-0.17943755861225802	0.8357401340877109	0.6138744633783719	1.137792192692069	0.15741476506661978	0.254326726536249	0.5715697346132129	0.724956682831908	2.4521570368015e-4	NS	0.9206895747817477	-0.2588736759591274	0.5946079985450644	Non-significant
GIPC2	-0.08220769086696005	0.921080638792927	0.7995902996441779	1.0610303095681934	0.07216873278732519	0.2546597870083535	0.5522303783173348	1.07180430137197	2.2011570066648e-4	Up	0.9206895747817477	-0.11860062793669626	0.594039628492141	Non-significant
TSPAN7	0.06750881783235735	1.069839693223374	0.9524682217149191	1.2016747048374046	0.059290555497846766	0.2548658666555853	0.5203274985883681	0.818392236138431	7.2064043748147e-4	NS	0.9206895747817477	0.09739463670301839	0.5936883242629547	Non-significant
B3GALT2	-0.1975768088077633	0.8207170999047597	0.5840721944800978	1.1532419526932836	0.1735510840936595	0.2549384524082572	0.5419607566346697	-1.06743258373568	2.9023388443687e-5	Down	0.9206895747817477	-0.285043082261627	0.5935646548828243	Non-significant
CD37	-0.09696090967955759	0.9075914834817778	0.768014188406927	1.0725352647420239	0.08519858688962546	0.2550963805637784	0.5506775832862789	-0.754759450159909	2.32881654408854e-5	NS	0.9206895747817477	-0.13988502355478047	0.5932957033358393	Non-significant
RAET1E	-0.07777712383139218	0.9251706020459753	0.8091680345250507	1.057803331779555	0.0683540892885534	0.2551805360140477	0.5095285149632975	0.78717111310279	0.00121957626955939	NS	0.9206895747817477	-0.11220867084615639	0.5931524546533377	Non-significant
DOCK10	-0.10389800246121128	0.901317224871543	0.7536226651517445	1.0779568840151132	0.09131059513562298	0.25518201665661255	0.5533596837944664	-0.716689157648849	7.41147551371212e-6	NS	0.9206895747817477	-0.1498931329090589	0.5931499347392404	Non-significant
ARHGAP26	-0.1381415450598849	0.8709754007551307	0.6862996422716633	1.105345394337651	0.12158356333555338	0.2558787196506334	0.5444664031620554	-0.670725157726319	7.85243338832429e-6	NS	0.9206895747817477	-0.19929612199863525	0.5919658310436416	Non-significant
WDFY4	-0.0811274511171599	0.9220761643180365	0.801647691186122	1.0605961473493004	0.07140876333210316	0.25591497819485715	0.540725578769057	-0.77957750418262	6.4490665365109e-4	NS	0.9206895747817477	-0.11704217140668839	0.591904294976391	Non-significant
EBF3	-0.10828747625118176	0.8973695869016387	0.7444076946139019	1.081762294133303	0.09534815069293136	0.2560795872909075	0.5273856578204404	-0.773157972368047	5.99902954998021e-5	NS	0.9206895747817477	-0.15622580497796132	0.5916250387913918	Non-significant
SPRR2B	-0.038329722086197025	0.9623955654976338	0.9006835382135036	1.0283359084441899	0.03381265954615028	0.25696620535306086	0.5292560700169395	1.76846231118196	4.20463300268525e-6	Up	0.9206895747817477	-0.05529809997240854	0.5901239887066247	Non-significant
CACNA1D	-0.15053942285118013	0.8602438160749858	0.6630106754400028	1.1161500870316228	0.1328722192904879	0.2572294291162908	0.5356084133258046	-0.589722543885604	0.0132795080540147	NS	0.9206895747817477	-0.21718247880568436	0.5896793461223666	Non-significant
CYP2C18	-0.06906183710826944	0.9332689676396387	0.8281598659041114	1.0517183961918832	0.06096399337141996	0.2572856746629328	0.5400903444381705	1.69825948216505	1.38764691911701e-10	Up	0.9206895747817477	-0.09963516991078174	0.589584394077398	Non-significant
SNAP25	-0.14667955435054633	0.8635706605441668	0.6699478984443598	1.1131526608029574	0.12953083872394536	0.257470092279296	0.5355731225296443	-1.07401481999288	1.18988516189222e-7	Down	0.9206895747817477	-0.2116138656613363	0.5892732113312398	Non-significant
EMB	0.0899382340879038	1.094106703119695	0.9361767396229969	1.2786789365152504	0.07953678295296222	0.2581496548282369	0.5515951439864484	-0.732306484216974	6.16097126776126e-5	NS	0.9206895747817477	0.12975344430492966	0.5881284513112859	Non-significant
MGAT5B	-0.10578497146933173	0.8996180708314069	0.7488100790048297	1.0807983173009643	0.09361647646481015	0.25848363747103015	0.5465838509316769	-1.59147073595026	1.2684044025595799e-11	Down	0.9206895747817477	-0.1526154537393853	0.5875669434054498	Non-significant
PARP15	-0.12552725655881117	0.8820317229498605	0.7094475211310823	1.0965997302373471	0.11109464064899803	0.25851296955426784	0.5383963862224732	-1.09707212909662	7.89651806399388e-9	Down	0.9206895747817477	-0.1810975505337934	0.5875176635388765	Non-significant
FATE1	-0.25194694566773773	0.7772859753634277	0.5020688543560948	1.2033677896063277	0.22299953795269284	0.2585566003384163	0.521774421230943	-1.06630600139205	2.67197727642318e-5	Down	0.9206895747817477	-0.3634826090819662	0.587444371239561	Non-significant
CORO1A	-0.09790636824262315	0.90673379885848	0.7650855667133493	1.074606838453623	0.08666548599612327	0.25860086393830367	0.5371964991530209	-0.791429952745476	1.03048678102011e-6	NS	0.9206895747817477	-0.14124903193508118	0.5873700285545759	Non-significant
PKDCC	0.06617634981193711	1.0684151153581765	0.9525002947755791	1.1984362262006223	0.05859353193397703	0.25872326902260556	0.5369847543760587	-1.84994839359739	1.38311794134131e-10	Down	0.9206895747817477	0.09547229169781508	0.5871645100014127	Non-significant
SIX2	-0.08119134132952234	0.9220172545579824	0.8006830502425973	1.0617382464198095	0.07199048685854363	0.259401634114738	0.5579474872953134	0.559635951184854	0.0297872895004031	NS	0.9206895747817477	-0.11713434549922506	0.5860272923815527	Non-significant
EPN3	0.10955883750322228	1.1157857190496832	0.9222898214039894	1.3498769496772778	0.09717250108059595	0.25954487123120673	0.5415725578769057	0.684209756987353	2.3853449076095e-6	NS	0.9206895747817477	0.15805999155145847	0.5857875486306072	Non-significant
CORO2B	0.10877803450122214	1.1149148502433934	0.9227911575932214	1.3470383987372307	0.09649685956995166	0.25962825642147846	0.520998023715415	-0.608948449890933	0.00712935641052114	NS	0.9206895747817477	0.15693353093256165	0.5856480432271493	Non-significant
ACER1	-0.07710258659582406	0.9257948745901762	0.8096039537760295	1.0586610228617397	0.0684234564033944	0.25980828730551736	0.5291501976284585	1.7131469124404	2.75051217654488e-6	Up	0.9206895747817477	-0.11123551932150716	0.5853470000156726	Non-significant
GAL3ST1	0.18162755372344994	1.1991674852327112	0.8742483020497086	1.6448446674336024	0.16123683977667172	0.2599690174602167	0.5040231507622812	-0.715402004982459	0.0141723831233179	NS	0.9206895747817477	0.26203317104561513	0.5850784072131539	Non-significant
ATP13A4	-0.05648559466169222	0.9450800985956369	0.85657631915652	1.0427283276299995	0.05016738340919596	0.26018981154086734	0.5481013551665725	1.64412278739757	8.57485676097817e-7	Up	0.9206895747817477	-0.08149148730008747	0.5847097134554926	Non-significant
SLC22A1	0.08111683490137989	1.0844975963348533	0.9415566570478804	1.2491388889370523	0.07211234047378895	0.2606451460781752	0.5204686617730097	-0.690774351199114	0.0186180126108652	NS	0.9206895747817477	0.11702685544482962	0.5839503584066058	Non-significant
MUC6	-0.23917628267076038	0.787276087008195	0.5182955974702986	1.1958497046860472	0.21328619741070098	0.2621233396334981	0.559182665160926	-0.55786918678085	0.0341601378342174	NS	0.9206895747817477	-0.345058436907363	0.5814943074671567	Non-significant
ECHDC3	-0.06821008599895483	0.9340642191482138	0.829069477609778	1.0523556698870715	0.060838481401703025	0.2622168653617821	0.5493365330321852	0.62390273200976	0.0134414505944919	NS	0.9206895747817477	-0.0984063528093018	0.5813393786337255	Non-significant
PIWIL4	-0.14556945613487576	0.8645298410873458	0.6701860831281977	1.1152303292271457	0.12991586326076035	0.2625049115956956	0.5347967250141163	-1.2631245135784	6.59261912405622e-16	Down	0.9206895747817477	-0.21001233247068868	0.5808625663191582	Non-significant
KCNJ10	-0.1468797817563358	0.8633977673406465	0.66776233735563	1.11634883093415	0.1310958626909558	0.26254341903751105	0.5608060417843026	-1.17924110000362	4.90808027224486e-5	Down	0.9206895747817477	-0.2119027327467188	0.5807988633472719	Non-significant
KCNK6	-0.1151694972281077	0.891215072619654	0.728578663021737	1.0901558691964583	0.10280300255406465	0.26258886981810187	0.5141163184641446	0.526356494529475	8.52369072513937e-5	NS	0.9206895747817477	-0.16615446251266613	0.5807236860112864	Non-significant
WAS	-0.10278415728031413	0.9023217120366683	0.7538127044285279	1.0800885514791432	0.09175025081279292	0.26260288333852416	0.5437605872388481	-0.73413885376044	8.21132945109458e-6	NS	0.9206895747817477	-0.14828619399026047	0.5807005097349786	Non-significant
PARD3	0.1630659194047235	1.1771142818037739	0.8847525444813661	1.5660853885858441	0.14567267841905113	0.2629697558415296	0.4927300959909655	0.561658028974667	1.24380600642978e-10	NS	0.9206895747817477	0.2352543932631939	0.5800941968578676	Non-significant
AC119396.1	-0.23674908459581467	0.7891892829244886	0.5212520168977105	1.1948533609321064	0.21162253755902888	0.26325412637677753	0.5659584980237153	-0.806940210518994	0.00205683926471434	NS	0.9206895747817477	-0.34155673028138345	0.5796248127403113	Non-significant
DYNLT3	-0.11982394427191395	0.8870765978865289	0.7190428224715618	1.0943783401009621	0.10715014257625614	0.2634470959689331	0.5467955957086392	0.521601980040525	1.2472098549079e-4	NS	0.9206895747817477	-0.17286941018084584	0.5793065843814524	Non-significant
SLURP1	-0.040186302097030044	0.9606104587377358	0.8952774759258465	1.0307111239250635	0.03593702652061947	0.26346353573904663	0.5148927159796726	1.7632648694994	2.39769838384463e-6	Up	0.9206895747817477	-0.05797657874705101	0.5792794841446505	Non-significant
CLEC10A	-0.08921205308684185	0.9146515983138452	0.7822210299809014	1.0695027546350904	0.07980038382666255	0.26359255562547057	0.5561123658949746	-0.545741157889168	0.019547343330699	NS	0.9206895747817477	-0.12870578657590961	0.5790668592390019	Non-significant
LST1	-0.10802496661201645	0.8976051859902571	0.7425339375814243	1.0850616101681596	0.09676796974508994	0.2642809977883972	0.5405844155844156	-0.637288618131792	2.3927065989153e-4	NS	0.9206895747817477	-0.155847083623352	0.5779340621892193	Non-significant
PADI2	0.054177516273476396	1.0556719844795803	0.9598088720597734	1.1611096451144824	0.04857161813707456	0.2646725819922176	0.5254093732354602	-1.42778238267209	1.4133624646206e-6	Down	0.9206895747817477	0.07816163405542563	0.5772910458774381	Non-significant
HLA-DQA2	-0.06475352339378963	0.9372984570516659	0.8364642652151162	1.0502880208104284	0.05807145252660765	0.26482198427955206	0.5513128176171654	-1.10576736040578	1.00587416040487e-5	Down	0.9206895747817477	-0.09341958708030772	0.5770459646440201	Non-significant
ZNF135	-0.13465524337626167	0.8740171829655047	0.6896283765819273	1.1077067911636391	0.12089363357504036	0.2653511038297936	0.5493365330321852	-0.646154168486148	0.00271293128020984	NS	0.9206895747817477	-0.19426645184862912	0.5761791014162002	Non-significant
C4orf54	0.06060072523703934	1.0624746101877582	0.9549235770698934	1.182138889854853	0.054452373509386746	0.2657460259362202	0.5310911914172785	-1.42676225417508	9.88776119308733e-5	Down	0.9206895747817477	0.0874283657737512	0.575533221355466	Non-significant
MUC21	-0.04436558136962378	0.9566041768751374	0.884704929999811	1.0343466168038138	0.03986579408845295	0.2657628104736949	0.5314088085827215	2.39502972947114	1.76338894109487e-6	Up	0.9206895747817477	-0.06400600422811209	0.5755057921519999	Non-significant
ARPC1A	-0.13587068111264777	0.8729555148255381	0.6871399418774418	1.1090191159346692	0.12211786967104135	0.2658720296384615	0.5003529079616036	0.531737823229708	2.89223408939532e-5	NS	0.9206895747817477	-0.19601995784342272	0.5753273490641333	Non-significant
CYP2S1	0.0828467808398756	1.086375342278129	0.9387658523960946	1.2571946255794932	0.07450951718055457	0.26618317621467813	0.4939299830604178	0.859481967851129	8.9028781639251e-6	NS	0.9206895747817477	0.11952263987130342	0.5748193970507639	Non-significant
RBBP8NL	-0.09780879862178964	0.9068222728475482	0.7630545575743847	1.0776773775474509	0.08807148956022888	0.2667571762624077	0.56542913608131	0.681366902392066	7.4899286797369e-4	NS	0.9206895747817477	-0.1411082687269632	0.5738838884199211	Non-significant
CRNN	-0.032974885874058585	0.9675628587793959	0.9128137045843836	1.0255957825650872	0.029719209814977693	0.2671939066504447	0.5230801806888763	1.907659473461	7.27711638348298e-5	Up	0.9206895747817477	-0.04757270432438391	0.573173450157055	Non-significant
ALX4	0.08574541156730052	1.0895289115351083	0.9363538184627116	1.2677614227277811	0.07730105018103926	0.26732669080471194	0.5395962732919255	-0.768715733168171	0.0195026145409102	NS	0.9206895747817477	0.12370448004712777	0.5729576776426065	Non-significant
DEFB4A	-0.044581971504112236	0.9563971995633831	0.8839446864343071	1.0347882818577923	0.04019401342390699	0.2673570917970181	0.5259387351778656	1.82482591433532	2.83009811795585e-5	Up	0.9206895747817477	-0.06431818920203575	0.5729082915058027	Non-significant
EPHB2	0.08375676126004428	1.0873643724993758	0.9376601436254706	1.2609699650977506	0.07557510152578627	0.26775012066138687	0.5369847543760587	-0.66371219247103	2.1199390440385e-4	NS	0.9206895747817477	0.12083546411078662	0.5722703247815869	Non-significant
ANKRD1	0.040185483768792614	1.0410038456026383	0.9695846567756983	1.1176837411631813	0.03626238665821866	0.2677813225486874	0.5489836250705815	-1.17882724507232	0.00359744958202777	Down	0.9206895747817477	0.05797539814896103	0.5722197178278151	Non-significant
IGFLR1	-0.2065964013071511	0.8133478498816354	0.5642584826162743	1.172396597105228	0.18655772837587536	0.26811552914603554	0.5417843026538679	-0.583205969937834	0.0013282586460645	NS	0.9206895747817477	-0.2980556036313331	0.5716780311229884	Non-significant
RNF222	-0.06259959784922146	0.9393195039520971	0.8407862987898302	1.0493999863874635	0.05654091504848169	0.26822660572938517	0.5215979672501412	1.05428157341073	5.1500982120437e-4	Up	0.9206895747817477	-0.09031212937871519	0.5714981461399886	Non-significant
TFRC	0.10651698084985678	1.112396815728615	0.9212140884507415	1.3432563517609828	0.0962159508565682	0.26826731277697213	0.538961038961039	0.607848846620288	4.89084234134051e-5	NS	0.9206895747817477	0.15367152004255302	0.5714322410269363	Non-significant
C3orf20	-0.32735857071329444	0.7208252298649191	0.40368751953033616	1.2871069499852785	0.29579910685571364	0.2684270195209695	0.5485954263128177	-0.725033078947288	9.6485678398458e-4	NS	0.9206895747817477	-0.4722785865605689	0.5711737707748242	Non-significant
FER1L6	0.08206970410179923	1.0855314731888086	0.9386491564251571	1.2553983255802592	0.0741764696553	0.268548420771776	0.5341967814793902	0.970837264378551	0.00110973635978146	NS	0.9206895747817477	0.11840155511489038	0.5709773971969527	Non-significant
CXCR3	-0.08194148018088518	0.9213258729422377	0.7967798904064716	1.0653398440060353	0.07410102019150798	0.2688097528894313	0.5340203274985884	-1.04061088506108	1.15286900783393e-5	Down	0.9206895747817477	-0.11821656710006437	0.5705549783666359	Non-significant
GYPE	-0.3001877688489669	0.7406791311558755	0.4346218005146871	1.2622596811300166	0.271990345497139	0.2697360198695718	0.5674054206662902	-0.56509575126394	0.00453142758102062	NS	0.9206895747817477	-0.43307940545392704	0.5690610550818934	Non-significant
OTOGL	0.22243358241637343	1.2491128538380603	0.8411691992089073	1.8548978292249163	0.2017363771273487	0.2702029497206627	0.5039525691699605	-0.527594860801654	0.00562779235785376	NS	0.9206895747817477	0.32090382627926844	0.568309914231773	Non-significant
NEXN	0.07234706633776125	1.0750283854897495	0.9452497376002258	1.2226250731819528	0.06564058378724025	0.2703878769714075	0.5482072275550536	-0.849745403752601	1.3756307016323e-4	NS	0.9206895747817477	0.10437475382835293	0.5680127841891631	Non-significant
SELENOI	0.19905218435371852	1.2202456419686147	0.8563403308763986	1.7387939970309705	0.1806867810853102	0.2706172511973663	0.5253387916431395	0.509743516104637	1.0172690313516399e-11	NS	0.9206895747817477	0.2871715992452254	0.5676445216296905	Non-significant
KCTD12	0.13243077351271704	1.141599984396871	0.9018975185464645	1.445009546622668	0.12024973751976815	0.2707670606537238	0.5463721061547149	-0.538546399349181	3.62028548124351e-6	NS	0.9206895747817477	0.19105722020788635	0.56740416955273	Non-significant
STRBP	0.15321919365413322	1.1655804387796898	0.8870395828856256	1.5315863975836	0.13933157338643148	0.2714745466577695	0.49145962732919257	0.540101196077722	2.40273705123116e-7	NS	0.9206895747817477	0.22104857085382365	0.5662708834389696	Non-significant
DLX5	-0.08682014306293023	0.9168419811953165	0.7853585056355135	1.0703382117214593	0.07897840395750619	0.2716417397809241	0.5716403162055336	0.73661367255491506	6.98450650777578e-5	NS	0.9206895747817477	-0.12525498984615985	0.5660034966751957	Non-significant
CELF2	-0.09404480144324237	0.9102419811727921	0.7696678064283514	1.076490996985072	0.08558906047548141	0.2718576478827155	0.5484189723320159	-0.711803809365518	3.53303634048582e-5	NS	0.9206895747817477	-0.13567796866355297	0.5656584449446248	Non-significant
NEFH	-0.08293212766941531	0.9204136157173601	0.7937919966060387	1.067233264658818	0.0755124556180146	0.2720920242819503	0.5492659514398645	-1.167946646654	2.26746677232253e-5	Down	0.9206895747817477	-0.1196457693190358	0.565284188323529	Non-significant
HAS3	0.07961284522684808	1.0828677490918475	0.9394437564635807	1.248188147460111	0.07249121599215895	0.2720991488507934	0.5088226990400904	0.83420606551629	3.07044464581866e-6	NS	0.9206895747817477	0.11485705699983426	0.5652728167280772	Non-significant
RDH5	0.20420376905491813	1.2265480605327879	0.85169919590236	1.7663749737403913	0.18608792961318707	0.2724880000763799	0.5230801806888763	-0.719393489378568	1.1606439544284e-4	NS	0.9206895747817477	0.2946037649463655	0.5646526185813304	Non-significant
C16orf96	-0.24534004795620978	0.7824384264112793	0.5046330345900109	1.213178387384704	0.22377132107357225	0.2729092931299331	0.5466897233201581	-0.855321649378247	0.00171284582357377	NS	0.9206895747817477	-0.35395087051788426	0.5639816754465108	Non-significant
ZNF80	-0.24481100651063395	0.7828524782831051	0.5053720126405432	1.2126868671493056	0.22329464171482627	0.27292186276946173	0.5332439299830605	-0.959820482001894	0.0012071076805201	NS	0.9206895747817477	-0.3531876250479273	0.5639616731984575	Non-significant
NXPH2	-0.14443923962283534	0.8655074993675892	0.6683285105104374	1.1208608037526457	0.1319086506415111	0.2735190704009465	0.5071993224167137	-2.14147583401023	2.35301686038282e-7	Down	0.9206895747817477	-0.2083817747136372	0.563012388229396	Non-significant
MROH7	-0.1746570027581553	0.8397450015974699	0.6142649017375479	1.1479927726836459	0.15952946458725398	0.2735928812618339	0.5261857707509882	-0.538438902332735	0.0437743831141775	NS	0.9206895747817477	-0.2519767917357207	0.5628952069114409	Non-significant
CHAD	-0.17430889356430837	0.8400373754390716	0.614823001696298	1.1477494989413843	0.15924372264798178	0.2736899483573022	0.5328557312252964	-0.749959245651833	0.00264196503802082	NS	0.9206895747817477	-0.25147457632806985	0.5627411523637854	Non-significant
ADAM19	0.08244107566005136	1.085934683569338	0.9368789123915698	1.2587049632364522	0.07532909326750588	0.27377425324341015	0.5321852060982496	-1.06115975634737	2.17932639604167e-9	Down	0.9206895747817477	0.1189373310203079	0.562607396962002	Non-significant
SMIM10L2A	-0.09881986824434821	0.9059058757431163	0.7589618388605833	1.0813000254900216	0.09029957396320812	0.2737989333716057	0.5604884246188594	0.616851633087193	0.0240280227670742	NS	0.9206895747817477	-0.14256693385742186	0.5625682480637095	Non-significant
C10orf71	0.04661506725182284	1.0477186302361199	0.9637608322933693	1.1389903919748696	0.04261669211512111	0.27403313724026546	0.5305265386787126	-1.5552736245558	0.00209927140233261	Down	0.9206895747817477	0.06725132635491035	0.5621969172875384	Non-significant
DHRS4	-0.12196599544271991	0.8851784680927839	0.7113044186139102	1.101554974031993	0.11157796343121079	0.2743494096224738	0.5455251270468662	0.963024364343662	4.713595353887399e-12	NS	0.9206895747817477	-0.175959736782298	0.5616959700331571	Non-significant
FCGR2A	0.10259367501279097	1.1080410928119637	0.9218268588131802	1.3318716542286724	0.09387495802475	0.27444831073996306	0.5450310559006211	-0.554812604072427	5.6756365821162e-4	NS	0.9206895747817477	0.14801138616752738	0.5615394380052314	Non-significant
TPM2	0.06525941677393521	1.0674358992470134	0.9495332998139443	1.1999783464408702	0.059717472437164104	0.2744804237283075	0.5380434782608696	-0.514344104138805	0.0385301619442638	NS	0.9206895747817477	0.0941494369510625	0.5614886245105987	Non-significant
TMEM130	-0.14895999493134654	0.8616035827199887	0.6595411494302926	1.1255715195286402	0.13635501522345858	0.2746387116277895	0.5373376623376623	-0.772578004357655	2.7618732639569e-4	NS	0.9206895747817477	-0.21490384597829873	0.5612382469193805	Non-significant
AMPD1	0.06257660313815293	1.064576005657287	0.9514988111565035	1.1910914217998054	0.05729362667478967	0.27474133616341373	0.5122811970638057	-1.34678981305697	4.1437475139655e-4	Down	0.9206895747817477	0.09027895502308986	0.5610759939572386	Non-significant
LDB3	0.0458979233372034	1.0469675345502532	0.9641603312482563	1.136886659693943	0.04203934534812303	0.2749276484347661	0.5426312817617165	-1.11166186821626	0.00313953075089284	Down	0.9206895747817477	0.06621670638568504	0.5607815826052244	Non-significant
POU2F2	-0.11519337496963714	0.8911937926705624	0.7246083987409743	1.096076691181789	0.10557874347981333	0.2752438520728769	0.5307029926595144	-0.763017122055013	1.46677269812181e-6	NS	0.9206895747817477	-0.16618891081195836	0.5602823727763507	Non-significant
ADGRL3	0.07912391196257654	1.0823384284402915	0.9389240793338349	1.2476583564772843	0.07252407126153594	0.2752719711922407	0.5086462450592886	0.601761378267871	0.0214671365825777	NS	0.9206895747817477	0.1141516754041442	0.560238007190948	Non-significant
CD2	-0.07737399625792298	0.9255436390115147	0.8054184935370681	1.0635849990887403	0.0709295036739087	0.27533549618327746	0.5431253529079616	-1.02564985760743	2.65129086492622e-7	Down	0.9206895747817477	-0.11162708069506666	0.5601377958613628	Non-significant
TMOD4	0.06286197143079335	1.0648798452454378	0.9511428735198121	1.192217401170832	0.0576301222910451	0.27536827355014637	0.5163043478260869	-1.12945583854907	6.8554739558168e-4	Down	0.9206895747817477	0.09069065444370918	0.5600860982687126	Non-significant
KIT	-0.08980116065013792	0.9141129288222122	0.7777193274062224	1.0744267465060264	0.08244458684292655	0.2760522409203068	0.5430547713156408	-0.549947385984335	0.00858025061070885	NS	0.9206895747817477	-0.12955568913602705	0.5590087230198638	Non-significant
SLC43A1	-0.1284428472235299	0.8794638247814767	0.6979648018335874	1.1081599201956258	0.11793265553013765	0.2761008463387423	0.5339497459062676	-0.509066681867578	0.00143727839760524	NS	0.9206895747817477	-0.1853038587270454	0.5589322621050966	Non-significant
LY9	-0.10212538693213292	0.9029163306621334	0.7513176030437743	1.0851042180744317	0.0937779593330977	0.27614829353949344	0.5481366459627329	-0.835907833064051	1.9051382065667e-4	NS	0.9206895747817477	-0.1473357892758547	0.5588576361581075	Non-significant
AL354761.1	-0.17282095107226814	0.8412882331162537	0.6163104728652988	1.1483917965719166	0.15876999751617743	0.2763749679876746	0.5261857707509882	1.27969409847318	0.00778072671363827	Up	0.9206895747817477	-0.24932792907367549	0.5585012947172625	Non-significant
TRIM55	0.07072987925684308	1.0732912684733031	0.9448297328837606	1.2192187723232384	0.06504222772824672	0.27683996251743476	0.5411490683229814	-0.817508973593459	0.0263710984379442	NS	0.9206895747817477	0.10204164604652274	0.5577712182322944	Non-significant
IQSEC3	-0.13685294781645213	0.8720984606862054	0.6814536752783434	1.1160783964083778	0.1258564233484953	0.276871748734509	0.5374788255223037	-1.16781498753519	3.30024307106881e-8	Down	0.9206895747817477	-0.1974370691458315	0.5577213562611258	Non-significant
TNFRSF1B	-0.09760511842969605	0.9070069933935961	0.760675386967114	1.0814885037163122	0.08976871831762506	0.27690626149941977	0.5387492941840768	-0.710463105945013	5.23368607441298e-6	NS	0.9206895747817477	-0.14081442032390243	0.5576672237275171	Non-significant
MMP24OS	-0.11189109415502956	0.8941416294477522	0.730647098052623	1.0942208018650068	0.10302924402747407	0.27747325899252856	0.5195511010728402	0.564357586992436	2.7500737035899e-4	NS	0.9206895747817477	-0.16142472665710114	0.5567788649073647	Non-significant
RIC3	-0.11142405617930597	0.8945593250766477	0.7314581344050928	1.094028965488822	0.1027014976281087	0.27795214059004747	0.530067758328628	-0.962069566591043	3.4207387667551e-4	NS	0.9206895747817477	-0.1607509332856179	0.5560299769847812	Non-significant
EID2B	-0.20037013906604742	0.8184277649190296	0.5698240746528888	1.175492640949551	0.1847265921938489	0.27806125261616027	0.5311970638057595	-0.57701004622005	1.269813969731e-4	NS	0.9206895747817477	-0.28907300597281854	0.5558595251502125	Non-significant
STAG3	-0.08183917865345117	0.9214201308075838	0.7947525519468926	1.0682759751795023	0.07545306480302078	0.278082503073921	0.5604178430265387	-2.10150390386511	1.28130951965229e-14	Down	0.9206895747817477	-0.11806897719375986	0.5558263360459442	Non-significant
SDR9C7	-0.04878142771756986	0.9523892728476429	0.8720112124613298	1.0401762202977245	0.0449863210786158	0.2782046148228268	0.5296442687747036	1.17539542680646	8.67182247352152e-5	Up	0.9206895747817477	-0.07037672385562153	0.5556356702624989	Non-significant
SST	-0.19891646672701122	0.8196183558773037	0.5719769318009252	1.174477871294333	0.18354426588728706	0.2784747692375543	0.5635940146809713	0.984762398811399	0.0308130460142147	NS	0.9206895747817477	-0.2869758000982136	0.5552141472668644	Non-significant
STXBP6	-0.09628176926218082	0.9082080748930521	0.7630497377195375	1.0809805265985402	0.08885382327596326	0.2785433572183895	0.5659232072275551	-0.861144184317799	0.00474360513842901	NS	0.9206895747817477	-0.1389052310425637	0.5551071942599966	Non-significant
CCR4	-0.08541355819969665	0.9181325046506489	0.7863694305843597	1.0719736339059565	0.07903973059240278	0.2798569233733942	0.5463015245623941	-0.757488617011417	0.00273250391296593	NS	0.9206895747817477	-0.12322571683938319	0.5530639446240779	Non-significant
TMEM151B	-0.13482731853631974	0.8738667992578737	0.6842617795847012	1.1160102838254076	0.1247917815223009	0.27995597141468265	0.5404785431959345	-1.28271389063442	8.8508032858486e-4	Down	0.9206895747817477	-0.19451470382870514	0.5529102646405539	Non-significant
EPHA1	0.12309033844873295	1.1309865879065069	0.9041705686941921	1.414700617685145	0.11419984980265999	0.2811005833198463	0.523927159796725	0.795329091287356	8.555429416061939e-11	NS	0.9206895747817477	0.1775818208613312	0.5511382531747451	Non-significant
CD164L2	-0.08380664860343258	0.9196090466000058	0.7895805510690478	1.0710506957695032	0.07778039552603547	0.2812668682905568	0.5169042913608131	0.861061551338635	3.1375855872235e-4	NS	0.9206895747817477	-0.1209074363336961	0.5508814223531857	Non-significant
PLA2G4A	-0.07544622907903371	0.9273295925596545	0.8082795062996506	1.0639143594939202	0.07010390427855626	0.28183522197617034	0.5177865612648221	1.10948868535228	2.30958126972043e-7	Up	0.9206895747817477	-0.10884590054609464	0.550004732468643	Non-significant
NPPC	-0.10607517640657695	0.8993570351043769	0.741301885056129	1.0911115874614192	0.09861005586569198	0.2820599080557924	0.5561829474872952	-1.56842726959765	1.3256025214195e-4	Down	0.9206895747817477	-0.15303413096319057	0.5496586399968073	Non-significant
EPHB6	-0.07643059141578545	0.926417213364514	0.8059381976341762	1.064906534691435	0.0710817275071236	0.282263042460042	0.5664878599661208	0.676977331563726	0.00171108985301204	NS	0.9206895747817477	-0.11026603520776428	0.5493459815994128	Non-significant
ZNF850	-0.12087286533091388	0.8861466123880137	0.7108618077310603	1.104653267493923	0.112453273491218	0.28243207791863056	0.5429841897233202	-0.50988098044571	0.00902440244304261	NS	0.9206895747817477	-0.17438268339094887	0.5490859787537908	Non-significant
TGFB1I1	-0.11773150757010768	0.8889346928123293	0.7171605911606733	1.1018520786348005	0.10955506380266705	0.28253898666509975	0.5133399209486166	-0.593101852776478	1.40007192224544e-5	NS	0.9206895747817477	-0.16985066212777575	0.5489216167815644	Non-significant
CYFIP2	-0.09564168380767452	0.9087895917618466	0.763212132634713	1.0821349488294278	0.08907182962836369	0.2829306845991328	0.5566770186335404	-0.692463119743537	2.35151687168921e-5	NS	0.9206895747817477	-0.1379817829316022	0.548319949575784	Non-significant
CYP51A1	0.11587669921098914	1.1228574143923145	0.9087218205962578	1.3874529525752053	0.10795757496958339	0.2831122974348814	0.5065993788819876	0.700773578420201	1.3565203866129e-4	NS	0.9206895747817477	0.167174739306276	0.5480412659506236	Non-significant
GPR18	-0.14379444936196054	0.8660657501318823	0.6660251112926062	1.1261885938441292	0.13399912305463568	0.2832262831100151	0.5287267080745341	-1.10386783405485	1.82941575851641e-7	Down	0.9206895747817477	-0.2074515390018596	0.5478664470274721	Non-significant
TRAF1	-0.11493559460442804	0.8914235545446867	0.7224787094461446	1.099874561295039	0.107212037760597	0.28370205936980525	0.5487718802936195	-1.04793051347825	1.04078916383091e-12	Down	0.9206895747817477	-0.16581701235743268	0.5471375116849495	Non-significant
SLC5A5	-0.11394844683051589	0.8923039557937419	0.7244498654204942	1.0990496203115674	0.10632556174323947	0.28385758004752853	0.5567476002258611	0.901281161131225	0.0100292533832879	NS	0.9206895747817477	-0.164392859159385	0.5468995040143658	Non-significant
RASSF2	-0.09326566859385955	0.9109514569532638	0.7680841743089704	1.0803927286639612	0.08703745713046318	0.2839186833523743	0.5536420101637494	-0.79603866325329	1.85437957567019e-6	NS	0.9206895747817477	-0.13455391756555465	0.546806027657802	Non-significant
KRTAP3-1	0.13929699112510122	1.1494654303464784	0.8904447317396783	1.4838324361583046	0.13027343135839556	0.28494968719052055	0.4838721061547149	1.28803824913448	0.0285781688704028	Up	0.9206895747817477	0.20096307830693738	0.5452318154457406	Non-significant
STX19	-0.0961991973316301	0.9082830704833605	0.7613145325152324	1.0836232606792844	0.09005751933944721	0.2854315308164264	0.558688594014681	0.816748485703716	1.2681394357791e-4	NS	0.9206895747817477	-0.1387861049278415	0.54449805328442	Non-significant
KCNIP4	0.24209072437839835	1.2739097622449485	0.8165979297610401	1.987325736691339	0.22689149554759172	0.28597681426049093	0.4890951439864484	1.01732502477598	1.7221851421655e-4	Up	0.9206895747817477	0.34926308750593205	0.5436691761258852	Non-significant
TLCD3B	0.10346051488676052	1.10900200343086	0.9169966868109733	1.3412103460164253	0.09699766740242301	0.28613944675699016	0.5068111236589498	-0.929570689013888	0.00247443577086443	NS	0.9206895747817477	0.14926197175494832	0.5434222668785074	Non-significant
ART1	0.1410638574896396	1.1514981774199513	0.888531188771511	1.492292076358888	0.1322725258283778	0.28621404477125045	0.5139398644833427	-1.39944409629722	0.00455185713965735	Down	0.9206895747817477	0.20351212764897061	0.5433090588466977	Non-significant
CYGB	-0.11568043050639329	0.8907598374882353	0.72005199630177	1.1019385990974122	0.10854863847781664	0.28655866745237585	0.5134105025409373	-0.524806370118419	5.8963149840714e-4	NS	0.9206895747817477	-0.16689158341947402	0.5427864510351945	Non-significant
TGM5	-0.06638362253276253	0.9357718122730878	0.8282001718725702	1.0573155070288884	0.06230562335620952	0.28667164273907253	0.5287267080745341	1.06314726845388	1.54423292569321e-5	Up	0.9206895747817477	-0.09577132302426142	0.5426152648876138	Non-significant
SLAMF6	-0.08387342398186787	0.9195476414081067	0.7880074270530668	1.0730455523514615	0.07876386566806573	0.2869339216302143	0.5344438170525128	-1.04148494427847	4.34799737440652e-6	Down	0.9206895747817477	-0.12100377284101828	0.5422181059681179	Non-significant
CCDC170	-0.15661387495714346	0.8550341451822304	0.6408527512421852	1.1407977698627734	0.14711581081012526	0.28707426617067994	0.5534302653867871	-0.657193148579537	1.8077564327866e-4	NS	0.9206895747817477	-0.2259460607350751	0.542005736660504	Non-significant
KLHL34	0.11615351512625648	1.1231682822197904	0.9068738093599155	1.3910501959196993	0.10913745612794903	0.2871989569452533	0.5076581027667983	-1.35163924768035	7.76242844044068e-5	Down	0.9206895747817477	0.16757410025447153	0.5418171417060026	Non-significant
NLRC3	-0.11042047835645515	0.895457535613219	0.7306521517649223	1.0974363055656642	0.10377604298487578	0.28731661393007984	0.5421372106154715	-0.830543306323655	8.25127224279405e-7	NS	0.9206895747817477	-0.1593030765374449	0.5416392604349901	Non-significant
UCHL3	-0.13250597968377553	0.8758976964992988	0.6860366639442013	1.11830287658675	0.12465444719648544	0.2877881275631083	0.49957651044607565	0.613207796605267	2.4656088914691e-4	NS	0.9206895747817477	-0.19116571977791663	0.5409271264528644	Non-significant
ADH1C	0.0634631379370368	1.0655202078045487	0.9478302285946866	1.1978234909464387	0.05971692101776514	0.2879030867048949	0.5080463015245624	2.31344206518176	1.53282183692712e-8	Up	0.9206895747817477	0.0915579543810153	0.5407536788811507	Non-significant
ZBED3	-0.11650703871182336	0.8900238323333584	0.7179270512248417	1.1033745291668546	0.10963480862100806	0.287925768440364	0.5496894409937888	-0.569830451873722	0.00218927338801623	NS	0.9206895747817477	-0.168084126978206	0.540719465407924	Non-significant
TREX2	-0.06950927295923323	0.932851483050676	0.8205682748740587	1.060499066410295	0.06543430831551084	0.2881105614352206	0.5257622811970638	1.60610925779149	7.44987774631844e-9	Up	0.9206895747817477	-0.10028068339408305	0.5404408212441748	Non-significant
ADAMTS16	0.08652338364446456	1.090376864404605	0.9294163492766562	1.279213247490352	0.08149223974204053	0.28835477687359246	0.5362436476566912	-1.54548593667915	6.75184593360308e-7	Down	0.9206895747817477	0.12482685650480212	0.540072849688637	Non-significant
HMGCLL1	0.23127014780806288	1.260199633637538	0.8222675705716961	1.9313702418253327	0.21784051973650792	0.28839510622043263	0.5034232072275551	-0.92728621120188	0.00842513946068391	NS	0.9206895747817477	0.3336522953483498	0.5400121134376784	Non-significant
JPH2	0.05991003547948006	1.0617410232264983	0.9505006812077276	1.1860002025139913	0.056468606935039474	0.28871530513629234	0.5532891022021457	-0.792153723827796	0.00307170310614254	NS	0.9206895747817477	0.08643191108572772	0.539530193050168	Non-significant
TNNC1	0.03473938848997306	1.0353498495492401	0.9709905634864339	1.1039750037453486	0.03274443718345036	0.28872403578764494	0.5435841332580463	-0.942629568563344	0.0313731610466069	NS	0.9206895747817477	0.050118343497999374	0.5395170603332317	Non-significant
RPP25	0.08749202997746797	1.0914335656581764	0.928472623179773	1.2829966102454191	0.08250478828927837	0.2889408776673633	0.5269621682665161	0.578442293389519	0.0011897869360828	NS	0.9206895747817477	0.12622431776580145	0.5391910123630781	Non-significant
MYO18B	0.04776570911444997	1.0489248729959455	0.9601849037502116	1.1458661606658465	0.04510037674435392	0.2895552486129477	0.5319734613212874	-1.00647982840092	0.00718970211452417	Down	0.9206895747817477	0.06891135166396183	0.5382685584357304	Non-significant
RAET1L	-0.07270502286760279	0.92987508145987	0.8127975584834324	1.0638167623600516	0.06865849790641294	0.28962847840198874	0.5385375494071146	0.991072771060068	1.66607253256738e-6	NS	0.9206895747817477	-0.10489117593880927	0.5381587373479563	Non-significant
TP53INP2	-0.11050000228439892	0.8953863281440665	0.729670062867716	1.0987386182138863	0.10442172152786702	0.28996018314099453	0.5461603613777527	0.56955460839321	2.0065936736243e-4	NS	0.9206895747817477	-0.15941780531392138	0.5376616346161118	Non-significant
ANKRD22	-0.07557227150375084	0.9272127170550871	0.8060063713381496	1.066645938842078	0.07147649713055063	0.29037360120668393	0.5299265951439864	0.644226245548013	5.0499427643076e-4	NS	0.9206895747817477	-0.1090277413271756	0.5370428692784294	Non-significant
F13A1	0.05950872386181699	1.0613150197047267	0.950311143626293	1.185285028598795	0.056365603213625784	0.2910764615592321	0.5391727837380011	-0.866334836608016	5.7836019620936e-4	NS	0.9206895747817477	0.08585294080507422	0.5359929131742512	Non-significant
TNFRSF9	-0.09850068750202805	0.9061950696031085	0.754733588681817	1.0880521504379241	0.09331282034642871	0.2911525960366822	0.5367024280067758	-0.879206355028016	5.28689323803602e-7	NS	0.9206895747817477	-0.14210645338332933	0.535879333189892	Non-significant
PRSS22	0.07221803253345502	1.07488967943651	0.939993642448679	1.2291442950075102	0.0684197264259183	0.2911899531464964	0.5314793901750423	0.761349071289114	3.0300481831608e-4	NS	0.9206895747817477	0.10418859739877329	0.5358236134534682	Non-significant
PLD4	-0.09259324472683256	0.9115642084458981	0.7675661259196094	1.0825768335256445	0.08772477571605476	0.29119804365840823	0.5453839638622247	-0.581553596098598	0.00989652917136445	NS	0.9206895747817477	-0.1335838149872195	0.5358115470486021	Non-significant
GUCY1B1	-0.09667168667999158	0.907854017776659	0.7584448546024682	1.0866959049055958	0.09174326712210912	0.29201127299986257	0.5433370976849238	-0.837872260651111	4.26499695191317e-7	NS	0.9206895747817477	-0.13946776296759555	0.5346003824312626	Non-significant
ME1	0.07821989287903675	1.081360415983702	0.9349061917833827	1.2507568775706437	0.07425084256506606	0.2921326838256125	0.5065640880858272	1.57475480560525	1.1577902152668598e-25	Up	0.9206895747817477	0.11284745155545224	0.5344198514104083	Non-significant
WDR93	-0.24632329223389177	0.7816694764006705	0.49429076243393644	1.2361290494846369	0.23383493696944546	0.2921546290236591	0.5519833427442122	-0.817718035813664	0.00114125954795428	NS	0.9206895747817477	-0.3553693921612785	0.534387228150547	Non-significant
CGB5	-0.17070349474670646	0.8430715115478886	0.6131703917243485	1.159171387230271	0.1624565174535225	0.2933668957691633	0.5359613212874083	-1.09561045941394	0.0056138603688558	Down	0.9206895747817477	-0.24627308533348857	0.5325888945687975	Non-significant
POSTN	0.05215910147860747	1.0535433494844328	0.9558623396142413	1.161206528641795	0.04964401119852244	0.29341361964660334	0.5324675324675325	-0.940549742724937	2.8557578394162e-4	NS	0.9206895747817477	0.07524967704041127	0.5325197309832485	Non-significant
CALHM5	-0.09202735542294894	0.9120801988642204	0.7680625927836315	1.0831022067423417	0.08768359728432448	0.2939301132184787	0.5261151891586674	-0.64617598571578	2.424941297255e-4	NS	0.9206895747817477	-0.13276740929481454	0.531755918062562	Non-significant
FAM227A	-0.1536021643091006	0.8576131422688317	0.6437235252220541	1.1425717299029992	0.14637196993023285	0.2939958841295631	0.5571710897797855	-0.90758213974574	1.1578052758959e-6	NS	0.9206895747817477	-0.22160108071855106	0.5316587495617583	Non-significant
FCRL5	-0.07017288036911001	0.9322326412509211	0.817498042046648	1.063070065878003	0.06700831848462707	0.2949951704016544	0.5555477131564088	-1.38451723826498	9.85947479683123e-6	Down	0.9206895747817477	-0.10123806651340955	0.5301850941407552	Non-significant
HTR3E	-0.21627142136059244	0.8055166377779633	0.5373037461507879	1.2076168431459635	0.2065957797836462	0.29517629168148474	0.5377258610954263	-1.34808669961127	1.7154247156382e-4	Down	0.9206895747817477	-0.3120137070829342	0.5299185276260767	Non-significant
NFATC2	-0.09578578395309459	0.9086586444845048	0.759477964142111	1.087142183419456	0.09150075637434614	0.29517775359338455	0.5438311688311688	-0.758501868007277	2.05404125104209e-6	NS	0.9206895747817477	-0.13818967549679123	0.529916376712481	Non-significant
IL7	0.11799438399645493	1.1252377920101686	0.9021045742476197	1.4035624302469945	0.112766977049795	0.29539677726927005	0.5296442687747036	-0.556731655909647	0.00115745109911661	NS	0.9206895747817477	0.17022991264443363	0.5295942470802895	Non-significant
CAPNS2	-0.057268610306250495	0.9443403757381553	0.8481698350600049	1.0514153043254484	0.05479987213570467	0.2959998280451069	0.5459486166007905	0.922076773001822	1.1306445567877e-4	NS	0.9206895747817477	-0.08262114008743025	0.5287085412352605	Non-significant
DCP1B	-0.09948931813038316	0.9052996201093659	0.7510491960225404	1.0912299840150093	0.09530522262294785	0.2965307054854319	0.5495482778091474	-0.513870246896039	8.8675604623116e-4	NS	0.9206895747817477	-0.14353274588812817	0.5279303291717647	Non-significant
BCO1	-0.10707392002407341	0.8984592564057156	0.7346713766487839	1.098762060260603	0.10268457375491478	0.29706598552477553	0.5659584980237153	0.679875356314347	0.0243483639824649	NS	0.9206895747817477	-0.15447501342727213	0.527147072681651	Non-significant
AOC3	0.09603109243564174	1.1007932898064123	0.9189683015959528	1.3185937586513168	0.09211125477795216	0.29715422259087204	0.5229390175042349	-0.653346137065558	2.8557578394162e-4	NS	0.9206895747817477	0.1385435808280499	0.5270180939944124	Non-significant
DDX25	-0.18135766920152718	0.8341369602344696	0.5931045107937757	1.1731228742435371	0.17399655718293797	0.2972697950649882	0.5451722190852626	-0.960171911760623	0.00369793650705618	NS	0.9206895747817477	-0.2616438099842243	0.526849216267705	Non-significant
LRRC6	-0.11731993786221301	0.8893006267026742	0.7128540792240907	1.10942144781521	0.1128380933859067	0.298470354325866	0.5262563523433088	-0.563911417422923	0.00974611058373452	NS	0.9206895747817477	-0.16925689255121606	0.5250987988464116	Non-significant
ATP2A1	0.04269933121011773	1.0436240624892181	0.962897147338432	1.1311189225319123	0.0410762693388599	0.29856604277323057	0.5047995482778092	-1.47359393489921	1.67076206143408e-5	Down	0.9206895747817477	0.061602113386112343	0.5249595880203043	Non-significant
GPSM3	-0.11007211054343616	0.895769538539285	0.7278323801639577	1.1024558511592017	0.10592663713113203	0.2987418039337482	0.5326792772444946	-0.684386857823135	4.84377758264914e-7	NS	0.9206895747817477	-0.15880048802119712	0.5247040008728404	Non-significant
CCN5	-0.06853945838659652	0.9337566148471047	0.820483456270223	1.062667880878718	0.06598186205178212	0.29891538616947083	0.5152456239412762	-1.15554456900856	1.0850046326151e-4	Down	0.9206895747817477	-0.09888153671955827	0.5244517298034086	Non-significant
LYPD6B	0.08185973489877613	1.085303568937801	0.9298923206081348	1.2666884225679063	0.07885156051259071	0.2992003011188177	0.5064935064935066	0.727077161043985	4.208701233523e-4	NS	0.9206895747817477	0.11809863358694964	0.524037973728114	Non-significant
ANOS1	-0.07883536202787503	0.9241920690284541	0.7962990939457997	1.0726258348766018	0.07599377166957401	0.29955301359990616	0.5465838509316769	-0.574824400989348	0.00402914363507557	NS	0.9206895747817477	-0.11373538584430148	0.5235263069091145	Non-significant
BTN2A2	0.1287408643921344	1.1373953463392084	0.8917997629982019	1.450626281313215	0.12411172799926988	0.2995969331675056	0.5103049124788255	-0.665946931429336	1.5418528280264802e-9	NS	0.9206895747817477	0.18573380661829078	0.5234626366175854	Non-significant
CTAG2	-0.07420390342053043	0.9284823538105591	0.8069967025521325	1.0682565103565653	0.0715481480593385	0.2996806641521095	0.526079898362507	2.24311744975054	0.00402865356091175	Up	0.9206895747817477	-0.10705360347940288	0.5233412774845991	Non-significant
IL36A	-0.04876264085279628	0.9524071654241959	0.8684907398256524	1.044431871471014	0.04705990288308228	0.3001170784329874	0.5242094861660079	2.06188504249299	2.27970757856619e-6	Up	0.9206895747817477	-0.07034962013897875	0.5227092899528065	Non-significant
LEXM	-0.09870062371899438	0.9060139065001946	0.751630887782648	1.0921067935264457	0.09531261492717782	0.3004138654213098	0.5351496329757199	1.47704961637734	4.6005984945701e-9	Up	0.9206895747817477	-0.14239490037204086	0.522280026604625	Non-significant
RBFOX1	0.06852460257803619	1.0709269721912775	0.9406461210478868	1.2192519100478925	0.06618125671084062	0.3004784117001965	0.5316558441558441	-1.17236587133538	0.00158712287012661	Down	0.9206895747817477	0.09886010431822002	0.5221867250465155	Non-significant
FHOD3	0.07289473546603907	1.0756173066007402	0.9368864331090365	1.2348909636995273	0.07045432635653272	0.30083792002748283	0.5399491812535291	-1.16974996289337	7.69051888829248e-10	Down	0.9206895747817477	0.10516487336376727	0.5216674226657099	Non-significant
CTNNA3	0.07751512294241537	1.0805985741650035	0.9329875441180493	1.2515636310999798	0.07493941352018363	0.30096296310972065	0.5363848108413326	-1.03304996575376	0.00582758046122492	Down	0.9206895747817477	0.11183068346292105	0.5214869459568208	Non-significant
ORAI2	-0.11362817675150674	0.8925897798201627	0.7195515875534874	1.107240299126132	0.10995042817233565	0.30139375457816553	0.5440429136081311	-0.669454436609186	4.82960379353331e-7	NS	0.9206895747817477	-0.16393080710465338	0.5208657512925949	Non-significant
ARMCX2	-0.08360416675224928	0.9197952695948783	0.7849089299132509	1.0778617820829461	0.08091139188155401	0.30147263104928235	0.5455251270468662	-0.581581024622847	0.00334954297789093	NS	0.9206895747817477	-0.12061531677112397	0.5207521088100477	Non-significant
LRRC39	0.0782064656209311	1.081345896375771	0.9321950897356902	1.254360766843622	0.07572569151403344	0.30171622429221245	0.5369847543760587	-1.24454562587613	5.89734692066275e-6	Down	0.9206895747817477	0.11282808011677059	0.5204013357277941	Non-significant
PDLIM3	0.04855830610096539	1.049756577248965	0.9573126101409837	1.1511274998405923	0.047033308434844184	0.30187363648895005	0.5230095990965556	-1.27345487615105	8.12834578378432e-6	Down	0.9206895747817477	0.07005482740583105	0.5201748135331078	Non-significant
PNMA8B	-0.12694935794050496	0.8807782758935957	0.692138820312367	1.120830602935961	0.12297133011435439	0.3019085465583957	0.5403020892151327	-0.565273476882649	0.0122311830012263	NS	0.9206895747817477	-0.18314920914480454	0.5201245926058738	Non-significant
HSPB1	-0.10360167018866191	0.9015843538305881	0.7404636270547266	1.0977640458928877	0.10044934360268831	0.30236160045883353	0.5315499717673631	0.684169973450473	4.22772816270734e-6	NS	0.9206895747817477	-0.14946561580899642	0.5194733645192169	Non-significant
CLIC2	-0.09592691173621949	0.9085304165528661	0.7570975725302282	1.0902524955180306	0.0930303974224426	0.30247745179415997	0.538678712591756	-0.542293223757083	0.00165414868043796	NS	0.9206895747817477	-0.1383932798496372	0.5193069943217857	Non-significant
FN1	0.0504740959530114	1.0517696179125176	0.9554868472802084	1.1577546381854389	0.048984765731091	0.3028204211748615	0.5407961603613778	-1.74747949534984	1.02115692811183e-12	Down	0.9206895747817477	0.07281872792476311	0.5188148408479599	Non-significant
IRF1	0.09363954079363199	1.0981638313028332	0.918720261369052	1.3126561490922417	0.09102878407858461	0.30362980682922053	0.5353613777526821	-0.515507009950854	0.00168524115411891	NS	0.9206895747817477	0.13509330113409268	0.5176555967224034	Non-significant
HHLA2	0.16466792499580635	1.1790015367574365	0.8614322708304024	1.6136435454599622	0.16011864059765962	0.3037560850025696	0.5098461321287409	0.677752720464419	0.0302537957416773	NS	0.9206895747817477	0.23756559878492559	0.5174750132897026	Non-significant
SERPINB2	-0.048279821108662434	0.9528671174361385	0.8690824888885801	1.0447290735913783	0.0469587267504075	0.3038872244279365	0.5083286278938453	1.01647485670934	4.1931146424596e-4	Up	0.9206895747817477	-0.06965305848847352	0.5172875574951695	Non-significant
TGM7	-0.14864891803415115	0.8618716493816246	0.6490806442942627	1.1444228795567675	0.14467071583297075	0.30418587427861604	0.5289384528514963	2.47956988068145	1.70452789035654e-8	Up	0.9206895747817477	-0.21445505688137984	0.5168609574930443	Non-significant
FABP3	0.06736450219909886	1.0696853097708021	0.9406720905039438	1.2163926978278514	0.06557527205431805	0.30428621993197014	0.5242094861660079	-0.980895512439971	9.0303827258835e-5	NS	0.9206895747817477	0.09718643325459347	0.5167177148880197	Non-significant
SCUBE1	0.13575892798223052	1.1454057350374387	0.8839679406124589	1.4841650218079914	0.13219294502529447	0.30443195739718154	0.5365612648221344	-0.744360239946238	8.6235628205181e-5	NS	0.9206895747817477	0.1958587321563659	0.5165097599410032	Non-significant
B4GALNT3	-0.07504909739105303	0.9276979376619772	0.8038504506797057	1.0706263370438804	0.07310998439820926	0.3046450192412414	0.5511010728402033	1.10616214365666	1.30519390310192e-11	Up	0.9206895747817477	-0.10827296062926513	0.516205917929229	Non-significant
FAM156A	-0.3256841466462063	0.7220332080295914	0.38740486891576686	1.3457031527676955	0.31765931321477975	0.3052393968349033	0.5168690005646528	-0.565409875123727	1.3445241251158e-4	NS	0.9206895747817477	-0.46986290326263586	0.5153594132997774	Non-significant
IGFBPL1	-0.08908270785954098	0.9147699117842066	0.7714918877871785	1.0846568897902962	0.08691303288028261	0.30538029371217235	0.5334203839638623	-1.59777200464149	4.46585669283802e-7	Down	0.9206895747817477	-0.12851918085792002	0.51515899153694	Non-significant
AKR1C2	0.04343218275101548	1.0443891643103127	0.9611460613891343	1.1348418001654665	0.04237887839198594	0.30543186270739275	0.5153162055335969	3.72208495970722	1.6724645838844897e-55	Up	0.9206895747817477	0.06265939466987332	0.5150856592370525	Non-significant
ARHGEF35	0.092918037211266	1.0973717879299483	0.9186775026061406	1.3108243507959854	0.09068440997375488	0.3055374380725917	0.523538961038961	0.507526966411612	0.00671450463980993	NS	0.9206895747817477	0.13405239149382964	0.514935567247394	Non-significant
SDC1	-0.13182087193529476	0.8764979864062002	0.6810776190494267	1.127989965734538	0.12870549221106414	0.30573822541355483	0.5182806324110671	0.519062314907098	9.47892478006198e-7	NS	0.9206895747817477	-0.19017731822670886	0.5146502595128928	Non-significant
TMEM271	-0.19154087447927148	0.8256858749365473	0.5722121613895048	1.1914412346885785	0.1870976065203986	0.3059541303318226	0.5558300395256917	1.36593518457644	0.00868364426405447	Up	0.9206895747817477	-0.27633506973878047	0.5143436795217169	Non-significant
CPNE4	-0.22515992775421514	0.7983885240650415	0.518677839410098	1.228940561801734	0.22006138761361568	0.30622808087546627	0.5759105025409373	-0.606031013057662	0.0491086635533808	NS	0.9206895747817477	-0.3248371111779235	0.5139549873474507	Non-significant
ANO5	0.06560836990948025	1.0678084493485316	0.9415330738804806	1.2110194704056203	0.0642124924139905	0.3069047265157039	0.5252682100508188	-1.31290582005499	9.15420910472494e-5	Down	0.9206895747817477	0.0946528699092159	0.512996423122813	Non-significant
SLC45A1	-0.15560430490509966	0.855897797934303	0.6350224510373654	1.1535986472794555	0.15229393101069927	0.30690551622247964	0.5314088085827215	-0.825029935069756	3.9719612381076e-6	NS	0.9206895747817477	-0.22448955902756154	0.5129953056266516	Non-significant
TEX15	-0.09774869639730693	0.9068767765212364	0.7516773827096527	1.0941203057472113	0.0957667408798595	0.3073986533058911	0.5426312817617165	-1.19966703981916	0.0269218168108602	Down	0.9206895747817477	-0.1410215595457556	0.5122980394488352	Non-significant
RASGRF1	0.10317817219489239	1.10868892901914	0.9092931573726624	1.351809514195914	0.10115793208276139	0.3077421440379641	0.549124788255223	-0.592880372511701	0.00883708037052443	NS	0.9206895747817477	0.1488546373535587	0.5118130248125994	Non-significant
LAMA3	0.0615606953316359	1.063495043754296	0.9448103544210252	1.1970886038638262	0.060374451288558666	0.30789537798348837	0.5434782608695652	-0.722479434845945	9.8004328240226e-4	NS	0.9206895747817477	0.08881330986862755	0.5115968305230206	Non-significant
GDPD5	-0.11224668137492323	0.893823740633495	0.7202840431098105	1.1091747581561435	0.11013618657128393	0.3081257827672648	0.5211744776962168	-0.829423276728323	3.43063856030616e-8	NS	0.9206895747817477	-0.16193773057584537	0.5112719600892118	Non-significant
GVQW3	-0.12387762702269808	0.8834879493186089	0.6961547471014204	1.1212319672331201	0.1215867640572634	0.30827827497519844	0.5460191981931113	-0.582487409320965	8.0948195362625e-4	NS	0.9206895747817477	-0.1787176381827392	0.5110570798496741	Non-significant
CES3	-0.10578321728840825	0.8996196489256493	0.7337564711572445	1.1029756391200147	0.10397888578741736	0.30898559658203417	0.5612648221343873	0.861351622265997	1.8487977178831e-4	NS	0.9206895747817477	-0.15261292299126616	0.5100617648170339	Non-significant
SYCE2	-0.18792938952866567	0.8286732181734311	0.5767097428259225	1.190719094068068	0.18494564070398292	0.3095660027986541	0.5355731225296443	-0.940600665653227	3.07387314624988e-5	NS	0.9206895747817477	-0.27112479831029634	0.5092467405203653	Non-significant
TPM1	0.07866561248762152	1.0818425069557718	0.9294964318399862	1.2591583676545322	0.07743913883515154	0.3097065828303598	0.5363495200451722	-0.797717439409914	1.79773624291759e-6	NS	0.9206895747817477	0.11349048902438445	0.5090495635921398	Non-significant
OPCML	-0.13382679916551846	0.8747415574513178	0.6756064039610253	1.132571846338654	0.13179722588859763	0.30991556906347983	0.5123517786561265	-0.799079804703311	0.0220651776694867	NS	0.9206895747817477	-0.1930712594941367	0.5087566057919644	Non-significant
CAMK1G	0.17126036489028848	1.18679970977493	0.852717855026806	1.6517697416780148	0.1686698947280541	0.3099350989174041	0.5388904573687182	-0.564679208416701	9.4389230900432e-4	NS	0.9206895747817477	0.24707647912805364	0.5087292388526913	Non-significant
MYBPH	0.03074355870924292	1.0312210223259546	0.9717415281214105	1.094341207113794	0.030311264203048128	0.3104578258812909	0.5445016939582157	-1.22777488014431	0.00749376245969687	Down	0.9206895747817477	0.044353579689103396	0.5079973881799777	Non-significant
SAA1	0.051619744761840135	1.052975267015802	0.9529766623496109	1.1634670152502	0.05091145030828274	0.31062461026592025	0.561617730095991	-0.815131195680972	0.00382535671188785	NS	0.9206895747817477	0.07447154977986081	0.5077641388222833	Non-significant
MYL9	-0.07721738351195684	0.9256886022935843	0.7972944547133749	1.0747589969433595	0.07618192591566357	0.3107775213275379	0.5173630717108978	-0.720071479421194	2.1710959590439e-4	NS	0.9206895747817477	-0.11140113626312136	0.5075504014427459	Non-significant
LINC00514	0.08613862397926197	1.0899574120666573	0.9225589126767645	1.287730402681921	0.08507435260077155	0.3112943170707491	0.5511010728402033	-0.581813616691372	0.0361192943293862	NS	0.9206895747817477	0.12427176564388032	0.506828807641747	Non-significant
TNNI1	0.03837318206188106	1.0391189410800972	0.9647015939051284	1.119276862952514	0.03791377659294499	0.3114820615691562	0.5367730095990966	-1.03373545874739	0.00333382083751281	Down	0.9206895747817477	0.055360799463805205	0.506566959553308	Non-significant
ZP4	-0.16578652059041088	0.8472270804221558	0.6145636672508039	1.167972927868705	0.16380720720670197	0.3114982797504591	0.5036702428006776	-1.91926290109147	1.6504460727561e-6	Down	0.9206895747817477	-0.2391793911020218	0.5065443473898711	Non-significant
MYOZ1	0.04048214895503593	1.0413127210163997	0.9627740378358769	1.1262582291769516	0.040010269720583136	0.3116365819343586	0.5252682100508188	-1.06830833222389	0.0115642958461766	Down	0.9206895747817477	0.05840339554195868	0.5063515676884544	Non-significant
OR51E1	-0.17811960069790417	0.8368423305765236	0.5925971847261178	1.1817556753470058	0.1760852732976799	0.31175178917748564	0.5291501976284585	-0.518989436442599	0.0012978459268537	NS	0.9206895747817477	-0.25697226461198874	0.5061910453789165	Non-significant
ATP6V1G2	-0.24310594129197022	0.7841884314351348	0.4895865246050081	1.2560629533111267	0.24035550339740464	0.3118043501028577	0.5514539808018069	-0.710685854227868	3.2476264457356e-4	NS	0.9206895747817477	-0.35072773591256884	0.5061178300949383	Non-significant
XCL2	-0.16680709288375412	0.846362865009871	0.6123714637060326	1.1697640104464269	0.16510972825449388	0.31236105415730314	0.531055900621118	-0.522237735987074	0.0175737922845676	NS	0.9206895747817477	-0.24065176568849683	0.5053431201819559	Non-significant
SPRR1A	-0.0349568356343538	0.9656470969023766	0.9023177032307056	1.033421279907629	0.0346086790159439	0.31246663742308595	0.53027950310559	1.7763383086557	1.4291379239744801e-9	Up	0.9206895747817477	-0.05043205341485282	0.5051963461808509	Non-significant
CPNE9	-0.272196185835382	0.761704810735687	0.44904436562639816	1.292064355130126	0.26961587284040545	0.31270119033930605	0.5206804065499717	-1.09722062151932	9.94430183669581e-6	Down	0.9206895747817477	-0.39269608745359624	0.5048704655533307	Non-significant
SPATA13	-0.10544872819051523	0.8999206122221299	0.7332545444644537	1.1044692657087416	0.10449867796936291	0.3129307518338689	0.553218520609825	-0.554896039111285	1.4069768991967e-4	NS	0.9206895747817477	-0.15213035722850454	0.5045517564590537	Non-significant
CCDC62	0.2839827917203493	1.3284100709041151	0.7651920977848304	2.3061834036029167	0.28143943691512474	0.3129569126417445	0.5274915302089216	-0.63075393448478	1.37172115523316e-5	NS	0.9206895747817477	0.4097005653127514	0.5045154512395902	Non-significant
THEM5	-0.0635401012308335	0.9384364860879488	0.8294435660524572	1.061751606094682	0.06299100651903469	0.3131103603744455	0.5224449463579899	0.698672035604269	0.00717136476045151	NS	0.9206895747817477	-0.09166898894330615	0.5043025619614588	Non-significant
DNAH7	-0.18121040898041332	0.8342598044724858	0.5866397018668768	1.1864001347737076	0.17966352300269675	0.31316175484105707	0.5377964426877471	-1.09450462111208	1.94991028754298e-6	Down	0.9206895747817477	-0.2614313583935031	0.5042312819770636	Non-significant
FAM83A	0.05734104018203771	1.0590169161380767	0.9473269828309584	1.1838751022536076	0.0568643116063198	0.31327033511035474	0.5393845285149633	0.562888472262688	0.0121975398454654	NS	0.9206895747817477	0.08272563431004049	0.5040807283479369	Non-significant
EFHD1	-0.10635275622311725	0.899107426388342	0.7311535218448492	1.1056421668419578	0.10550146354064664	0.313421332306067	0.5160220214568041	-1.08084265738389	1.48608643177678e-10	Down	0.9206895747817477	-0.15343459398796408	0.5038714476009308	Non-significant
IKZF3	-0.06678224392968064	0.9353988679428162	0.8212093764796826	1.0654664537556577	0.06642720630470984	0.3147308680922543	0.5419254658385093	-1.13103199982217	2.06671729783253e-7	Down	0.9206895747817477	-0.09634641213678742	0.5020606603765665	Non-significant
PRRX1	-0.07583869549566995	0.9269657182463165	0.7995315530767892	1.0747111098958506	0.0754557671189464	0.314860798611655	0.5377611518915867	-0.944922905927318	1.82896965583409e-7	NS	0.9206895747817477	-0.10941210989909118	0.501881407341967	Non-significant
INSYN2A	-0.2159783582769592	0.8057527395624171	0.5286953282573996	1.2279992703023352	0.2149858860208985	0.315081571643543	0.495412196499153	-0.77727091611005406	4.70454120691989e-5	NS	0.9206895747817477	-0.3115909064255089	0.5015769969134742	Non-significant
ADGRG2	-0.15018602360249392	0.8605478793179699	0.6419208988705549	1.1536353683165996	0.14954569169366733	0.3152427805076019	0.5423489553924337	-0.833426625052051	1.004848570396e-4	NS	0.9206895747817477	-0.2166726314621508	0.5013548505807734	Non-significant
MAPT	0.06442731163246956	1.0665480497903426	0.9404911754432342	1.2095007079417741	0.06417481430534258	0.3154101745800395	0.5149632975719932	-1.03363395969576	1.2724609727913e-4	Down	0.9206895747817477	0.09294896298997163	0.5011243012014873	Non-significant
RAB19	0.13620532833704302	1.1459171587053243	0.8783276466100016	1.4950299466075474	0.13568663076378465	0.3154640513502042	0.4966826651609261	-0.6408625772899	0.00194333475458511	NS	0.9206895747817477	0.19650275173450493	0.5010501235506007	Non-significant
CNTNAP1	-0.11373088404776337	0.8924981090449204	0.7147402589295015	1.1144648208872292	0.11332105804843486	0.3155634966863527	0.5171513269339356	-0.516127187019914	4.7606287069562e-4	NS	0.9206895747817477	-0.16407898241162594	0.5009132402679859	Non-significant
ZMAT1	-0.09291543289393456	0.9112705605518617	0.7600095569360567	1.0926363056226294	0.09260825168357374	0.31570793822928317	0.5329616036137775	-1.1986090277647	1.22084440925905e-6	Down	0.9206895747817477	-0.13404863425813066	0.5007144979752812	Non-significant
ATP10B	-0.06077431872394436	0.9410355899261303	0.8356176460419945	1.0597526101825718	0.060618365401592156	0.3160670696348548	0.5410079051383399	0.927855419145977	1.7728489351185e-4	NS	0.9206895747817477	-0.08767880823643977	0.5002207500347137	Non-significant
MUC15	-0.054299958396047406	0.9471479589051274	0.8515801207550199	1.0534408145445906	0.05426718658337609	0.31701834512677346	0.5513128176171654	0.736668953368408	0.0133253042137267	NS	0.9206895747817477	-0.07833828069845465	0.4989156054264074	Non-significant
JAK3	-0.09392620348328866	0.9103499404165699	0.7573350552735774	1.0942805410177163	0.09389116947625108	0.3171299664436177	0.5283738001129306	-0.796342273914799	4.2690406702925e-7	NS	0.9206895747817477	-0.1355068679748682	0.49876271840744235	Non-significant
ABCG4	-0.09365868583037003	0.9105935076737827	0.7578998015952223	1.0940503407869877	0.09364733513669862	0.3172518544240722	0.51270468661773	1.17866363631982	9.21717871053327e-6	Up	0.9206895747817477	-0.13512092158365224	0.49859583065551805	Non-significant
ODC1	-0.07083425164233668	0.9316162932019469	0.8108594449160437	1.070356796360927	0.07083104596334833	0.31728860608512943	0.542772444946358	1.19559998080354	3.6033320997733803e-9	Up	0.9206895747817477	-0.10219222356948011	0.49854552324532403	Non-significant
C2CD4B	-0.1150607857880921	0.8913119631600217	0.7112745090651097	1.116920409134822	0.11512254867155013	0.31757021056673035	0.5585121400338792	-0.77177720424726	0.00149831784699778	NS	0.9206895747817477	-0.16599762505726787	0.49816024299953815	Non-significant
MUC3A	-0.09631874348029301	0.9081744952303945	0.7518084475789623	1.0970625781647063	0.09640736740790243	0.31775558282121175	0.5247741389045737	-0.755318133681368	0.0076360511822844	NS	0.9206895747817477	-0.13895857356367483	0.49790681035020556	Non-significant
LHFPL6	-0.11218888060864667	0.8938754058237492	0.7172226456403783	1.1140379434382843	0.1123388408192722	0.3179569485680764	0.5179983060417843	-0.561227487116715	6.91421479733e-6	NS	0.9206895747817477	-0.16185434169697854	0.4976316795912088	Non-significant
ST8SIA6	0.10336112148942268	1.1088917814318446	0.9049967238447797	1.3587242368161232	0.10366776044963122	0.31874407574427516	0.4980237154150198	0.658829630698384	0.00561581579982173	NS	0.9206895747817477	0.14911857739351164	0.496557878386947	Non-significant
MBOAT2	0.08975492455985892	1.0939061613174883	0.9169072950335487	1.3050727115488587	0.09005463045077716	0.3189237669699813	0.5328910220214569	0.903230795981729	5.20234802241296e-9	NS	0.9206895747817477	0.12948898455787144	0.49631311487651475	Non-significant
MYOCD	0.1452866792956239	1.156371030386846	0.8689577316075385	1.5388481065059152	0.1457922067531798	0.31899146079943735	0.5363142292490118	-0.827512738905708	4.7744973389537e-4	NS	0.9206895747817477	0.20960437172702176	0.4962209425770548	Non-significant
MPPED1	-0.08887351790520949	0.9149612924770378	0.7682197008123345	1.0897327494283526	0.08918837358844858	0.31902194919394566	0.5191629023150762	2.69355683947444	8.02599053009203e-12	Up	0.9206895747817477	-0.12821738354820225	0.4961794357958501	Non-significant
CHST6	-0.08477644161099014	0.9187176484826202	0.7776034146908589	1.085440343608817	0.08508431493099329	0.31906479384810876	0.5620412196499154	-0.632544257785622	0.00723611685284832	NS	0.9206895747817477	-0.12230655189638825	0.4961211139544611	Non-significant
PLXDC1	-0.1010960715691537	0.9038461947923876	0.7406830814462187	1.1029520780271755	0.10157654198181733	0.31960502847915606	0.5160220214568041	-0.665032100327739	1.16444379394329e-5	NS	0.9206895747817477	-0.14585080110617382	0.49538639636815224	Non-significant
HES6	-0.09202669366935803	0.9120808024367669	0.7608877473829777	1.0933168434304945	0.09247248749720718	0.3196491291422923	0.5189864483342744	-0.532385210916887	0.00671450463980993	NS	0.9206895747817477	-0.13276645458619066	0.4953264744280275	Non-significant
LRRN1	-0.05772008816996972	0.9439141231917282	0.8424865208882844	1.0575526727969504	0.05799980436169515	0.3196500446152092	0.529785431959345	-1.77938027738421	2.55484835070006e-8	Down	0.9206895747817477	-0.08327248496248903	0.49532523061338657	Non-significant
ZBTB32	-0.11728054552678256	0.8893356590212577	0.7059103371457099	1.1204226270503217	0.11785242334016525	0.31966452692894987	0.5414313946922642	-1.01797589826844	1.26978754417943e-8	Down	0.9206895747817477	-0.16920006142424152	0.49530555457525516	Non-significant
UNC5C	-0.08870819571247736	0.9151125683884633	0.7683689760612908	1.0898813446571667	0.08917359160371474	0.3198427831347128	0.5255152456239413	-0.885018784595595	3.9196554158474e-4	NS	0.9206895747817477	-0.12797887404059868	0.49506344416521114	Non-significant
SUSD5	-0.08453788653873225	0.9189368393811493	0.7779410037874029	1.0854870879162293	0.08498457270725748	0.31986083018610506	0.5221979107848673	-1.05692182983153	1.63404532953087e-5	Down	0.9206895747817477	-0.12196238967666292	0.4950389398958178	Non-significant
C19orf38	-0.12868476196553869	0.879251095249441	0.6823219340500392	1.1330172018779723	0.129374278552751	0.3198966081746868	0.5263975155279503	-0.861161117099819	6.20881019608524e-7	NS	0.9206895747817477	-0.18565286792565938	0.49499036466370905	Non-significant
AC022415.2	-0.19204751446936721	0.8252676554053627	0.5651577285749655	1.2050913729439061	0.19316829783239053	0.3201265342760525	0.5211391869000565	-0.770911433120749	0.00104567072943629	NS	0.9206895747817477	-0.2770659967400076	0.4946783270677496	Non-significant
ZNF676	-0.23955501339233815	0.7869779778227982	0.49069165198417686	1.2621660366009897	0.24101684460950767	0.3202546427985845	0.502152738565782	-0.790723976308615	0.00786878259987943	NS	0.9206895747817477	-0.3456048298412155	0.494504565479638	Non-significant
KBTBD12	0.061880961354643375	1.0638356996297869	0.9416067459397661	1.2019310616527752	0.06227079734221167	0.3203496261546321	0.5269268774703557	-0.906779975697539	0.0348357608670225	NS	0.9206895747817477	0.08927535607178566	0.4943757784898984	Non-significant
SULF1	0.06149598496279446	1.0634262268243622	0.9419235375111028	1.2006020604242196	0.06190275127015275	0.3205009610656183	0.5057876905702993	-0.518642100953052	0.0197523592951536	NS	0.9206895747817477	0.08871995254040595	0.4941706638522808	Non-significant
HBEGF	0.08636143446416142	1.0902002930633712	0.9192941413836667	1.2928796404669194	0.08699679017168045	0.32085773906583537	0.5451016374929418	0.669210179447657	5.07647447847512e-5	NS	0.9206895747817477	0.12459321322550287	0.49368748109445787	Non-significant
ANKRD44	-0.10161325269977213	0.9033788634533515	0.7389468247325482	1.1044006735256533	0.10251007937639199	0.3215628710604579	0.555759457933371	-0.632437768542522	3.76877135565781e-5	NS	0.9206895747817477	-0.1465969357585584	0.49273410241254373	Non-significant
TBC1D30	0.12738157042712484	1.135850342004523	0.8827501593117824	1.4615188519905054	0.12862207475093004	0.32200042119967126	0.48454263128176167	0.719767049137111	1.1415851997433e-4	NS	0.9206895747817477	0.18377275995586112	0.49214356021543193	Non-significant
CBLC	0.07927103457922113	1.0824976766161956	0.9252741171715778	1.2664368300514872	0.08007100043649523	0.3221695765148606	0.5429841897233202	0.677130552773252	5.33146455176574e-5	NS	0.9206895747817477	0.11436392847357997	0.4919154737726589	Non-significant
GPC6	0.059044821705786	1.0608227875614613	0.9437386982693949	1.1924328086506357	0.05966985947832402	0.322406311617887	0.5352907961603613	-1.14630148372596	3.13062461750421e-6	Down	0.9206895747817477	0.08518367146511037	0.49159646477640934	Non-significant
TFAP2E	-0.09462589783844938	0.9097131964910824	0.7541606338400347	1.0973499049614415	0.0956772650298715	0.3226576049767259	0.5218097120271034	0.516557790152055	0.0105189893908631	NS	0.9206895747817477	-0.13651631355119653	0.4912580942001118	Non-significant
ICAM2	-0.1329161355543656	0.8755385155821596	0.6727077452972003	1.1395255928399397	0.13445561591681018	0.32288322706839445	0.5376905702992659	-0.676324485416569	3.83169052773015e-6	NS	0.9206895747817477	-0.19175744961840843	0.49095451484917724	Non-significant
TMSB15A	-0.10872324352308896	0.8969786277946405	0.7230287420593442	1.1127782505972899	0.1099933784014723	0.3229310257656754	0.5273856578204404	-0.917989298654831	0.00110816222447948	NS	0.9206895747817477	-0.15685448426012352	0.4908902279108878	Non-significant
BTK	-0.10172021765916706	0.9032822387377255	0.738005857426866	1.1055722588216617	0.10310561900893557	0.3238567790834606	0.549901185770751	-0.681477202342045	2.3532155377705e-5	NS	0.9206895747817477	-0.14675125357502633	0.4896470077108277	Non-significant
HVCN1	-0.11081800521277001	0.8951016379382519	0.7181859414016494	1.1155981982549865	0.11235347622400924	0.3239694519854059	0.5577357425183512	-0.940345091865538	1.6554722628864701e-9	NS	0.9206895747817477	-0.15987658656167056	0.4894959387428808	Non-significant
H2AC13	0.11610670460673693	1.1231157073595295	0.8916407847974738	1.4146828113119645	0.11775657183704269	0.3241384270129799	0.5378317334839073	-0.528127181706292	0.0123565361897311	NS	0.9206895747817477	0.16750656695009902	0.48926947976561597	Non-significant
SPOCK1	0.05452863591842285	1.0560427167338307	0.9475421449854804	1.1769674050579129	0.05531351575466661	0.3242261894987447	0.5298560135516657	-1.02121873926631	2.39772435235692e-5	Down	0.9206895747817477	0.07866819262594858	0.4891519077619998	Non-significant
LPAR4	-0.19017416662358336	0.8268151178049283	0.5664264826474905	1.206905503138742	0.19297998226950314	0.3243978818952653	0.5398785996612083	-0.564730666348144	0.00618409079817578	NS	0.9206895747817477	-0.2743633270930351	0.4889219901088516	Non-significant
UPK1A	-0.0881959282052084	0.9155814709142521	0.7682514885421506	1.0911653831901587	0.08951297757350304	0.32448336296168573	0.5042701863354038	1.10340857601221	0.00163651611958418	Up	0.9206895747817477	-0.12723982824825328	0.4888075656098771	Non-significant
NPW	-0.07895172619328711	0.9240845324464848	0.7897432411251056	1.0812782922843203	0.0801523255674975	0.32461374171096957	0.5203627893845285	1.04304900710991	7.1802527079776e-4	Up	0.9206895747817477	-0.1139032638486786	0.48863309934982047	Non-significant
ALOX12B	-0.04023027511687733	0.9605682187236855	0.8866448157806234	1.0406549346477987	0.04085816655275015	0.32480466247548845	0.5132693393562959	1.56959609578332	1.9023994419029e-6	Up	0.9206895747817477	-0.0580400184047176	0.48837774521644345	Non-significant
ESRP2	0.10464499345242599	1.1103163707995214	0.9014525188609017	1.3675733524192941	0.10632486201864841	0.32501688873504364	0.5071993224167137	0.557137773504554	3.07387314624988e-5	NS	0.9206895747817477	0.15097081310767302	0.48809407134768656	Non-significant
P2RX6	0.10142329154170007	1.1067450184316099	0.9041641306558407	1.35471480707237	0.10314866382568164	0.32547311678161456	0.5451016374929418	-0.507582675383468	0.0243074753425227	NS	0.9206895747817477	0.1463228797378463	0.48748487718967254	Non-significant
PTPN7	-0.0806756297345267	0.9224928721771634	0.7854207818201092	1.0834868632398647	0.08207296080402987	0.3256199763475719	0.5362789384528515	-0.777573293495945	1.77465752387169e-5	NS	0.9206895747817477	-0.11639033093859588	0.48728895958322066	Non-significant
TBXA2R	-0.15488652999553923	0.8565123604311934	0.6288730594442035	1.1665524743893152	0.15762500146652067	0.3257912142731531	0.4962591756070017	-0.714548349826475	6.89048244176111e-8	NS	0.9206895747817477	-0.22345402872506406	0.4870606316424169	Non-significant
SERPINE1	0.059546333621195505	1.0613549362578638	0.9423174484217267	1.1954297382539705	0.06069468707424761	0.32655337330853607	0.5496894409937888	-0.612759564102206	0.00670070977586735	NS	0.9206895747817477	0.0859072002184185	0.4860458256018429	Non-significant
EMP2	0.11284889256995584	1.1194627610264918	0.8934303622613778	1.402679969542413	0.11507138902588558	0.3267476426465812	0.5025409373235461	0.513407233349797	1.18658376267684e-5	NS	0.9206895747817477	0.1628065376804866	0.4857875369969201	Non-significant
PLIN4	0.0630130381811771	1.0650407253347185	0.938858971301103	1.208181187265575	0.06433946773363908	0.32739033412204	0.5278797289666854	-1.32409266299247	2.99995788344863e-7	Down	0.9206895747817477	0.09090859769533123	0.48493414685269276	Non-significant
PLPPR1	0.08903312437857949	1.0931168645434923	0.9145351305011197	1.3065703434428457	0.09100806070546406	0.3279263035554463	0.5058582721626199	1.62981847448955	1.8009923367748e-4	Up	0.9206895747817477	0.12844764701582692	0.4842237463961326	Non-significant
GPRC5D	-0.09195565453484152	0.9121455981690704	0.7586358517579461	1.0967179976153776	0.09402098066005286	0.3280578306866683	0.5745341614906833	1.82409843869521	6.75523283194746e-14	Up	0.9206895747817477	-0.1326639667791145	0.4840495912448293	Non-significant
FBXO40	0.06206174701894968	1.0640280432594187	0.9394162252401371	1.2051693875662637	0.06355136197473975	0.328786804277035	0.5260093167701864	-2.24935615193133	2.06139814335567e-7	Down	0.9206895747817477	0.0895361746531441	0.4830856210123678	Non-significant
ARL4D	0.0853715260453848	1.089121628592719	0.9175258241240114	1.2928093037609514	0.08747409680128264	0.32908255026284516	0.5465132693393563	0.574823581736629	2.8687621793515e-4	NS	0.9206895747817477	0.12316507725879973	0.48269514573806444	Non-significant
ST3GAL2	-0.1322744760992314	0.8761004934289347	0.6716868721476693	1.1427230550631897	0.13555786591816615	0.32917414984275506	0.5149632975719932	-0.600908377510659	1.72965534176226e-8	NS	0.9206895747817477	-0.19083173070454681	0.48257427741313913	Non-significant
EIF4EBP1	-0.09260052994566027	0.9115575675253544	0.7568002292705762	1.0979610824294015	0.09492798327880356	0.3293212733015973	0.5044466403162056	0.678555486198454	3.87298589430984e-5	NS	0.9206895747817477	-0.13359432533629398	0.48238021408285275	Non-significant
C1orf105	0.11664624746043654	1.1237218399158537	0.8889202530913991	1.4205444966659286	0.11959097251804494	0.3293734397215625	0.523044889892716	-1.21876586940012	4.0494870637059e-4	Down	0.9206895747817477	0.1682849627494787	0.4823114247395318	Non-significant
CSTA	-0.05328606363505155	0.9481087542489253	0.851743657398105	1.0553764645919732	0.05468651783024015	0.3298623199175813	0.5200451722190853	1.53254730986716	7.65117154910022e-13	Up	0.9206895747817477	-0.07687553975478252	0.4816672909611081	Non-significant
PGD	0.09584776547812907	1.1005915032187676	0.9075727975343094	1.3346606027066992	0.09838408531528008	0.32994720588031856	0.49604743083003955	1.35651358753247	8.330093129362129e-31	Up	0.9206895747817477	0.13827909593558532	0.48155554505878384	Non-significant
GRM2	-0.1955197330592047	0.8224071147957747	0.5549509159538887	1.218762674360392	0.20069546119876944	0.32995176645819146	0.5359260304912479	-0.507648727661419	7.9717274277969e-4	NS	0.9206895747817477	-0.28207534928044853	0.48154954221929613	Non-significant
STAC3	0.046671552304698334	1.047777812349784	0.9538498306269724	1.1509551176739028	0.04791954505998017	0.33007813921357515	0.5237859966120836	-0.92252997356124	0.00421827739934554	NS	0.9206895747817477	0.06733281706057816	0.48138323766089636	Non-significant
SCRG1	0.1753325442978936	1.1916424246237862	0.8373354806480743	1.6958694585164438	0.1800354612015508	0.33011720275774126	0.515527950310559	-0.859359968902798	0.0148496590395894	NS	0.9206895747817477	0.2529513921650157	0.48133184353368524	Non-significant
TRIM54	0.043848948805471084	1.0448245209762768	0.9565498178010144	1.141245609290783	0.04503723411738128	0.3302474918285556	0.538466967814794	-1.02527235522111	0.0130095277809677	Down	0.9206895747817477	0.06326066098984708	0.4811604720908899	Non-significant
CLDN17	-0.05589398965807833	0.9456393781307555	0.844992085887197	1.0582748032872094	0.05741637535810177	0.33031222957854445	0.5166219649915302	1.46563451025066	8.8149182742875e-4	Up	0.9206895747817477	-0.08063798169520868	0.48107534656243317	Non-significant
GSR	0.09622166420606405	1.1010030899228747	0.9070712366624037	1.3363975782983408	0.09885689569435244	0.330382874125167	0.4804488989271598	0.978884677971598	2.8484479295786996e-12	NS	0.9206895747817477	0.13881851777617168	0.48098247305173314	Non-significant
IL22RA2	-0.09500652208818994	0.9093670034770965	0.7510130799106736	1.1011104455214973	0.09761694099072571	0.3304248195157667	0.5402667984189724	-1.17009528043351	2.45312154390991e-6	Down	0.9206895747817477	-0.13706543826873938	0.48092733854927955	Non-significant
MFSD6	0.12203952722661587	1.1297987587092964	0.8836047422254921	1.4445884841746626	0.12540279805086207	0.3304637214199473	0.4740965556182948	0.579583800033747	8.02265029991664e-8	NS	0.9206895747817477	0.17606582072227225	0.48087621076813586	Non-significant
HTR2B	0.188857683647192	1.2078690407337185	0.8257033748355909	1.766914928564377	0.19407364980827338	0.33049178669988116	0.5034232072275551	-0.79316234203253	3.5329315103064e-4	NS	0.9206895747817477	0.2724640436315806	0.48083932902325005	Non-significant
MYOZ2	0.042244516142861566	1.043149514465023	0.9580282759909867	1.135833812841293	0.04343064597765067	0.330707841996752	0.5267151326933935	-1.05253489923684	0.025403507390301	Down	0.9206895747817477	0.06094595394406016	0.4805555066419776	Non-significant
CYTH4	-0.08742518746238728	0.9162874188737383	0.7682911338331367	1.0927922984057818	0.08987989120340138	0.3307078609290745	0.527738565782044	-0.626383421961497	1.1442379401963e-4	NS	0.9206895747817477	-0.12612788440077416	0.4805554817795404	Non-significant
DLX3	-0.0684038128372223	0.9338832833669237	0.813571545828079	1.0719868356070592	0.07036741301422421	0.33100327180391803	0.5233625070581592	0.608809678224121	0.00260224924719806	NS	0.9206895747817477	-0.0986858415581574	0.4801677134165324	Non-significant
BX255925.3	-0.10644149682802338	0.8990276425915322	0.7253427524070667	1.114301755220534	0.1095272559948347	0.33113683833815405	0.5256916996047432	0.766511125395792	8.787496822130081e-9	NS	0.9206895747817477	-0.1535626196185876	0.4799925021321413	Non-significant
SHISA9	-0.17635926848791578	0.8383167484376051	0.5872734196726168	1.1966742358317015	0.18158777932394518	0.331445356574639	0.5615471485036703	-0.716680246635542	0.0318017861287099	NS	0.9206895747817477	-0.2544326420623213	0.4795880609069347	Non-significant
IRAG2	-0.09164616268133358	0.9124279434904515	0.758320089347185	1.0978540114622444	0.09439129483642217	0.33158934877197044	0.5393139469226426	-1.30639050467353	3.9168200772281595e-12	Down	0.9206895747817477	-0.13221746441686308	0.4793994281936936	Non-significant
DBI	-0.12910418669418453	0.8788823929242459	0.6770074616062466	1.1409538364017366	0.13314979250636502	0.3322378691370765	0.5446781479390175	0.65463477872775	1.21189428242144e-9	NS	0.9210342490740208	-0.18625796990170299	0.4785508673092577	Non-significant
BCL6B	-0.1221644902759801	0.8850027821773044	0.6911084047647497	1.133295325395699	0.12617277572582586	0.3329286303671393	0.5263269339356296	-0.600683987953093	4.43140919181534e-6	NS	0.9210342490740208	-0.1762461042938845	0.47764885586221634	Non-significant
LGALS2	-0.0986585689333199	0.9060520095220522	0.7418588304415054	1.1065855258073636	0.10201092572570582	0.3334754126540262	0.5573122529644269	-0.604914123993612	0.00292731871213484	NS	0.9210342490740208	-0.1423342281413026	0.4769361813645975	Non-significant
MAK	-0.1962186945443756	0.8218324847429339	0.5520431282829513	1.2234707731613357	0.2030192459677937	0.333792585264496	0.5470073404856013	-0.594153090349895	7.7908478731152e-4	NS	0.9210342490740208	-0.28308373754887706	0.476523314794219	Non-significant
SLCO3A1	0.13638017506435432	1.146117536087448	0.8689975816773006	1.5116099678801622	0.14122459078241872	0.33419578063723643	0.5014116318464145	0.528026596025955	3.10736541902133e-7	NS	0.9210342490740208	0.1967550022409126	0.47599903755912365	Non-significant
CFAP20DC	-0.10410713354582098	0.901128751131274	0.7293865827874569	1.1133095196406098	0.10788170790945331	0.33453884390986766	0.5112224731789949	0.523524107200301	8.3979150458461e-4	NS	0.9210342490740208	-0.150194845287721	0.4755534482510528	Non-significant
METTL11B	-0.14276069712962813	0.8669615104517722	0.6484919621047864	1.1590309587883025	0.14813791225684614	0.3351957074443945	0.53613777526821	-0.726631029917458	0.00184977288774841	NS	0.9210342490740208	-0.20596014978276572	0.47470155163230254	Non-significant
LYNX1-SLURP2	-0.15116171185442978	0.859708662335542	0.6321189990210896	1.1692402621015165	0.15689875096707118	0.33532938501481746	0.5561829474872952	1.07381453760883	2.21634659291914e-5	Up	0.9210342490740208	-0.21808025206467227	0.47452838754758453	Non-significant
KCNK13	0.13357960344186814	1.1429122422622922	0.8707333087854144	1.5001704658974235	0.13877762259226403	0.3357762837516828	0.49350649350649356	-0.57665099431535	7.0285974559412e-4	NS	0.9210342490740208	0.19271463144949746	0.47394998181176223	Non-significant
TPBGL	-0.1592145395660144	0.8528133771295905	0.6166374355006362	1.1794461612936356	0.16544156708181626	0.3358682132215542	0.5314088085827215	-0.566897125022779	0.00141238784334388	NS	0.9210342490740208	-0.2296980266693086	0.4738310961157767	Non-significant
SQLE	0.1137382395622895	1.1204587947101707	0.8887223480688906	1.4126210659282892	0.11822087192552579	0.3360081319220296	0.5441840767927725	0.514467487604688	4.11388647112442e-5	NS	0.9210342490740208	0.16408959417595612	0.4736502118776301	Non-significant
INSRR	-0.1980358283680937	0.8203404611512964	0.5477208165169392	1.228652357019024	0.2061026404471422	0.3366224548924162	0.5267504234895539	-0.930336282319924	1.32079907907618e-5	NS	0.9210342490740208	-0.2857053075049866	0.4728569171462943	Non-significant
MYO7B	-0.060116156331894176	0.9416551480235553	0.8329800252969203	1.0645086206997456	0.06256720071061612	0.3366399595594241	0.4962591756070017	-1.77691288294703	4.59165642168162e-9	Down	0.9210342490740208	-0.0867292806173293	0.4728343340341894	Non-significant
HAS2	0.0669921265914018	1.0692870592075314	0.9325175310460994	1.2261161607396822	0.06982753523145356	0.3373602370526329	0.5287267080745341	-0.772910742554222	5.0437962196905e-4	NS	0.9210342490740208	0.09664920881202112	0.47190610682774886	Non-significant
C15orf62	-0.07878988990176278	0.9242340949622659	0.7867993509977731	1.0856753519273512	0.08214034987311981	0.337452688439803	0.5145398080180689	0.887952034694048	2.21634659291914e-5	NS	0.9210342490740208	-0.11366978343346062	0.4717871075435719	Non-significant
RGS4	0.06864827404369457	1.0710594234895956	0.9308070322872397	1.2324448020412657	0.07160925794205318	0.3377346802908054	0.5189864483342744	-0.684397361348873	0.00234002316699767	NS	0.9210342490740208	0.09903852452842457	0.4714243415392759	Non-significant
FCGR1B	0.14890878064726853	1.1605671181990929	0.8558586348337369	1.573759942384183	0.15539002030159418	0.3379162916001463	0.5254446640316206	-0.944623684750856	1.69040951807142e-5	NS	0.9210342490740208	0.21482995938463667	0.47119086954062916	Non-significant
MAN1A1	-0.08769912712115266	0.9160364457881912	0.7655181173850857	1.096150111872728	0.09158498374040162	0.33827911374158404	0.5110813099943534	-0.623456022830155	2.98956945276627e-5	NS	0.9210342490740208	-0.12652309578797782	0.4707248158886355	Non-significant
ATP11B	0.10843012331641397	1.1145270263649296	0.892650122369351	1.3915536013155674	0.11326264166339124	0.3383989421613318	0.5093873517786561	0.529718995816281	2.49130646108005e-5	NS	0.9210342490740208	0.1564316011915693	0.47057100324003065	Non-significant
SLC12A7	0.07844261196945197	1.0816012824137413	0.9210440382758642	1.2701470130667756	0.08198622086393881	0.3386793215487357	0.49971767363071706	-0.590925837577185	0.00165980868685864	NS	0.9210342490740208	0.11316876728270549	0.470211318889563	Non-significant
SLC20A2	0.11915280786412533	1.1265420496209573	0.8824197322531065	1.4382010546429727	0.12461466591018314	0.33898634270871786	0.5118577075098814	0.681018579920741	9.769159148937819e-11	NS	0.9210342490740208	0.17190116501356908	0.46981779856895806	Non-significant
GIMAP7	-0.08076038435472462	0.9224146899573457	0.7815008084333052	1.0887370186536656	0.08458252886810945	0.3396729524449015	0.5357848673066065	-1.01035333629783	2.25176797306115e-8	Down	0.9210342490740208	-0.11651260600884787	0.46893903385295255	Non-significant
PXDN	0.0664760815590355	1.0687354012848613	0.932362966369735	1.2250544038731888	0.06964881694425003	0.339857590919367	0.5308441558441559	-0.777167709529395	4.05528757033742e-5	NS	0.9210342490740208	0.09590471320295077	0.46870302541046577	Non-significant
LRATD1	-0.050167656645040616	0.9510699579349265	0.8579496792558973	1.0542973402249518	0.05257350352747882	0.33996297386866514	0.5574534161490683	0.84036131108207	1.4118754704821e-4	NS	0.9210342490740208	-0.07237662945482035	0.46856838036998294	Non-significant
NAPSA	0.171606114387119	1.187210116122229	0.8340421566150114	1.6899240028145937	0.18014486366739768	0.34079244731326686	0.49971767363071706	-0.55792271441104	0.0174466779266189	NS	0.9210342490740208	0.24757529021252092	0.4675100386897224	Non-significant
MRGPRF	-0.08853564142752862	0.9152704886078626	0.7627825228837264	1.0982423458647756	0.09298470651609604	0.34101953407789837	0.5377611518915867	-0.625515724835398	0.00171214363744023	NS	0.9210342490740208	-0.127729930829419	0.4672207432970592	Non-significant
GUCY1A1	-0.07532124603091592	0.9274455002818418	0.7941390607675866	1.0831291375614247	0.07917260151586755	0.3414242231902208	0.5362083568605307	-0.547189473334911	0.00427489134450661	NS	0.9210342490740208	-0.10866558812237989	0.4667056700266324	Non-significant
SLAMF9	-0.08654647259334339	0.9170929281076606	0.767268718776025	1.0961732417904009	0.09100764981490735	0.34161442953733634	0.49809429700734054	0.798021434821647	0.00372160064577226	NS	0.9210342490740208	-0.12486016681684901	0.46646379332234744	Non-significant
CCL5	-0.05639162191785446	0.945168914538722	0.8414575280271306	1.0616629446584527	0.05930114908656716	0.3416366565510072	0.5287972896668549	-0.577250144664254	0.0136640378792024	NS	0.9210342490740208	-0.081355913288574	0.4664355370353501	Non-significant
TPRG1	-0.08199438813767838	0.9212771287622484	0.7780068148879318	1.0909307370304606	0.08623913936257374	0.34171642521449586	0.5383258046301524	1.09140549785344	1.10583925473939e-10	Up	0.9210342490740208	-0.1182928971469535	0.4663341455542442	Non-significant
GZMK	-0.08713984367264609	0.9165489131044351	0.7657731453631411	1.0970114520202343	0.09170039129673044	0.34197666911596636	0.5320440429136082	-1.34099384476669	2.476460857833e-6	Down	0.9210342490740208	-0.12571622033036603	0.466003522072002	Non-significant
FLI1	-0.09781907670178502	0.9068129525035841	0.7410809890692016	1.1096084543486793	0.10297448706162463	0.34214524511840727	0.5497600225861096	-0.73986811773366	7.14062859811254e-8	NS	0.9210342490740208	-0.1411230968620023	0.46578949112927126	Non-significant
PSMB9	0.07124039688983898	1.0738393424800179	0.9270393044746528	1.2438856992275955	0.07500123099987728	0.3421852395033444	0.5370553359683794	-0.505485414118062	0.00634887616057732	NS	0.9210342490740208	0.10277816730393217	0.46573872811024636	Non-significant
MEX3A	-0.08442740777964197	0.9190383679911207	0.7720623749515996	1.0939938912224965	0.0889110867580818	0.3423301755629255	0.5379728966685489	-0.730597356400221	4.9934237468844e-4	NS	0.9210342490740208	-0.12180300251879975	0.46555481718447295	Non-significant
ZNF382	-0.15236136893926	0.8586779251370904	0.6269699137655093	1.176017800741718	0.1604597622542915	0.34235108695751015	0.5421372106154715	-0.653677341375076	6.86584022062043e-5	NS	0.9210342490740208	-0.2198109913917241	0.4655282889186156	Non-significant
SPN	-0.07388557069303854	0.9287779671798845	0.797402368531655	1.0817982819730665	0.07781280892462028	0.3423512897665209	0.5412196499153021	-0.695789267181952	4.6315364002256e-4	NS	0.9210342490740208	-0.10659434643209759	0.46552803164235296	Non-significant
DTNA	0.06212570936674843	1.0640961031678018	0.9360215089392161	1.2096949759841804	0.06543106583129456	0.3423748223778657	0.5101637492941841	-0.592053420104208	0.0308602323346732	NS	0.9210342490740208	0.08962845281511692	0.46549818004746096	Non-significant
G6PD	0.08755291010759932	1.091500014298364	0.9109114826803582	1.3078902877672747	0.09227846173823516	0.34272727235579903	0.5184923771880294	1.5022394641181	5.14248668451103e-34	Up	0.9210342490740208	0.12631214922763084	0.46505133542315336	Non-significant
IL36RN	-0.03897889645328819	0.9617710057115463	0.8873551641517547	1.0424275473864328	0.04108803552221816	0.3427895935666202	0.5184923771880294	1.39523069917614	2.42184404393849e-6	Up	0.9210342490740208	-0.05623466061248333	0.464972370894678	Non-significant
CLEC2D	-0.10908558674277358	0.8966536725468779	0.7154736826716706	1.1237140204648899	0.11516786911929532	0.34354315216567005	0.5442546583850931	-0.821564692454018	1.8411959315236802e-9	NS	0.9210342490740208	-0.15737723502626222	0.46401870381439103	Non-significant
PRSS27	-0.04659944009858744	0.954469643295329	0.8667142632233095	1.0511103123932202	0.049208295002879474	0.34364722134658054	0.5158102766798419	1.52723593092007	2.64507952968786e-8	Up	0.9210342490740208	-0.06722878113843433	0.4638871633473145	Non-significant
UBASH3A	-0.09512789092824084	0.9092566413561007	0.7466798984229611	1.1072316820049988	0.10050736262584195	0.3439054297669083	0.5386081309994353	-1.00376489457291	1.09617615179442e-6	Down	0.9210342490740208	-0.13724053649239923	0.46356096724518464	Non-significant
HRNR	-0.07430543910766091	0.9283880845027069	0.7957403982847111	1.0831477669155878	0.07866309852999451	0.3448613335605121	0.5313029361942405	1.28003378234784	4.39803030249986e-6	Up	0.9210342490740208	-0.1072000885116992	0.4623554967392428	Non-significant
HSPA12B	-0.10781093737186263	0.8977973203066201	0.7178344636393901	1.122877305532475	0.1141374805568322	0.34487801329884904	0.5261151891586674	-0.601661238997532	7.82864064559595e-5	NS	0.9210342490740208	-0.15553830469997693	0.4623344919398103	Non-significant
STAC2	-0.1335230065857066	0.8750073378147316	0.6631650459353085	1.1545208028112983	0.14143544336262562	0.3451409323234634	0.5094579333709768	-0.730578800807519	0.00133672233423957	NS	0.9210342490740208	-0.19263297944578325	0.46200353207898975	Non-significant
CBLN1	-0.13201827284975584	0.8763249819783383	0.6662335704685756	1.1526670346245436	0.1398478200762246	0.34516259342083794	0.5372317899491812	-0.748842229390162	0.0265749334235591	NS	0.9210342490740208	-0.19046210754706877	0.46197627654656387	Non-significant
C11orf87	-0.06804358112692667	0.9342197583401464	0.8110746876190886	1.0760618845536032	0.07211946538471957	0.3454332575715428	0.5417490118577075	1.47785641076675	0.00100213875661869	Up	0.9210342490740208	-0.09816613705614302	0.46163585181638334	Non-significant
IL12RB1	-0.0755050143144559	0.9272750808734987	0.7926265702816969	1.0847971893036208	0.08005150235999733	0.34557581984700936	0.5309853190287973	-1.12932497924482	7.68092164273881e-9	Down	0.9210342490740208	-0.1089307097137158	0.4614566529824913	Non-significant
TNFRSF11B	-0.087306265761771	0.9163963918113393	0.7643291141072773	1.0987182503255712	0.0925785068581986	0.34565474936074925	0.549512987012987	-0.548634642586583	0.0138212690557193	NS	0.9210342490740208	-0.12595631665304088	0.46135747145333866	Non-significant
COX6A2	0.05121484755394539	1.0525490065718603	0.9461740744128025	1.1708832879646904	0.054359959797916794	0.34611950777437195	0.5442193675889329	-1.0947230113572	0.0242229874667173	Down	0.9210342490740208	0.07388740658596138	0.46077392257813665	Non-significant
NTS	0.032831796739001044	1.0333767072901583	0.965119509894296	1.1064613327387887	0.03486550678441758	0.3463616929104411	0.493753529079616	4.33759391144324	1.43057755730825e-21	Up	0.9210342490740208	0.04736627033883135	0.46047014632434624	Non-significant
BANK1	-0.09349725511643595	0.9107405172994453	0.7496245207187651	1.1064850027258426	0.09933120367221741	0.34656768308856795	0.5362789384528515	-0.986232719323285	2.03098239351912e-6	NS	0.9210342490740208	-0.13488802629321248	0.4602119370365872	Non-significant
ITGAL	-0.06649426379356571	0.9356682830273626	0.8145139953775958	1.0748435764538538	0.07075099624476075	0.34730219379193084	0.5379728966685489	-0.860204555747375	2.93803993679457e-5	NS	0.9210342490740208	-0.09593094462253984	0.45929247338742113	Non-significant
AL136531.2	-0.16801189870416391	0.845343776129308	0.5953812459508374	1.20024959586914	0.17885095501370246	0.3475273885615021	0.49724731789949184	1.09856539958087	7.11192015432941e-6	Up	0.9210342490740208	-0.24238993307083612	0.459010963066944	Non-significant
MUC5B	-0.04557991165130808	0.9554432484734874	0.8687266111541095	1.0508159751671626	0.04854522530887514	0.3477736316590467	0.5249858836815359	1.95976482692401	1.65050949727053e-6	Up	0.9210342490740208	-0.06575791250349924	0.4587033494727413	Non-significant
FDPS	0.1459719775347746	1.1571637610152024	0.8531916739703013	1.5694339392410184	0.15548399407434968	0.34782153636608426	0.5403726708074534	0.508280271974925	3.06229664758744e-7	NS	0.9210342490740208	0.21059304809817436	0.4586435309147269	Non-significant
PDGFRB	-0.07560747694370089	0.9271800746980535	0.7917360399265267	1.0857948199463863	0.08057278089893953	0.34805176932551435	0.5220920383963863	-0.615194418086256	5.5909850763779e-4	NS	0.9210342490740208	-0.10907853204080391	0.4583561541561608	Non-significant
ITGA4	-0.07770040267272398	0.9252415849294399	0.7865418943589914	1.0883997363934639	0.08286320038752394	0.34840121141436275	0.5453839638622247	-0.506694589550749	0.0098386415911852591	NS	0.9210342490740208	-0.1120979856110144	0.4579203435907281	Non-significant
CCL4L2	0.0825209830523891	1.086021461245194	0.9138914611774245	1.2905718724689639	0.08804470410684742	0.3486236434308308	0.5186335403726707	-0.579409141148416	0.00753653014341333	NS	0.9210342490740208	0.11905261301896408	0.457643162655333	Non-significant
PTGER2	0.08396041587496487	1.087585841822795	0.9122008790474223	1.2966913215086977	0.08972382569814157	0.3493941949577779	0.5333850931677019	-1.35848168214593	9.26240204674822e-10	Down	0.9210342490740208	0.12112927561378685	0.4566843149190514	Non-significant
DCLK1	0.05551187079395768	1.0570815653954027	0.9409728648984874	1.1875171724737705	0.05936478832083751	0.3497380058144793	0.5315499717673631	-0.977508280693613	1.6451141450273e-4	NS	0.9210342490740208	0.08008670070491153	0.45625717061142124	Non-significant
CADM4	-0.0818454329423408	0.9214143679979181	0.776033220021154	1.0940310487350782	0.08761105756111902	0.35020554535668186	0.5304912478825523	0.625094993297607	5.05013654969095e-5	NS	0.9210342490740208	-0.1180780002253253	0.45567698132870155	Non-significant
RHCG	-0.032876453805096455	0.9676581026808867	0.9031108415943536	1.03681869440402	0.03522183655976238	0.3506077426964624	0.5265386787125917	1.49316589351014	1.97540828250737e-6	Up	0.9210342490740208	-0.04743069686662774	0.45517849733173027	Non-significant
ASTL	-0.18360116730500892	0.8322676732011509	0.5659587617483565	1.2238868388853406	0.19675509257923376	0.35074474957059676	0.5251270468661773	0.655135547497796	0.0081746061474723	NS	0.9210342490740208	-0.26488049357236115	0.45500882136755455	Non-significant
NDUFAF8	-0.09986331182364623	0.904961107065749	0.7337025213706122	1.1161943450484486	0.10703681628072487	0.35082979806421394	0.5044466403162056	0.574758594307801	4.4325327145403e-4	NS	0.9210342490740208	-0.1440723047347226	0.45490352652247334	Non-significant
PRKCQ	0.07967891381913407	1.0829392950031047	0.9158502420328171	1.2805123183226705	0.08550225108507005	0.35139203986462386	0.5358554488989271	-0.595899165841127	0.00175800248284914	NS	0.9210342490740208	0.11495237383028382	0.45420808086583825	Non-significant
CYP4Z1	-0.16419095032052808	0.8485799697915246	0.6007016939272992	1.198744688771486	0.1762613341939974	0.3515846665281031	0.5446781479390175	-0.843497573854888	0.0308761958803344	NS	0.9210342490740208	-0.236877469786272	0.4539700738355925	Non-significant
NFAM1	-0.07788426007434403	0.9250714880530279	0.7852336297908534	1.0898122871234819	0.08361874459402462	0.351635798979313	0.5405138339920948	-0.786276910981449	3.02032804196123e-5	NS	0.9210342490740208	-0.11236323577256249	0.4539069171371316	Non-significant
MTRNR2L1	0.07708054741288832	1.0801290744913532	0.9184030821360948	1.2703341705343507	0.08275633946865327	0.35163861292962717	0.48507199322416716	1.62766469868711	7.22023159242416e-5	Up	0.9210342490740208	0.11120372350158071	0.4539034417281786	Non-significant
TH	-0.05569508953556811	0.9458274846254985	0.8411334503268401	1.0635525555729428	0.05985306998294362	0.35209663218231746	0.4970002823263693	-0.993839709659997	0.00852746085213356	NS	0.9210342490740208	-0.08035102947483096	0.4533381289531915	Non-significant
MALL	0.06791277223454414	1.070271946976611	0.9275857610420777	1.234906882570337	0.07300276811355529	0.3522278524473599	0.5252682100508188	0.738232232609945	2.0183129894592e-4	NS	0.9210342490740208	0.09797741971579853	0.45317630513782003	Non-significant
CD4	-0.07483075192673824	0.9279005184144092	0.7925042035162174	1.0864287763441627	0.0804742936302647	0.35243762207062185	0.5450310559006211	-0.690215058720396	8.09331614986956e-5	NS	0.9210342490740208	-0.10795795471069758	0.4529177376449058	Non-significant
POU2AF1	-0.0580627264281594	0.9435907575025689	0.8348654760833188	1.06647543005529	0.06246132486864982	0.3525891832116259	0.5586533032185206	-1.27305191764232	9.40838231958537e-7	Down	0.9210342490740208	-0.0837668074783982	0.4527310151891642	Non-significant
BNC2	-0.06856242856563487	0.9337351665368201	0.8080457407185911	1.0789752575791083	0.07376369404633311	0.35263652138365903	0.5323969508752118	-1.08395658942862	1.78229669276806e-6	Down	0.9210342490740208	-0.09891467568294529	0.4526727112822184	Non-significant
S1PR3	0.07999652863247694	1.0832833071939407	0.9150949227473745	1.282383602481209	0.08608525888391222	0.352748696238394	0.5169395821569734	-0.741466552058466	7.13988635456595e-6	NS	0.9210342490740208	0.1154105951464065	0.4525345827260386	Non-significant
MAGEC2	-0.06026130441081721	0.9415184785067106	0.8291388751376654	1.069129758537023	0.06485135093956447	0.3527740292636735	0.5122811970638057	-2.03590826351203	0.00908299396480121	Down	0.9210342490740208	-0.08693868503098615	0.45250339452275085	Non-significant
ZNF354C	-0.0888943293582766	0.9149422510011823	0.758424424508408	1.103761028278738	0.0957251232011477	0.35307486736740323	0.5571005081874647	-0.535252625326783	0.00862524251114406	NS	0.9210342490740208	-0.12824740812833585	0.45213319535709157	Non-significant
BIRC7	0.13912139747726712	1.1492636092382755	0.8566506299895519	1.541826734587818	0.14992444227947305	0.35343692751971695	0.5291854884246189	-0.850620665729766	0.00276318422136963	NS	0.9210342490740208	0.20070975022199553	0.45168807684337525	Non-significant
EMILIN2	-0.09927100709551284	0.9054972785810275	0.7340601192273289	1.1169729836034403	0.1070904067511423	0.3539352610920977	0.5398785996612083	-0.592492266444254	4.80758258723867e-5	NS	0.9210342490740208	-0.14321778964074938	0.45107616826138675	Non-significant
VGLL2	0.06989499714054563	1.072395570740713	0.9248467684878217	1.2434841092916067	0.07552292245627898	0.3547159872308154	0.5385022586109542	-1.15041224642884	0.00763782695189285	Down	0.9210342490740208	0.10083716575761331	0.4501192372127044	Non-significant
SDCBP2	-0.06589949364187105	0.9362249561238554	0.8142578905727641	1.0764613749736667	0.07121490585018413	0.3547781790424646	0.5325381140598532	1.1179418140364	1.4983344118367e-10	Up	0.9210342490740208	-0.09507287267422117	0.4500430996996086	Non-significant
EVA1C	-0.08259100182182225	0.9207276461510616	0.7727979470904001	1.0969741852687762	0.08936217813367549	0.35536776801930525	0.5481366459627329	0.504363773533885	0.00308480198552185	NS	0.9210342490740208	-0.11915362875039424	0.44932196540566627	Non-significant
AJM1	-0.11572690250993478	0.8907184430557615	0.696871586557569	1.138487147565943	0.1252202703646432	0.35538914369038477	0.5370553359683794	-0.661185314997828	9.76246731705461e-5	NS	0.9210342490740208	-0.1669586283485234	0.4492958430117882	Non-significant
DMRT2	0.06186620014089136	1.0638199962395283	0.9329635171920883	1.2130302670410438	0.06696826205152169	0.35558330398889726	0.5016233766233766	1.38837749185947	2.3248110908809e-6	Up	0.9210342490740208	0.08925406014190791	0.44905863902837045	Non-significant
TXLNB	0.05081142702976033	1.0521244723385677	0.9445784623537113	1.1719152504656516	0.0550152709292554	0.35570102508382423	0.5221626199887069	-1.26133845759481	4.13632277967055e-5	Down	0.9210342490740208	0.07330539379632656	0.4489148832325304	Non-significant
ITGB3	0.08381883491460203	1.087431871274739	0.9101664353249296	1.2992218002874658	0.09079076786687407	0.35589840917014587	0.538466967814794	-0.840413283720955	7.10098580770831e-6	NS	0.9210342490740208	0.12092501746438719	0.44867395324417714	Non-significant
LCE1F	-0.06141373309768343	0.9404340705742856	0.8254549354543028	1.0714288607532128	0.06653534230708483	0.355994578416425	0.5208568605307735	1.38361366171382	7.3147735093599e-4	Up	0.9210342490740208	-0.08860128818250632	0.44855661602082986	Non-significant
PDGFB	0.09373650426943195	1.0982703182475029	0.8997810139563609	1.3405458364138938	0.10170613793543162	0.3567160825137681	0.5352202145680407	-0.514513611908139	5.5235937311997e-4	NS	0.9210342490740208	0.13523318985977664	0.44767731009104494	Non-significant
NAALADL1	-0.1257131103027181	0.8818678092843616	0.6749346998112719	1.1522460369417373	0.13644445796778176	0.35686769009590324	0.5371964991530209	-0.561732134035234	2.9531539203243e-4	NS	0.9210342490740208	-0.1813656808084587	0.4474927701957895	Non-significant
CACNA1F	-0.16548947610885767	0.8474787819324392	0.595853669228299	1.2053635362451842	0.17973324518253642	0.35718070174095606	0.5328204404291361	-0.670922366133743	0.00161503287399614	NS	0.9210342490740208	-0.23875084650156153	0.44711201381994886	Non-significant
SHANK1	-0.10391433565968625	0.9013025035986434	0.7224382001891665	1.1244507873205958	0.1128638407692736	0.35720431166325234	0.5250564652738565	-0.721375998507253	0.00100032939028908	NS	0.9210342490740208	-0.14991669673350044	0.44708330756552644	Non-significant
RHBDL3	-0.08764239349815592	0.9160884173288109	0.7601246071328024	1.104053178240794	0.095221397108046	0.3573603695629611	0.5371259175607002	-0.942576322727217	5.3445039259232e-4	NS	0.9210342490740208	-0.12644124647142865	0.4468936114118846	Non-significant
KRT13	-0.024987285638292354	0.9753223125501634	0.9247758076520465	1.0286315942599946	0.027151853673568614	0.35742688606680256	0.5513128176171654	1.49568138208659	3.4790243687775e-4	Up	0.9210342490740208	-0.0360490330756404	0.44681278246472667	Non-significant
C11orf96	0.06902257303523791	1.0714603949886234	0.9249298767556164	1.2412047733349485	0.07503195336823928	0.35762028855026085	0.531055900621118	-0.582060876522727	0.00947980836016049	NS	0.9210342490740208	0.09957852382733412	0.44657785073887085	Non-significant
LYVE1	0.07988768729548153	1.0831654076067316	0.9134453766037886	1.2844197696834574	0.08695026506517373	0.35821352701955045	0.5285855448898927	-0.550993774977557	0.00851107936332985	NS	0.9210342490740208	0.11525357028927945	0.44585801815470294	Non-significant
THY1	-0.07150699611242341	0.930989764263022	0.7991983579385912	1.0845141666683904	0.07787852806116383	0.3585213493481001	0.5205392433653303	-0.733325897757498	6.2900097891612e-5	NS	0.9210342490740208	-0.10316278868025956	0.4454849777144421	Non-significant
GRAP2	-0.08908502298302974	0.9147677939813486	0.7562786733329137	1.106470599280199	0.09707338181854684	0.35877173722391564	0.538184641445511	-0.849131095193958	7.40809109028623e-6	NS	0.9210342490740208	-0.12852252087509627	0.44518177647284457	Non-significant
CCK	-0.10893244655823925	0.8967909967704152	0.71048353762086	1.131953168938368	0.11881700741675706	0.3592429791286653	0.5222684923771881	-1.07154762991135	0.00775983924456113	Down	0.9210342490740208	-0.15715630044147372	0.44461171075246725	Non-significant
FCGR3A	0.0634985106443097	1.0655578988055652	0.9302974730357743	1.22048448868921	0.06926116613162714	0.3592484096233559	0.5274562394127611	-0.949703535228789	2.32525316379068e-6	NS	0.9210342490740208	0.09160898641038073	0.44460514579173116	Non-significant
LRRC8E	0.11308816470284991	1.1197306493168413	0.8790745594867564	1.4262689250744993	0.12345825149154935	0.35966516864461096	0.48023715415019763	0.540444432434667	0.00227455599058741	NS	0.9210342490740208	0.1631517344000358	0.44410161888958055	Non-significant
CSMD2	-0.07315861860436511	0.9294533897332132	0.7947577577766501	1.0869772521671146	0.07987866133776599	0.3597341045509788	0.5210333145115753	-0.798860683487084	7.049500152447e-4	NS	0.9210342490740208	-0.10554557625880459	0.4440183869905568	Non-significant
GNG2	-0.09213101421446981	0.9119856586330838	0.74877182855143265	1.1107760867038141	0.10060897240676375	0.3598066493144203	0.5232919254658386	-0.847600660100085	7.848228016715841e-9	NS	0.9210342490740208	-0.1329169573192862	0.4439308150486171	Non-significant
PLA2G3	-0.04518255900767786	0.9558229718111468	0.8675985212957641	1.0530187996141676	0.04941093109302594	0.36049390691741	0.5351143421795596	1.73435511066685	5.16884877373709e-8	Up	0.9210342490740208	-0.06518465381504977	0.44310207134541074	Non-significant
SPANXC	0.1024844864897738	1.1079201140464638	0.8894177133949251	1.3801017908934907	0.11208000412704808	0.3605135876837399	0.5136575381140598	1.37003156967817	0.0330006218548877	Up	0.9210342490740208	0.14785386042684856	0.44307836216545676	Non-significant
ZBTB7C	-0.05420577050840491	0.9472371729720379	0.8433195329613723	1.0639600137201572	0.05928863007085439	0.3605753915992566	0.55957086391869	1.23272092350256	4.03450039797591e-8	Up	0.9210342490740208	-0.07820239630004092	0.4430039161530899	Non-significant
B4GALT4	0.09178677233326867	1.0961310716898292	0.9002536120523932	1.3346276096407022	0.10044344593589168	0.3608138288994716	0.5009881422924901	0.882965408064623	8.87522673351258e-10	NS	0.9210342490740208	0.1324203212644109	0.44271682562112274	Non-significant
CADM1	-0.06649822995971034	0.9356645720188551	0.8112841251315659	1.0791141650765725	0.07277619289784015	0.36085556421543846	0.5392433653303219	-0.583563314474654	0.00683683958511869	NS	0.9210342490740208	-0.09593666659076802	0.44266659370712436	Non-significant
FGD5	-0.08939491408046006	0.9144843595049564	0.7548027428017458	1.1079472772912877	0.09791196119673831	0.3612355934805927	0.5415725578769057	-0.527529267651447	0.00106578099622632	NS	0.9210342490740208	-0.1289695992245747	0.4422094640876926	Non-significant
ANKRD31	-0.09547866784194589	0.9089377510506284	0.7404695410378975	1.115735070110994	0.10458973372078552	0.3613016756609259	0.5229390175042349	1.05330204250264	2.1618120758929e-4	Up	0.9210342490740208	-0.13774660060625996	0.44213002423710895	Non-significant
COL8A2	-0.07100127803579928	0.931460701686709	0.799607499285366	1.085056155128753	0.07787542055462125	0.3619114025403639	0.5433370976849238	-0.643822624185011	5.2039225978795e-4	NS	0.9217989043066788	-0.10243319171902608	0.4413977336026379	Non-significant
UNC5A	-0.119549159103242	0.887320386872369	0.6861412867132232	1.1474859248462672	0.13118738817628744	0.3621449865725915	0.5196922642574817	-1.0944430435456	1.88197749576571e-7	Down	0.9217989043066788	-0.17247297898069283	0.44111752266519794	Non-significant
CYSRT1	-0.046030845609698445	0.9550125037934367	0.8649374091977416	1.0544680721438153	0.050545463666179465	0.36246293352344894	0.5128458498023716	1.47353056546016	1.03430594195706e-8	Up	0.9219165917879028	-0.06640847268903745	0.4407363989945131	Non-significant
TCHH	-0.04423098105641766	0.9567329447628637	0.869665090232435	1.052517731107246	0.04868258544506935	0.3635831748914778	0.5502540937323546	1.32173141922994	2.1613429126281e-4	Up	0.923927144144395	-0.06381181702374747	0.4393962223171106	Non-significant
ADAMTS14	-0.08256674021610132	0.9207499847531729	0.7702203554660468	1.1006986875982927	0.09107916795256193	0.36465108295910903	0.5013410502540938	-0.821416004760919	8.64224588543061e-7	NS	0.923927144144395	-0.11911862665213672	0.43812249230949313	Non-significant
SGCD	0.049848301374569734	1.0511116320913114	0.9436897564688391	1.170761529988211	0.05500413114043239	0.3647957747847619	0.5308441558441559	-1.06409701560711	5.87461408063742e-5	Down	0.923927144144395	0.07191589718983024	0.4379502004924414	Non-significant
PRR32	0.10479559199352215	1.1104835954166947	0.8852741805445089	1.3929851822077273	0.11564164811773378	0.36482482980366904	0.5363495200451722	-1.16055428225236	0.00741252177683035	Down	0.923927144144395	0.15118808087607769	0.43791561146271746	Non-significant
TMEM256	-0.09308618917751811	0.9111149686621273	0.744661180530408	1.1147760992843792	0.1029303434652924	0.3658040066919556	0.5024703557312253	0.631454435200315	8.1790100332396e-4	NS	0.923927144144395	-0.13429498350165728	0.436751541957805	Non-significant
PON3	-0.06828234381415238	0.9339967281468894	0.8055167242689816	1.0829693064172752	0.07550596405873579	0.3658201956216961	0.5367024280067758	-1.29639553497078	1.68115031738089e-5	Down	0.923927144144395	-0.09851059880095289	0.4367323223561759	Non-significant
EGFLAM	-0.09506315989320158	0.9093155003845944	0.7399530135415038	1.1174421403897794	0.10515776399288153	0.36599267219587944	0.5324675324675325	-0.533680551499359	0.00300388408696621	NS	0.923927144144395	-0.13714714934915648	0.4365276098426184	Non-significant
RTTN	0.09940665244694327	1.1045153621211916	0.8902222641484415	1.3703928044629132	0.11004833077780052	0.366366719422083	0.5592885375494071	-0.502278987220295	5.1614564086636e-4	NS	0.923927144144395	0.14341348451657768	0.43608398431587336	Non-significant
HIC1	-0.10658684468997126	0.8988969803418189	0.7132704474682839	1.132832271595788	0.11801634030511278	0.36644455045821517	0.5136928289102203	-0.646010326217385	3.93726597022537e-6	NS	0.923927144144395	-0.15377231225822363	0.4359917324877986	Non-significant
IL21R	-0.07423578134129992	0.9284527561954062	0.7901497212332284	1.0909635190928615	0.08229592526210713	0.36702551867725763	0.540725578769057	-1.27895849218755	9.861152802345759e-11	Down	0.923927144144395	-0.10709959359761079	0.4353037389211221	Non-significant
GDA	0.04353263615420976	1.0444940820257094	0.9501881060844543	1.1481599068656017	0.04828045029611036	0.36723656838780094	0.5167278373800113	1.25764802816693	0.00135413524703154	Up	0.923927144144395	0.062804318296502	0.4350540794906952	Non-significant
CHD5	-0.16267307656776822	0.8498689850885475	0.5960572123472311	1.211758329324061	0.1809959513966229	0.3687771096950015	0.5380434782608696	-0.743287642723749	0.00478832810747936	NS	0.923927144144395	-0.23468764085046986	0.4332360438051512	Non-significant
HES5	-0.08855952299330454	0.9152486307764869	0.7542979029305555	1.1105427350171952	0.09867955269165202	0.36948122920139753	0.515527950310559	0.841689859845343	5.7823449432241e-4	NS	0.923927144144395	-0.12776438464593254	0.43240762022267465	Non-significant
AKR7A3	0.11656919353369348	1.1236352560713767	0.8708249778844249	1.449839199323189	0.13004497110215207	0.3700519705792503	0.5261857707509882	0.717266702636369	0.00172882519054919	NS	0.923927144144395	0.16817379743148547	0.4317372787686865	Non-significant
SCML4	-0.08789850282434135	0.9158538285829876	0.7557004541568572	1.109948036574837	0.09806899752871881	0.37009658625309283	0.5297501411631846	-1.00942108281569	6.51640944184451e-5	Down	0.923927144144395	-0.12681073412624178	0.431684920790546	Non-significant
SYNC	0.07504940934833525	1.07793740975384	0.9147263595963054	1.2702695698630775	0.08376670674971061	0.3702882134712637	0.5263269339356296	-0.61016126227576	0.00342011935229351	NS	0.923927144144395	0.10827341068848918	0.4314601116228716	Non-significant
TNFAIP6	0.0694613013083269	1.0719305780911685	0.9208143986184585	1.2478466518017297	0.07753106033013554	0.37029773928077064	0.5242094861660079	-0.70265706114663	2.6141048426544e-4	NS	0.923927144144395	0.1002114749312174	0.4314489393707127	Non-significant
SFTA2	-0.13669362091679038	0.8722374204998705	0.6467120733000853	1.1764093313397055	0.15263570303202023	0.3704906400695383	0.5251623376623377	1.15851854063012	0.00288721971946033	Up	0.923927144144395	-0.19720720901780933	0.43122275939179994	Non-significant
ABCA6	-0.09676377870308882	0.9077704155130949	0.7345208483566545	1.121883918100432	0.10804949596939621	0.3704928901091056	0.536914172783738	-0.527653290582009	0.00985812013787153	NS	0.923927144144395	-0.13960062367262327	0.43122012187091496	Non-significant
ENO3	0.04118741629195613	1.0420473839024686	0.952198520148044	1.1403743309001926	0.046005515083933	0.3706420900442327	0.5348673066064371	-1.26537417532329	4.16901265664884e-5	Down	0.923927144144395	0.059420881231434255	0.4310452638190444	Non-significant
NCCRP1	-0.0386159860602114	0.9621201057474631	0.8840926788228073	1.047034004530012	0.04315252532673277	0.37085552332064525	0.5182806324110671	0.956716934313882	4.610945155067e-4	NS	0.923927144144395	-0.05571109158810432	0.43079524845799744	Non-significant
LLGL2	-0.09167589469827359	0.912400815570665	0.7464100656142334	1.1153054957384005	0.10245303019645305	0.37088919215538474	0.5302089215132693	0.681754522854741	2.41612567566992e-7	NS	0.923927144144395	-0.1322603586502581	0.4307558219845911	Non-significant
PREX1	-0.08587159128474912	0.9177120658818404	0.7602704901689065	1.1077576293642648	0.09602697350812109	0.371191096658267	0.5427018633540373	-0.644611720821049	1.65856462467323e-5	NS	0.923927144144395	-0.12388651889975152	0.4304024492596344	Non-significant
DUSP4	-0.07232861796409441	0.9302251568811011	0.793850259229496	1.0900277885332428	0.08088506176534495	0.371206984123261	0.5027526821005082	-0.930386151251594	5.78738135992696e-7	NS	0.923927144144395	-0.10434813845115139	0.43038386128491307	Non-significant
RNF39	-0.06884891361738922	0.933467703683194	0.8027150756358995	1.0855183617042383	0.07699454706078657	0.3712121851273598	0.5243506493506493	0.557247203308414	0.00763570606857649	NS	0.923927144144395	-0.09932798624640009	0.4303777764005941	Non-significant
VSIG2	-0.08502145195564334	0.9184925807280164	0.7622133699712921	1.10681425187305	0.0951585329738992	0.37160464480641475	0.5407961603613778	0.881805437202205	0.00263579829732402	NS	0.923927144144395	-0.12266002710558592	0.42991886625754416	Non-significant
PLPP7	0.07004997345568498	1.0725617795335187	0.919592857146695	1.2509761923178968	0.07850870125206043	0.3722549562102713	0.5266092603049125	-0.510446363334379	0.0431307671618094	NS	0.923927144144395	0.10106074931892037	0.42915951133147995	Non-significant
TNFRSF10C	-0.14742151063622908	0.8629301665031173	0.624099313028775	1.1931570131799913	0.16532153636566935	0.37253981952980797	0.5113989271597967	-0.565360548912627	0.0259423885906379	NS	0.923927144144395	-0.21268428231524722	0.4288273001564459	Non-significant
NNMT	0.057175526160666144	1.0588416484946126	0.9337316927415299	1.2007149862237114	0.06415509470931616	0.3728176559676333	0.5530773574251835	-0.668525032909781	0.00253856125021532	NS	0.923927144144395	0.08248684805221022	0.42850352843247613	Non-significant
FOSL1	0.06775432654116437	1.0701023804297667	0.9219248828493412	1.242095886448252	0.07604520206759989	0.3729429165013497	0.5424901185770751	0.67035676121552	1.1909856720718e-4	NS	0.923927144144395	0.0977488308997092	0.4283576372145353	Non-significant
CLCA4	-0.04608943365045516	0.9549565531209774	0.8628821393242351	1.05685582861048	0.05172938648973619	0.3729442051427532	0.5392433653303219	1.47641119282976	3.46605044063481e-6	Up	0.923927144144395	-0.06649299736489266	0.42835613658572846	Non-significant
SOX13	0.09488139573122745	1.099528438625821	0.8922075842443806	1.3550241095191078	0.10660290346825244	0.37344165048938327	0.5217391304347826	0.509502919339855	2.7404278324282e-4	NS	0.923927144144395	0.13688491909406497	0.42777724619158014	Non-significant
KCNA7	0.0687013085173188	1.071116228068628	0.920564349919348	1.2462898157336644	0.0772818699186586	0.37401889272394534	0.5068464144551101	-0.995194935744017	0.00124222519972362	NS	0.923927144144395	0.0991150371005186	0.42710645983554824	Non-significant
MZB1	-0.04601720909267211	0.9550255269264999	0.8628714475552755	1.05702159883186	0.05177255840474579	0.3740923114636874	0.5479954827780915	-1.06483749084585	5.0943539412538e-4	Down	0.923927144144395	-0.06638879935354865	0.42702121755214933	Non-significant
RANBP17	-0.08403305785332398	0.9194008621739008	0.763814581657406	1.1066795079139429	0.09459212365399339	0.3743403191444921	0.5681818181818181	-0.980032498045008	0.0014775878978077	NS	0.923927144144395	-0.12123407583572593	0.4267333937273171	Non-significant
PRSS56	0.08584888502338361	1.0896416546899486	0.9015944762320117	1.3169101707427837	0.09665449437907982	0.3744311583101066	0.5418548842461886	-0.981583572297632	0.0109596966497086	NS	0.923927144144395	0.12385376068908233	0.4266280185901799	Non-significant
LYPD3	-0.05522459812876879	0.9462725930309586	0.8376990066899231	1.068918326475921	0.062180645366105444	0.37446994853326226	0.5330321852060982	0.83886598131273	4.50257250163075e-6	NS	0.923927144144395	-0.07967225385546058	0.42658302899214234	Non-significant
SHC4	0.07328400849294614	1.0760360969120721	0.9153204356535082	1.264970863489022	0.08253472098582328	0.3745852258848094	0.5333145115753811	-1.61004475109508	2.56914397913577e-11	Down	0.923927144144395	0.10572647562923819	0.42644935574677834	Non-significant
KCND1	-0.11011483261523612	0.8957312702261999	0.702362354602492	1.1423370048286965	0.12407932124479505	0.37483390280599715	0.5421372106154715	-0.606584878692065	3.0722885187029e-4	NS	0.923927144144395	-0.15886212294231944	0.42616113513836906	Non-significant
ATP1B4	0.0488539395082903	1.050066966241176	0.942666276663401	1.1697041263571881	0.055050447210583456	0.3748423430743807	0.5463368153585545	-1.27653585669434	0.00367632268137963	Down	0.923927144144395	0.07048133625649985	0.42615135608506427	Non-significant
NKX3-2	-0.09108210530675577	0.9129427503774094	0.7465759041718495	1.116382756005502	0.10264264210087377	0.3748791843717047	0.5376905702992659	-0.744514758192208	0.00508254480272136	NS	0.923927144144395	-0.13140370163978296	0.4261086736448218	Non-significant
ALG1L2	0.16321154081411476	1.177285707325815	0.8203370869241875	1.6895513548831342	0.18431536765139267	0.3758861925701403	0.49975296442687744	0.502400133278822	0.0194934334651444	NS	0.923927144144395	0.23546448054837005	0.4249436269351116	Non-significant
B4GALNT1	0.06776992682034848	1.0701190744558724	0.920877286882214	1.2435477015525147	0.07663325377798288	0.3765121722030808	0.512987012987013	0.594389670462472	0.00314823408587242	NS	0.923927144144395	0.09777133734512465	0.42422097899799677	Non-significant
CCR5	-0.06523076815571023	0.9368512429964526	0.8106781138742221	1.0826618314752892	0.07380412952287857	0.3767845922162468	0.543548842461886	-0.920519177591393	1.13085855776053e-5	NS	0.923927144144395	-0.09410810573162082	0.42390686504125674	Non-significant
FAM229B	-0.09512230489101028	0.9092617205117376	0.7363360643469625	1.1227982933596965	0.10762766666803229	0.37679930490125535	0.5167278373800113	-0.532635609531856	0.00440710569772014	NS	0.923927144144395	-0.13723247754418857	0.42388990704112317	Non-significant
HOXB5	-0.1263307299822489	0.8813233185320131	0.6659830218324555	1.1662921821206516	0.1429415916508541	0.37680814760700243	0.5001764539808018	-0.790200639241278	0.001913808867486	NS	0.923927144144395	-0.18225671765727314	0.42387971516125666	Non-significant
FAM171A1	-0.06706680267347619	0.9351327298837584	0.8058939467849553	1.0850971470731183	0.07588727308454724	0.3768210433491971	0.5456662902315077	-0.751359631533963	4.1039728262634e-4	NS	0.923927144144395	-0.09675694362530282	0.423864852282422	Non-significant
CXorf21	-0.10393299102244191	0.901285689630322	0.715673377854502	1.1350371824191994	0.11765440746812246	0.3770335612650525	0.53613777526821	-0.718566741027082	6.2372059603307e-5	NS	0.923927144144395	-0.14994361073283408	0.4236199897849546	Non-significant
SEMA3E	0.11850120291308525	1.1258082283506203	0.8654909391987611	1.4644222251423156	0.13416551440297367	0.3771031756282641	0.4947769621682665	-0.774461086537639	0.00749376245969687	NS	0.923927144144395	0.17096109778208496	0.42353981033629273	Non-significant
CNTNAP3C	0.19083413554300468	1.2102586965311306	0.7922087890631835	1.8489142417383742	0.21621031725129192	0.3774351561785644	0.5328557312252964	-0.680866916795582	0.0343958186649245	NS	0.923927144144395	0.2753154609802251	0.42315764994941696	Non-significant
SLC40A1	-0.07000422483983552	0.9323898806997167	0.7981375315648573	1.0892244196645549	0.07932295054868334	0.37749475248008424	0.5470073404856013	-0.550953369491596	0.00266376977306584	NS	0.923927144144395	-0.10099474801770673	0.4230890810805754	Non-significant
GALR2	-0.1312764103144289	0.8769753358580007	0.6551834306004031	1.173847969565517	0.14875968529006814	0.37752105784187956	0.5314793901750423	1.01697339785108	1.31869976458412e-5	Up	0.923927144144395	-0.1893918261463313	0.42305881873819634	Non-significant
ABCC2	-0.10619517543512577	0.8992491196088527	0.710205162440098	1.1386132090887213	0.12041354633617875	0.37781979833842005	0.5195511010728402	0.94882580415738	1.75277196608136e-6	NS	0.923927144144395	-0.1532072529665894	0.42271528811921316	Non-significant
MMAB	-0.11932728132858425	0.8875172853881111	0.6806980758052904	1.1571751997841624	0.1353642955097851	0.37803264684453214	0.5142574816487859	0.51505795598198	9.97130920403873e-5	NS	0.923927144144395	-0.1721528770155107	0.42247069293474726	Non-significant
CDH16	-0.04618804409409265	0.9548623890744752	0.8615964293457223	1.0582241882796413	0.05243986832338989	0.3784363196729182	0.5007763975155279	0.827192215990953	0.0185578381789754	NS	0.923927144144395	-0.06663526216290819	0.42200718972109913	Non-significant
C13orf46	-0.19851915748439233	0.81994406252436	0.5270215788329523	1.2756750248400173	0.22551160670755954	0.37869371434908555	0.5192334839073969	-0.81070961385195	1.4381718125724e-4	NS	0.923927144144395	-0.2864026040241879	0.4217119033454064	Non-significant
FRZB	-0.07952289258174412	0.9235568771252952	0.7736719075961868	1.10247935450517	0.09035089219479797	0.3787747295917635	0.5381140598531903	-0.723401792533844	0.00113781644246531	NS	0.923927144144395	-0.11472728276482802	0.42161900317706097	Non-significant
PRRG3	-0.08531228093570206	0.9182254953075446	0.7592138459178488	1.110540942800479	0.09702194270233232	0.37923368183227213	0.5485954263128177	-1.24009199538306	7.60865931545247e-5	Down	0.9240161201224113	-0.12307960463286334	0.4210930975357443	Non-significant
MMP16	-0.07204894030310015	0.9304853564614846	0.7924024399240736	1.0926304046618225	0.08195913086637369	0.379355866587244	0.514751552795031	-0.71050671587038	5.8681337772323e-4	NS	0.9240161201224113	-0.10394464887658755	0.42095319535695364	Non-significant
LCE2B	-0.057426868006061574	0.9441909384275667	0.8305992712029289	1.0733172531172641	0.06539964929220779	0.3798941329315564	0.5291149068322981	1.58510275428408	0.00790507404503792	Up	0.9242132932507766	-0.08284945768613011	0.420337413618551	Non-significant
GPR34	0.08180833909570821	1.0852477903227085	0.9040204395299319	1.302805462023324	0.09322194146576017	0.3801796784844065	0.5196922642574817	-0.81136216237626	1.12402348921056e-5	NS	0.9242132932507766	0.11802448511674085	0.4200111009317925	Non-significant
MATN4	-0.14973181226478285	0.8609388387037706	0.6161670473977855	1.2029459983602186	0.17066913562937241	0.38031168695482004	0.4956592320722756	-1.05235392856727	2.64249654298832e-5	Down	0.9242132932507766	-0.21601734301771958	0.4198603285405562	Non-significant
GLIPR1	-0.07710732327795873	0.9257904894045189	0.779225069554027	1.0999235827491982	0.08793428440551626	0.3805548599451867	0.4928006775832863	-0.539466171043882	0.00157821828208467	NS	0.9242132932507766	-0.11124235290933318	0.41958272745035136	Non-significant
KCNJ16	0.08341818491184518	1.086996278958373	0.9018508421393195	1.3101511416971316	0.09526926130284621	0.3812451295592692	0.5225155279503105	1.57366087500697	1.15755395223063e-5	Up	0.9242132932507766	0.12034700169227747	0.4187956957606849	Non-significant
FAM43A	-0.08791456261857043	0.915839120277063	0.7519740631782664	1.1154125325610125	0.10058291122590803	0.38209065111855006	0.5232213438735178	0.720593038889156	3.04885343455078e-6	NS	0.9242132932507766	-0.12683390351173388	0.4178335883709912	Non-significant
TTC34	-0.173989097487456	0.8403060590558399	0.5686701160454039	1.2416940031882717	0.1992208425659955	0.3824734986275508	0.5256211180124224	-0.98027731899428	1.18784020053406e-5	NS	0.9242132932507766	-0.25101320811389916	0.4173986514869603	Non-significant
GPAT3	0.08124411144236834	1.0846356362220584	0.9038527364814004	1.3015775865685375	0.09302872239637285	0.38248711482280634	0.5131281761716544	0.704154779734237	6.2900097891612e-5	NS	0.9242132932507766	0.11721047667933508	0.41738319072111	Non-significant
PILRA	-0.08435442784737848	0.9191054417964554	0.760574048168963	1.110680564467792	0.09659737521974444	0.3825224836130748	0.5368435911914173	-0.585249181221498	0.00116460313554872	NS	0.9242132932507766	-0.12169771473243879	0.41734303313227056	Non-significant
PARVG	-0.08265820210292076	0.9206657750733253	0.764673598397449	1.108480103364053	0.09472010931199158	0.3828498566247483	0.5311970638057595	-0.821711066856998	6.63850268949376e-7	NS	0.9242132932507766	-0.11925057826268146	0.41697151121100484	Non-significant
ZCCHC18	-0.16469696702376377	0.8481506827751393	0.5855716410788362	1.228474075975764	0.1890186659171263	0.3835759212082929	0.5382905138339921	-1.20608690453094	3.32904879753653e-10	Down	0.9242132932507766	-0.2376074975746371	0.4161486632703728	Non-significant
MEIG1	-0.19741911248378982	0.8208465341798233	0.5262096373032676	1.2804574164169225	0.22685951714501845	0.3841767597796193	0.5341967814793902	-0.551463182311922	0.0230796163877714	NS	0.9242132932507766	-0.284815574557064	0.4154689106995911	Non-significant
LCP1	-0.06713784944468898	0.9350662940826973	0.8036383111419604	1.0879881685669142	0.07728107482338163	0.38498448351163345	0.5386081309994353	-0.792908891346869	5.74729401872346e-6	NS	0.9242132932507766	-0.09685944244980271	0.4145567740267557	Non-significant
ANGPTL1	0.06521711351326417	1.0673907441830277	0.9213370695104826	1.2365973740456724	0.07507609438734898	0.38502209737162446	0.5237859966120836	-0.785871427136851	0.00792644229271484	NS	0.9242132932507766	0.09408840624667868	0.4145143445404222	Non-significant
KL	-0.11955013094702066	0.8873195245359904	0.6773634349459658	1.1623537646161588	0.13775619846324308	0.38548275704624424	0.5456662902315077	-0.994317155818512	2.23620481819472e-6	NS	0.9242132932507766	-0.17247438105489285	0.41399504352002575	Non-significant
TGFB2	-0.07168926063874591	0.9308200933175944	0.7914891740537694	1.0946783285565382	0.08273101860741335	0.3861972558975015	0.519339356295878	-0.862007559001445	3.3156469463142e-6	NS	0.9242132932507766	-0.10342574080851516	0.41319081640024613	Non-significant
CLGN	-0.079898629200915	0.9232099281714674	0.77052395947714	1.1061519385493588	0.09223939874338317	0.3863753693892647	0.5149280067758328	-2.16079212539676	4.18088178307728e-10	Down	0.9242132932507766	-0.11526935612198624	0.4129905667267166	Non-significant
ACTBL2	-0.12353295179227158	0.8837925182167816	0.6682252465702433	1.1689010842751102	0.1426541595824328	0.38651149895867337	0.489553924336533	-0.959406895874828	1.0391427769373e-4	NS	0.9242132932507766	-0.1782203769370856	0.41283758102117396	Non-significant
DCXR	-0.10302942798822481	0.9021004260901836	0.7144654562211772	1.139012630584294	0.11897728908206077	0.38651276733064593	0.5138339920948616	0.598859893220605	1.4088598225889e-5	NS	0.9242132932507766	-0.1486400448242386	0.4128361558474176	Non-significant
IGFALS	-0.15779878033857778	0.8540216106195866	0.5974702416549377	1.2207351271337503	0.18227478854599422	0.3866441796817451	0.5001764539808018	-1.2153076040321	7.69779238902922e-6	Down	0.9242132932507766	-0.22765551785279303	0.41268852305511994	Non-significant
FITM1	0.06829889744718484	1.0706852857548472	0.9172319108937856	1.2498114898934067	0.07892687601878035	0.38685001554897386	0.5307735742518351	-0.955668669899015	0.00101694101097931	NS	0.9242132932507766	0.09853448064523755	0.41245738135043347	Non-significant
ELOVL3	-0.09630298148205046	0.9081888099880066	0.7301369718924317	1.1296605244487565	0.11133885619858477	0.38706407423468114	0.5051877470355731	-0.762684447406934	7.6991723856981e-4	NS	0.9242132932507766	-0.13893583380697583	0.4122171363165103	Non-significant
ERICH5	-0.09373748976409453	0.9105217521506999	0.7362237916739218	1.1260840392764322	0.10841201859278272	0.38723579284694437	0.5432312252964426	1.30083317606044	1.0305251036365e-4	Up	0.9242132932507766	-0.1352346116280391	0.41202450694864096	Non-significant
HMCN2	0.06743341657289888	1.0697590290042163	0.9181074219032841	1.246460221140219	0.07799852224967013	0.38728727485579256	0.49287125917560703	-0.7496363591674	0.00691993906963619	NS	0.9242132932507766	0.09728585567992071	0.41196677244511143	Non-significant
EPB41L1	0.07358317301019256	1.0763580568886437	0.91076106499309	1.2720643329629893	0.0852351717558587	0.3879748062576288	0.48743647656691136	0.859531233337532	6.11162749946734e-8	NS	0.9242132932507766	0.10615807879467948	0.41119647507211826	Non-significant
XIRP2	0.02457626186039971	1.0248807474394748	0.9692214442601313	1.0837363872751689	0.028489516569020868	0.3883341702556215	0.5312676453980802	-1.15999438533057	0.0389719671758372	Down	0.9242132932507766	0.03545605110958736	0.41079439338250057	Non-significant
REEP2	-0.09755931802973504	0.9070485356279792	0.726673300455096	1.1321966081175727	0.11312399950269075	0.38846169830664234	0.5383258046301524	-0.753087447327153	1.8928464094801e-4	NS	0.9242132932507766	-0.14074834431400804	0.4106517954836566	Non-significant
MXRA8	-0.06742097701417966	0.934801588510032	0.8018399062528725	1.089811074587869	0.078279669104411	0.38908199394320564	0.5276679841897234	-0.641267604683861	0.00122095931287252	NS	0.9242132932507766	-0.09726790919024572	0.40995886714550045	Non-significant
GXYLT2	0.06854331879636756	1.0709470160818781	0.9162460415446027	1.2517680396427084	0.07960027127862233	0.3891862541264351	0.5185629587803501	-0.632824041855744	0.00197260941383096	NS	0.9242132932507766	0.09888710611359061	0.40984250720754345	Non-significant
TREML2	-0.11233155435638952	0.8937478823669263	0.6920816649754722	1.1541777764964696	0.13047166428455328	0.38925724440802745	0.508505081874647	-0.682221877049488	0.00170369619987211	NS	0.9242132932507766	-0.16206017640531223	0.40976329609534884	Non-significant
CD1E	-0.07630572163908472	0.9265329020979414	0.7787375461504042	1.102378102755856	0.08866258810988005	0.3894416187717293	0.5675465838509317	-0.694025743354093	0.00382807703145669	NS	0.9242132932507766	-0.11008588620016121	0.4095576382369837	Non-significant
EVI2A	-0.09301575640869583	0.9111791432720567	0.7370935530286439	1.1263799930451102	0.10817785555691746	0.38987669046705375	0.5343026538678712	-0.774208864490529	3.1855736646601e-6	NS	0.9242132932507766	-0.13419337049536134	0.4090727291724807	Non-significant
RNF208	-0.07997259127907054	0.9231416481717025	0.769289805200157	1.1077626361725161	0.09301953036442262	0.38993249711848454	0.538678712591756	0.974366575466897	8.88365835213949e-8	NS	0.9242132932507766	-0.11537606084535502	0.4090105690410098	Non-significant
LRG1	0.04881525795135858	1.050026348801617	0.9393201610037579	1.1737801219974497	0.05684500183785423	0.3904822189505409	0.5313382269904009	0.894430137584704	2.4346909521947e-4	NS	0.9242132932507766	0.07042553056614054	0.4083987374268337	Non-significant
SLC2A10	-0.06579918947721451	0.9363188680958122	0.8057273125896057	1.0880765850353684	0.07663953382613664	0.3905865456990889	0.5491953698475438	-0.603224366714753	0.00377653605554392	NS	0.9242132932507766	-0.09492816435329063	0.4082827206725366	Non-significant
TTYH1	-0.11700778909130208	0.8895782641301063	0.6810185938678205	1.1620086369717049	0.13630754567467032	0.390665991009405	0.5183512140033879	0.515518796210057	0.014990924631184	NS	0.9242132932507766	-0.1688065570674032	0.40819439414972575	Non-significant
FBXO43	-0.12548808790322372	0.882066271623242	0.6621607926914244	1.1750029843550467	0.14630818608641424	0.3910598135567589	0.5513833992094861	-0.657111585744465	9.7902655033411e-4	NS	0.9242132932507766	-0.1810410421086192	0.4077568111183472	Non-significant
SPRR2F	-0.03136038455523495	0.9691262520015526	0.9020744666569808	1.04116204042356	0.03658119285257559	0.39128925954362304	0.5164455110107284	2.0892798032699	1.94585234835578e-8	Up	0.9242132932507766	-0.045243471278208304	0.4075020728377687	Non-significant
STUM	-0.0988579349244533	0.9058713915702922	0.7225021149159245	1.1357793439275798	0.11539854744279157	0.39162986826173113	0.5367730095990966	-1.29983645553982	8.79670741934705e-8	Down	0.9242132932507766	-0.1426218524680327	0.4071241934608537	Non-significant
SEPTIN5	-0.215048208759495	0.8065025587522348	0.4930748654175072	1.3191635244338435	0.2510485165847875	0.3916658768213284	0.5399138904573687	0.563893215831768	0.0174107779744735	NS	0.9242132932507766	-0.31024898432937803	0.4070842639225061	Non-significant
ELOVL7	0.07086794730701987	1.073439465936445	0.9127009923046958	1.262486067995033	0.08276422466307572	0.39185229545738437	0.5273150762281197	0.751995794270539	5.08694310543402e-5	NS	0.9242132932507766	0.10224083613781804	0.4068776048063423	Non-significant
MAL	-0.032858773340616564	0.9676752114768451	0.8975062847417251	1.0433300923081814	0.03840702349616148	0.3922518600488651	0.5266092603049125	2.23745523068422	9.0663736648177e-9	Up	0.9242132932507766	-0.04740518934820201	0.4064349883221784	Non-significant
FBLN5	-0.06909962233097842	0.9332337045300655	0.7965605140753309	1.0933571673231923	0.08079360460261073	0.39240665060116625	0.5402315076228119	-0.570948822985904	0.0019552705169702	NS	0.9242132932507766	-0.0996896824642029	0.406263640703629	Non-significant
ARHGEF5	0.12102853783110486	1.1286571213340586	0.8551660588153889	1.4896134901596734	0.14157818617433057	0.3926325302732726	0.5287972896668549	0.542074183073493	8.88365835213949e-8	NS	0.9242132932507766	0.17460727133497717	0.40601372120848284	Non-significant
MYLK2	0.05743963342870416	1.0591213332014375	0.9282798255906004	1.2084050170202785	0.06727760811978345	0.39323219323788877	0.5240683229813665	-0.866766897799135	0.00365743133845557	NS	0.9242132932507766	0.08286787429807135	0.4053509344481425	Non-significant
KRT34	-0.0697382380629969	0.9326379170645753	0.7945570664675385	1.0947149311925295	0.08175264029919278	0.393637354628994	0.5354672501411633	0.736414508249693	0.00767016671906557	NS	0.9242132932507766	-0.1006110102138195	0.40490369545544125	Non-significant
KRT37	-0.09059878581258989	0.9133841000535838	0.7415647607369201	1.1250136986035448	0.10632542208689011	0.3941643667139238	0.5224802371541502	1.38756771564948	5.26657453402435e-5	Up	0.9242132932507766	-0.13070641900238478	0.40432263941475793	Non-significant
KLK5	-0.02840451938878191	0.9719950964015635	0.9105168615433598	1.0376243508848995	0.03333650113945527	0.39418378435273915	0.4963297571993224	0.75244843652761	0.0251814033918403	NS	0.9242132932507766	-0.040979059261030036	0.4043012453812224	Non-significant
AFF2	0.05908397150253663	1.0608643193709586	0.9260438682492217	1.2153129486642469	0.06934701051318193	0.39421154255675406	0.4836603613777527	0.639719188448861	0.0471868860866171	NS	0.9242132932507766	0.08524015268273455	0.40427066368083747	Non-significant
NAPRT	-0.07970475996790374	0.9233889275228232	0.768596177110317	1.1093564304176455	0.0936164216170791	0.3945487422968681	0.49738848108413325	0.552642902912894	6.1903551111066e-4	NS	0.9242132932507766	-0.11498966194093999	0.4038993366803171	Non-significant
POR	0.1356148679939891	1.14524073978561	0.837928911396537	1.5652596947380033	0.15940950131019238	0.3949178800603253	0.5035996612083569	0.656071840692071	6.75523283194746e-14	NS	0.9242132932507766	0.19565089752573947	0.4034932029670612	Non-significant
TUBA4A	-0.06659382105130045	0.9355751350958083	0.8024263395200513	1.0908176742217568	0.0783286821138193	0.39522259158234924	0.5210333145115753	0.631919781153731	8.0772236822428e-5	NS	0.9242132932507766	-0.0960745753845583	0.4031582383781129	Non-significant
FAM25A	-0.09687065980100323	0.9076733971992349	0.7256077328821985	1.1354220175006797	0.11422406992080121	0.39639580513656064	0.5064582156973461	1.44698124420549	1.17514740687358e-5	Up	0.9242132932507766	-0.13975482050254923	0.4018709500890924	Non-significant
RETREG1	0.06326095547019002	1.0653048000770262	0.9203480733203308	1.2330925113722224	0.07462601177885057	0.3966014438969414	0.5138339920948616	-0.663134200126106	0.00217676397454829	NS	0.9242132932507766	0.0912662667387406	0.40164570900279734	Non-significant
RBPMS2	-0.11456104745172552	0.8917574972336311	0.6842455501418997	1.162201834863922	0.13514400722853182	0.39660724059722513	0.5154573687182382	-0.504951253332674	0.00555467066659925	NS	0.9242132932507766	-0.16527665503764968	0.4016393614299688	Non-significant
RNF150	-0.056409606811219766	0.9451519159294414	0.8295801684047451	1.0768243723845317	0.06654505979643355	0.39661042706744937	0.5619706380575946	-1.5669060551956	1.3006034620286902e-9	Down	0.9242132932507766	-0.08138186000504301	0.40163587218233465	Non-significant
CCKAR	-0.10097485754084763	0.9039557602709298	0.7157099064509698	1.1417139949605732	0.11913764590036005	0.3966898190422333	0.5300324675324675	-1.12561326649477	0.0115041505787589	Down	0.9242132932507766	-0.1456759262286505	0.40154894545606606	Non-significant
TMEM191B	-0.18289465763110063	0.8328558861281428	0.545587456611631	1.2713799018881375	0.215819019381954	0.39674736664747107	0.534267363071711	0.596060726111946	0.0116929193761918	NS	0.9242132932507766	-0.2638612155694736	0.4014859471295543	Non-significant
PLA2G4C	-0.08777581815993302	0.9159661966953755	0.7476451907430414	1.1221821311453413	0.1035993216775671	0.3968488350998622	0.534373235460192	-0.682198369832111	7.73571396177618e-5	NS	0.9242132932507766	-0.12663373756930676	0.40137489017362676	Non-significant
KLRD1	-0.07070450305255614	0.9317371769442845	0.7910843725495337	1.0973976948909414	0.08349446697253432	0.3970973380218854	0.5234330886504799	-0.798167845794605	4.5646822065836e-4	NS	0.9242132932507766	-0.10200503592244131	0.4011030242589099	Non-significant
GPD1	0.06571740625459353	1.0679248856269075	0.9172309821643134	1.2433766232472725	0.07761028108266498	0.39712801251045676	0.49520045172219085	-1.21865036659972	2.47901184518401e-6	Down	0.9242132932507766	0.09481017610358758	0.40106947770661355	Non-significant
CATSPER1	0.12115218219025096	1.1287966820482915	0.8523923726514943	1.4948303038419943	0.14329881124824306	0.39785885039756796	0.5285855448898927	-0.719267840908206	2.7550382315144e-4	NS	0.9242132932507766	0.17478565243875135	0.4002709765847424	Non-significant
IL36B	-0.06105778300827328	0.9407688777495778	0.8165552151619889	1.0838778136596972	0.07224773657241162	0.3980455746130367	0.5148221343873518	1.41741825464433	1.20228812435373e-5	Up	0.9242132932507766	-0.08808776075371035	0.40006720011270563	Non-significant
KLKB1	-0.19895784359824562	0.8195844433357335	0.5164691116921495	1.30059793422522	0.23560736593525478	0.3984198808201947	0.5378317334839073	-0.85065286796717	2.0582053822936e-4	NS	0.9242132932507766	-0.2870354943051509	0.39965899877473265	Non-significant
SLC47A2	-0.05623702673461782	0.9453150443954497	0.8295088643560898	1.0772887084866152	0.06667696820975492	0.39899075451249266	0.5240683229813665	1.15056077716675	1.63462935337099e-6	Up	0.9242132932507766	-0.08113287958437311	0.3990371677486598	Non-significant
CCNI2	-0.10471800002601783	0.9005784498802728	0.7058995751619432	1.1489474890287203	0.12426978164647201	0.3994149065271557	0.538572840203275	-0.927887607543953	6.066859475256e-4	NS	0.9242132932507766	-0.1510761393293463	0.3985757308982604	Non-significant
CCNJL	-0.06502879495421074	0.9370404809511839	0.8054206714067378	1.0901692669591452	0.07722681188074156	0.3997602711078412	0.5143986448334275	-0.629186854896934	8.2427217132457e-4	NS	0.9242132932507766	-0.09381671999542504	0.3982003690372539	Non-significant
PCDHGB4	0.06189362984767813	1.063849176910306	0.9210599586351891	1.2287745880189822	0.07353388846095534	0.3999547110114505	0.5322910784867307	-0.840626066142638	0.0119649871743721	NS	0.9242132932507766	0.08929363284386248	0.3979891833504745	Non-significant
TNFSF15	-0.08213336430139453	0.9211491020977071	0.7606183365976631	1.1155603638099552	0.09770088272954336	0.4005376309926813	0.5386081309994353	-0.665632752036277	7.2601081387847e-4	NS	0.9242132932507766	-0.11849339736914852	0.3973566751734342	Non-significant
LAT2	-0.10463102615706137	0.9006567800786486	0.7056130126612834	1.1496140532360513	0.1245213219464038	0.40075929156137324	0.533102766798419	-0.501146282902637	8.59393614994755e-5	NS	0.9242132932507766	-0.15095066255991582	0.3971163997859109	Non-significant
GPR174	-0.07309155291420885	0.9295157262565614	0.7838060384389128	1.1023128720455755	0.08699248436257093	0.4007932454385869	0.5306677018633541	-1.07699155757998	9.66681088524357e-6	Down	0.9242132932507766	-0.10544882092020229	0.39707960623628996	Non-significant
LAX1	-0.07294336524336038	0.9296534792334467	0.7841612909786284	1.1021400844362859	0.08683689475978039	0.4009059739769041	0.5499717673630717	-1.0968138426508	1.2010305242337e-5	Down	0.9242132932507766	-0.10523503130234842	0.39695747219578903	Non-significant
QRFPR	0.04850559172524965	1.0497012414448508	0.9373547111166818	1.175513050953984	0.05775570396927196	0.40099770154211484	0.48983625070581593	2.59963493761606	1.01509930777103e-6	Up	0.9242132932507766	0.06997877663740235	0.3968581166826536	Non-significant
S100A12	-0.036630141082948986	0.964032625482325	0.8850438699840827	1.0500710015776495	0.043617088982590965	0.40101397960816915	0.502046866177301	1.17664567495992	1.6880940404541e-4	Up	0.9242132932507766	-0.052846122887433546	0.39684048732779365	Non-significant
MYOZ3	0.0468871869521232	1.048003773910625	0.9391494595566438	1.169475102130609	0.055954002930740626	0.40205346358775823	0.5175042348955392	-1.45105979477403	2.40162268969141e-5	Down	0.9242132932507766	0.0676439120970619	0.3957161921958953	Non-significant
TRMT9B	-0.0746749546168402	0.9280450940809888	0.7791528709427573	1.105389877606017	0.08922258732742291	0.40261997962666174	0.539455110107284	-0.556805051106964	0.0285043126004089	NS	0.9242132932507766	-0.10773318670432375	0.3951046774694427	Non-significant
SCN5A	0.05628900521433321	1.0579033791535348	0.9272157734317833	1.20701091557391	0.0672757160120051	0.4027661196427712	0.5317617165443252	-1.2437930033745	1.33974121039097e-5	Down	0.9242132932507766	0.08120786867929149	0.3949470690792911	Non-significant
AFAP1	-0.10547270264199218	0.8998990373777026	0.702875719079199	1.152150025233788	0.12607501394068793	0.4028248224847336	0.5131281761716544	-0.537163074016517	1.38098117432653e-5	NS	0.9242132932507766	-0.15216494505075848	0.3948837756159508	Non-significant
PPP2R2C	-0.04151042646302535	0.9593393327732448	0.8704152471008223	1.0573481547700994	0.04963073810991362	0.40293810397855395	0.5371259175607002	0.546157898842075	0.0173139168944105	NS	0.9242132932507766	-0.05988688640339265	0.3947616614645638	Non-significant
GBP5	0.037454455885961614	1.0381647137129817	0.9509124153612765	1.1334229687066166	0.04479050363593473	0.4030344022617474	0.529009034443817	-0.860809832535814	0.00234087388965004	NS	0.9242132932507766	0.05403535776587126	0.39465788171306393	Non-significant
ANXA6	-0.07372543152161608	0.9289267128236682	0.781389275790525	1.1043213216925614	0.08824467727521569	0.40345535722793835	0.5324675324675325	-0.853185261311331	4.63440952227073e-8	NS	0.9242132932507766	-0.10636331444363445	0.39420451343802315	Non-significant
SYTL5	0.06372891150620752	1.0658034325483587	0.9175759779622048	1.2379759105666708	0.07640385507146442	0.404221272312442	0.4980237154150198	1.4979014009248801	2.13969194875651e-7	Up	0.9242132932507766	0.09194138459125716	0.39338083529172413	Non-significant
ADARB2	-0.0675337060587992	0.9346962151594805	0.7975151730640389	1.095473846944985	0.080981443491649	0.40431450949773995	0.5517715979672502	-1.81757340284144	1.24772527373168e-8	Down	0.9242132932507766	-0.09743054282388261	0.39328067300781894	Non-significant
GPT2	0.08703507633962851	1.090934945051815	0.889101538793304	1.338586204620086	0.10437891261188682	0.4043724266276823	0.49788255223037836	0.772565154149172	5.92420954389055e-9	NS	0.9242132932507766	0.12556507301857434	0.39321846577072633	Non-significant
SBSN	-0.02764403434477596	0.9727345652770956	0.9114523559376727	1.038137131711495	0.03320057018967087	0.4050492950639254	0.5221626199887069	1.35600114404838	3.62028548124351e-6	Up	0.9242132932507766	-0.03988191125937247	0.3924921193249158	Non-significant
SPRR2E	-0.026023712691512758	0.9743119857752675	0.9163787874566055	1.035907703909283	0.031276984757393586	0.40538618111315705	0.5177159796725015	1.85869418892224	1.87277572922638e-8	Up	0.9242132932507766	-0.037544281245564706	0.3921310597095872	Non-significant
P2RX1	-0.10331103969493609	0.9018464198168161	0.7068105299642893	1.1507001246536344	0.12432963196918974	0.4060049112195338	0.5322557876905702	-0.838999554772123	1.34573540308213e-5	NS	0.9242132932507766	-0.1490463246369672	0.3914687129680213	Non-significant
TRPM1	-0.15181764563169786	0.8591449352893235	0.6003099028179042	1.2295816150432513	0.1829072419739138	0.40652445708587237	0.5414666854884247	1.83152643461565	8.0038793935326e-8	Up	0.9242132932507766	-0.21902656447228852	0.39091332151412744	Non-significant
IL21	-0.1451257732364971	0.8649135032988614	0.6139231018842278	1.2185164003321376	0.1748806760615912	0.4066202209490724	0.5346908526256352	-1.33431296695139	1.5322486063417e-4	Down	0.9242132932507766	-0.20937223335347058	0.3908110279895697	Non-significant
SGCG	0.04807996754592889	1.0492545582817494	0.9365918921383528	1.1754694198360622	0.05795392538242738	0.40675140156970446	0.5224096555618295	-1.26729047468739	4.2264313376931e-4	Down	0.9242132932507766	0.06936473074461379	0.3906709419118413	Non-significant
TCF7	-0.08279443402911586	0.9205403595443986	0.7569356896353887	1.1195066703200578	0.09983986997435772	0.40695036737568524	0.5317617165443252	-0.536957918753064	4.015642085341e-4	NS	0.9242132932507766	-0.1194471193870139	0.39045855512187766	Non-significant
AMPH	-0.0806142032370454	0.9225495394236701	0.7624678676943901	1.1162406820689261	0.0972368423008869	0.40707611998346566	0.5182806324110671	-0.643624131598932	0.0034024500922557	NS	0.9242132932507766	-0.11630171123530036	0.3903243735812853	Non-significant
SPOCD1	-0.06702491330480818	0.9351719028238932	0.7980261611848972	1.0958869901366988	0.0809142344329254	0.4074750624833854	0.5197628458498024	-0.723006264919771	3.9107300875014e-4	NS	0.9242132932507766	-0.09669651004085948	0.38989896497862253	Non-significant
ST6GALNAC5	0.08785261935133869	1.0918271959694272	0.8867090341655304	1.3443943615397111	0.106170830237365	0.40797369446314835	0.5201863354037267	-0.69277424036674	6.8308838471928e-4	NS	0.9242132932507766	0.12674453826728208	0.3893678386694406	Non-significant
LRRC26	-0.17178523711338137	0.8421600184649362	0.5604841448062678	1.2653943974561659	0.20774314760756563	0.4082871175008693	0.5339497459062676	1.29429146009218	0.0162321780532813	Up	0.9242132932507766	-0.24783370968141008	0.38903432295858437	Non-significant
ZNF540	-0.1499353813628144	0.8607635959985204	0.6032999088171049	1.2281022379881013	0.18133265004675167	0.4083205866462219	0.5364906832298136	-0.740602260231305	1.48507932468075e-5	NS	0.9242132932507766	-0.21631103114592778	0.3889987233308195	Non-significant
SERPINB12	-0.056448939480853735	0.9451147413124714	0.8267220323752608	1.080462161725339	0.06828585507757774	0.40843183733227645	0.5528303218520609	1.06348085750557	0.0100104053895539	Up	0.9242132932507766	-0.08143860505246892	0.3888804119357338	Non-significant
DMD	-0.05897930808522686	0.942726275767037	0.8196993351587737	1.0842180698480648	0.07134741424842533	0.4084357223034252	0.5240683229813665	-1.04536821080945	7.16935410204107e-8	Down	0.9242132932507766	-0.08508915528961918	0.3888762809808138	Non-significant
SPATA32	-0.2555685623319202	0.774476034857187	0.4224144269256864	1.419963643130099	0.30929131094726003	0.40863182099422235	0.5293266516092603	-0.586044551226486	0.00138630026693952	NS	0.9242132932507766	-0.36870749748338316	0.38866781698868613	Non-significant
LCE1B	-0.07048322878460485	0.9319433692177167	0.7884417402348559	1.1015632469815217	0.08531459489703389	0.4087151765924186	0.5308794466403162	0.819253157640201	0.0443418401610265	NS	0.9242132932507766	-0.10168580463339166	0.38857923557451374	Non-significant
PCOLCE	-0.0611383081131689	0.940693125287043	0.8136017419939974	1.0876372434915866	0.07405543478752813	0.4090452787682274	0.5089638622247318	-0.767064328808242	8.85176721397344e-5	NS	0.9242132932507766	-0.08820393392321031	0.38822861563375977	Non-significant
METTL7B	0.070846763707954	1.0734167268660255	0.9069997535169078	1.2703680073208452	0.08595048973359849	0.4097838240242895	0.5232919254658386	-0.856172487130248	0.00108094830297633	NS	0.9242132932507766	0.10221027466449734	0.3874451891159981	Non-significant
MVD	-0.09008843222248644	0.9138503678787985	0.7376345833605186	1.1321628807960182	0.10929705391086955	0.4097957782557359	0.4932947487295314	0.811552946393441	1.0726081190679e-8	NS	0.9242132932507766	-0.12997013440884267	0.3874325200433699	Non-significant
MYH7	0.02356069647609065	1.0238404423676524	0.968027164711596	1.0828717309187232	0.028600436691169694	0.4100600284668924	0.5277032749858837	-1.92828306440998	4.45281543483113e-5	Down	0.9242132932507766	0.0339908999659462	0.3871525624908831	Non-significant
DNAH11	0.0639054570141572	1.0659916119673594	0.9155699671040306	1.2411264650576443	0.07761058416571472	0.4102739560379996	0.5209627329192547	-1.1280903413029	1.0354235698145e-4	Down	0.9242132932507766	0.09219608592006748	0.38692605092969007	Non-significant
RGPD3	-0.19717660923087027	0.8210456162725616	0.5131874591115021	1.3135860824960703	0.23976842312645658	0.41087049817920995	0.5276679841897234	-0.697318087167824	6.70120253173801e-5	NS	0.9242132932507766	-0.2844657163166776	0.38629504135665566	Non-significant
ANXA1	-0.06446569116932056	0.9375682805816411	0.8039740219023235	1.0933615475197662	0.07843135457343617	0.4111123261680687	0.5174336533032184	1.06970941685781	2.97462949411207e-10	Up	0.9242132932507766	-0.09300433295745815	0.38603950179779783	Non-significant
AHRR	-0.2082828808016092	0.8119773114282894	0.4941272981983678	1.334286036570345	0.2534124246392813	0.4111266053795326	0.5436194240542067	-0.532135895418308	0.0239626899818276	NS	0.9242132932507766	-0.30048867923454864	0.3860244176598243	Non-significant
SELL	-0.05650067733590696	0.9450658443678992	0.8259099112376304	1.08141267956504	0.06876090654456996	0.41124898029481866	0.523927159796725	-0.778092162843237	7.6926256536761e-4	NS	0.9242132932507766	-0.08151324699938037	0.3858951658878841	Non-significant
ITGA1	-0.08778366523175496	0.9159590090710444	0.7428413929904142	1.1294213195645604	0.10688413759489103	0.4114768833993665	0.519339356295878	-0.627418562601441	3.76071362163248e-6	NS	0.9242132932507766	-0.12664505850090987	0.38565455825024164	Non-significant
NRROS	-0.08442093309075502	0.9190443184978925	0.7513124830309231	1.1242225817356626	0.1028144868999258	0.4115895432729298	0.5606295878035008	-0.663800704290845	3.84587315494685e-5	NS	0.9242132932507766	-0.12179366151725118	0.3855356673317435	Non-significant
LAMP5	-0.05930549360868543	0.9424188222494672	0.8179610760614161	1.085813570502206	0.07226410041055284	0.41183020824877087	0.5292207792207793	-0.562082000305867	0.0133726425357879	NS	0.9242132932507766	-0.08555974152672258	0.38528180051891037	Non-significant
UCP2	-0.06809774518054793	0.934169158581418	0.7938879031014406	1.099238335079162	0.08301951657160941	0.4120668295321182	0.5469367588932806	-0.61334684187471	2.4407421125559e-4	NS	0.9242132932507766	-0.0982442792676968	0.3850323438131045	Non-significant
SYNE1	-0.0701373275981688	0.9322657852936572	0.7882986654139187	1.1025256448618284	0.08558367277933496	0.4124911547567544	0.5342320722755505	-0.888964389046943	7.54213146768381e-8	NS	0.9242132932507766	-0.10118677470708276	0.3845853597965271	Non-significant
GOLGA6L7	0.07395202859484727	1.0767551507996662	0.9021728361928721	1.2851214404395435	0.09025736843172394	0.4125889411630411	0.4804136081309994	1.32072228827501	0.00848437800777931	Up	0.9242132932507766	0.10669022491746485	0.3844824168287732	Non-significant
AKNA	-0.09243028542148582	0.9117127684203717	0.7307681839140466	1.1374608123312975	0.11287386284558219	0.41285419115285954	0.5218097120271034	-0.583796381882593	1.01108478886752e-5	NS	0.9242132932507766	-0.13334871440552912	0.3842033022384199	Non-significant
SYNPO2	0.034238061407975945	1.0348309307152201	0.9534047133196127	1.123211412954213	0.041813959124866795	0.41288972705278154	0.5280914737436477	-1.41363319359078	6.48870235265513e-6	Down	0.9242132932507766	0.049395081402938766	0.3841659225013977	Non-significant
C17orf49	-0.22121321839642635	0.8015457577677961	0.4719337503255618	1.361368203380964	0.27026182547712313	0.4130634754800609	0.5527950310559007	-0.558144799249298	1.594955145696e-4	NS	0.9242132932507766	-0.3191432131596116	0.38398320516562506	Non-significant
CRYGS	-0.1069539830305794	0.8985670213700794	0.695517368248857	1.160895081494212	0.13068878540620024	0.41313632976428827	0.5279503105590062	0.550942479257165	0.00498272220699287	NS	0.9242132932507766	-0.15430198092153932	0.3839066130059462	Non-significant
ADCYAP1R1	-0.08440427669915981	0.9190596265874431	0.7508255637524617	1.1249891293013143	0.10315375744673526	0.41322156358655593	0.5237859966120836	-0.662480609471595	0.0121789114849741	NS	0.9242132932507766	-0.12176963142369772	0.383817023303684	Non-significant
ATP4A	-0.1858088030765079	0.8304323559157674	0.5320479942586064	1.2961573113583005	0.22715354943920282	0.41336422672783935	0.5610177865612649	0.956236070817815	0.0285082537411387	NS	0.9242132932507766	-0.26806543875199196	0.3836671106960114	Non-significant
CYSLTR1	-0.09200939310194223	0.9120965820886763	0.7316074342069894	1.137112795962206	0.11250298963713277	0.4134488180853797	0.5409373235460192	-0.822710914048118	4.20172618606216e-6	NS	0.9242132932507766	-0.13274149514337522	0.38357824523808204	Non-significant
BHLHE41	0.06357597274744502	1.0656404423583763	0.9150111212335804	1.2410663936617523	0.07775399618378558	0.41355399956318406	0.5173630717108978	-0.723376135296379	1.5323960951812e-4	NS	0.9242132932507766	0.0917207406024307	0.38346777466971066	Non-significant
CCDC110	-0.14083480054545544	0.8686327975098007	0.6196637651893966	1.2176328184674265	0.17232125915466373	0.4137681621352445	0.5365612648221344	-0.579108510919995	0.00397694364829761	NS	0.9242132932507766	-0.2031816683315149	0.3832429296706051	Non-significant
TMEM61	-0.15458570688313264	0.8567700579040075	0.5913401837824984	1.2413411979302087	0.18917598289498253	0.4138410434623343	0.5563241106719368	0.556454085105135	0.015765136479516	NS	0.9242132932507766	-0.2230200327126104	0.383166439563785	Non-significant
TSHR	-0.1512674988668154	0.8596177211349152	0.5976573552485651	1.2363984480402812	0.18544737443353007	0.4146776757585385	0.556147656691135	-1.24442901351155	6.0537312218569e-7	Down	0.9242132932507766	-0.21823287046283155	0.38228934432213746	Non-significant
DNAH1	-0.1115890015664894	0.8944117838108745	0.6839869453386787	1.1695726716299257	0.13685325233174805	0.4148481526209612	0.5265386787125917	-0.530756052329151	4.87349287093112e-5	NS	0.9242132932507766	-0.16098889917772496	0.38211083954470504	Non-significant
WNT1	-0.19273786125517792	0.824698131139262	0.5189032546870689	1.310700985899097	0.23638187372089708	0.4148625534864623	0.5397727272727273	-1.46505504027329	1.86805945149239e-7	Down	0.9242132932507766	-0.27806195662439015	0.3820957638891148	Non-significant
KRT24	-0.03470755014031843	0.9658878487227132	0.8885461963265536	1.0499615441123582	0.042582970729301624	0.4150396598582047	0.5429488989271598	3.64681080313716	1.3119690999170101e-15	Up	0.9242132932507766	-0.05007241046884251	0.3819104015177692	Non-significant
CHST9	-0.0712175689006847	0.931259257032039	0.7846487123033343	1.105263782644941	0.08740037779209077	0.41516229610678884	0.5438311688311688	2.21024500482229	1.20816413983364e-6	Up	0.9242132932507766	-0.10274523347718587	0.38178209479421565	Non-significant
CTAGE4	0.14795667406327623	1.1594626604688623	0.811624710692803	1.6563734978867157	0.1819798228357737	0.4161957584713657	0.5314088085827215	0.635308165661705	0.00587965129585978	NS	0.9242132932507766	0.21345635993751347	0.38070235007794095	Non-significant
SCARF1	0.11221388069594053	1.118752114539081	0.8535914030942502	1.4662826842545738	0.1380211744841632	0.41620698434600095	0.5089638622247318	-0.59563713989137	1.99693409562797e-7	NS	0.9242132932507766	0.16189040919893927	0.3806906361919621	Non-significant
OTUB2	-0.08031296038221115	0.922827492744276	0.7602384919395773	1.1201887176114884	0.09888453608902667	0.4166830285433335	0.5092461885940147	0.54232463498584	0.00176016925126509	NS	0.9242132932507766	-0.11586710966252789	0.3801941879518417	Non-significant
KDELR3	-0.07704934879537365	0.9258441631849641	0.7687196768436028	1.1150845234290296	0.0948892724903482	0.4167961091951347	0.5311970638057595	-0.523740951427871	0.0020591038506375	NS	0.9242132932507766	-0.11115871341080961	0.38007634384233735	Non-significant
BMP5	0.10342338737173819	1.1089608297066615	0.863930885594883	1.4234866959026233	0.12739310326281697	0.4168808768489709	0.5275268210050819	-0.870044941127625	0.00589067114369457	NS	0.9242132932507766	0.1492084080731449	0.37998802636434986	Non-significant
TM4SF1	0.08703969485758459	1.090939983566083	0.8840669103094766	1.3462216873681443	0.10727861599990497	0.41716904006116295	0.5070581592320722	0.605435977708611	8.72031569996385e-6	NS	0.9242132932507766	0.12557173613152575	0.37968792994233774	Non-significant
MAPK8IP2	-0.05737614823635702	0.9442388287890047	0.8220271492327972	1.0846198530364293	0.0707184974135147	0.41717529547307114	0.5542772444946358	0.667346128450202	0.00263345267289199	NS	0.9242132932507766	-0.08277628452590235	0.3796814177848073	Non-significant
ARHGAP9	-0.07708624211129941	0.9258100063538369	0.7684955235221178	1.1153274698811215	0.09501924542139481	0.41721076187134154	0.5316205533596838	-0.74840036720168	2.94359441662163e-6	NS	0.9242132932507766	-0.11121193921473771	0.37964449755840723	Non-significant
TMEM159	0.13567339061578265	1.1453077642374911	0.8251708697935027	1.58964636639553	0.16726745613353064	0.4172987813911553	0.5088932806324111	0.541392361399049	9.523289290218032e-9	NS	0.9242132932507766	0.19573532782198086	0.3795528835266559	Non-significant
ACAN	-0.07751431254520845	0.925413779275299	0.7672012693530003	1.116252927468182	0.0956608334750684	0.417765738031016	0.5322557876905702	-0.525869140044011	0.0185697728345887	NS	0.9246439329023075	-0.1118295143068894	0.3790671804261161	Non-significant
PAPSS2	-0.0724366475500841	0.9301246704703764	0.7804615502405	1.1084875383688473	0.08950835681596526	0.41835844727691796	0.5358554488989271	-0.746696190249673	4.14013655447334e-6	NS	0.924749668417566	-0.10450399219912805	0.3784514575406687	Non-significant
FXYD6	-0.0727882300294526	0.9297977124123409	0.7795217563154261	1.1090438194997612	0.0899437191863599	0.4183632061150332	0.5412902315076228	-0.760001483852105	0.00404375033839177	NS	0.924749668417566	-0.10501121849857646	0.3784465174578458	Non-significant
SHROOM4	-0.07636400541336066	0.926478901837101	0.7697924721014956	1.1150578716442778	0.09452740624823042	0.4191766923383196	0.5345849802371542	-0.593215600616305	6.7929155091663e-4	NS	0.924749668417566	-0.11016997191227346	0.3776028736156189	Non-significant
SUCNR1	-0.08729432344525634	0.9164073357724511	0.7414570867045418	1.132637910024062	0.10808549082178667	0.41929701310082246	0.5346555618294748	-0.867845865670673	4.81326162228328e-6	NS	0.924749668417566	-0.12593908753222846	0.37747823132037917	Non-significant
LYPD5	-0.04658408214491491	0.9544843021084569	0.8522405280604969	1.068994319062467	0.05780840914088758	0.42033756754806534	0.5084697910784868	0.954444386904452	8.17308503647488e-5	NS	0.924749668417566	-0.06720662429483286	0.37640179331668866	Non-significant
RAB39A	-0.12330228271196679	0.8839964053384624	0.6549245074144366	1.1931904147798535	0.15302986457865567	0.42039278178722295	0.5276679841897234	-0.593015012144544	0.0178368675732178	NS	0.924749668417566	-0.17788759179884342	0.37634474948701824	Non-significant
MAMDC4	-0.07376328010798959	0.9288915549260859	0.7762046490829895	1.111613440904229	0.0916219848074351	0.4207719255184159	0.5044466403162056	-1.06186041940393	5.94865533309396e-7	Down	0.924749668417566	-0.10641791841150007	0.37595324461282137	Non-significant
SIGLEC7	0.09994795647899657	1.1051134025864275	0.8663274869281504	1.409715899591951	0.1242064853632212	0.4209974773760758	0.5192687747035574	-0.645464834803604	9.7861466289784e-4	NS	0.924749668417566	0.14419442115923417	0.37572050645633287	Non-significant
FOXC2	0.05535743327321236	1.0569183249447671	0.9235229297204057	1.209581602854457	0.06883651171046483	0.42128893994796857	0.5503952569169961	-1.04970992331009	1.30512229077639e-5	Down	0.924749668417566	0.0798638944596051	0.3754199422085825	Non-significant
ASPRV1	-0.03218875709412423	0.9683237868436156	0.8951934200902758	1.04742833797036	0.04006538678702975	0.4217403251494196	0.5014822134387351	0.795041755216401	0.0321288469226143	NS	0.924749668417566	-0.046438560232072414	0.37495487147129586	Non-significant
MMRN1	-0.05450539292767464	0.9469534019928464	0.8290487016078418	1.0816261382554986	0.06784358604424069	0.4217448023008759	0.5237859966120836	-0.742771437134371	0.00938367748213325	NS	0.924749668417566	-0.07863466007846051	0.3749502610706881	Non-significant
CALHM6	0.06859309857628917	1.071000328915586	0.9058874548482264	1.266207737394344	0.08542672343683813	0.4220055902129753	0.5180688876341051	-1.3687875566308	2.33706483183239e-8	Down	0.924749668417566	0.09895892315522019	0.37468179599906665	Non-significant
HMCN1	-0.048143612715389826	0.9529969147747496	0.8473089059668405	1.0718677841983333	0.059973720460601516	0.4221220557421217	0.5281620553359684	-0.808051941313961	0.00107854626164997	NS	0.924749668417566	-0.06945655131497168	0.3745619555052656	Non-significant
AIF1L	-0.051008590404225965	0.9502705072895826	0.8389577556762631	1.076352213105776	0.06356562424824848	0.4222894687346228	0.5338791643139469	1.0983600220253	6.39257447910481e-8	Up	0.924749668417566	-0.0735898404189131	0.3743897490924272	Non-significant
PDZK1	0.07977464644288029	1.0830429725857575	0.8912884278684483	1.3160521822017002	0.09942113188819648	0.42232667209582386	0.5368435911914173	-0.608060286231927	0.0284023163578925	NS	0.924749668417566	0.11509048681181377	0.37435148978454225	Non-significant
COL4A4	0.05501283580862563	1.0565541763156665	0.9235831117004132	1.2086694888073897	0.068627446134110065	0.4227753137882777	0.5144692264257482	-1.97479822997343	2.54591781501302e-14	Down	0.924749668417566	0.07936674540634286	0.37389037945006703	Non-significant
ARHGAP15	-0.08626970249656563	0.9173467871348004	0.742835185084626	1.1328557730752504	0.10766084561378968	0.4229522552466425	0.529009034443817	-0.778635019931413	8.03942979139289e-7	NS	0.924749668417566	-0.12446087197076137	0.37370865497300726	Non-significant
RASL10B	-0.09133540126878549	0.9127115349493778	0.7299728975868086	1.1411962674005767	0.11398804907426147	0.42297435323757243	0.5112930547713157	-0.675122589424239	9.2807517956693e-4	NS	0.924749668417566	-0.13176913046808036	0.3736859649773789	Non-significant
CACNA2D4	-0.11734246509264784	0.8892805934481783	0.66733838799349	1.1850359399544372	0.14649022663683145	0.42311665412512395	0.5527244494635799	-0.578122080360382	1.6882061276169e-4	NS	0.924749668417566	-0.16928939247484934	0.37353988024115437	Non-significant
CACNA1H	-0.07261371452407411	0.9299599906896483	0.7785338256460544	1.1108388046798459	0.09067979093477635	0.4232644370918007	0.5073404856013551	-0.552643524842187	0.00565179725122701	NS	0.924749668417566	-0.10475944584440855	0.3733882196516982	Non-significant
ARC	-0.06953057668183203	0.9328316100531403	0.7867728965422867	1.106005070254177	0.08688173121101704	0.42354282215274447	0.5107284020327498	1.0762976662222	2.82235253575907e-5	Up	0.9247624167080194	-0.10031141816902893	0.37310267391777174	Non-significant
TMEM38A	0.05412839207897361	1.0556201267174294	0.9244319620764293	1.205425491161016	0.06770747742384298	0.4240325307005267	0.5035996612083569	-0.591894500631925	0.0181851505073406	NS	0.9252362550912456	0.0780907628236288	0.37260082415776535	Non-significant
DIRAS1	-0.04880947457337532	0.9523625616976203	0.8448666265545353	1.073535656890701	0.061106749333704746	0.42443103608956523	0.5343026538678712	-0.703932467462881	0.0117235652602751	NS	0.9255106076168991	-0.07041718691540448	0.37219286626547987	Non-significant
HLA-DRB5	-0.049974840483647816	0.9512533572740417	0.841401690360539	1.0754470309388073	0.06260893533062438	0.42475083891690413	0.5288678712591757	-0.770783235137818	4.3931739967598e-4	NS	0.9256130998362593	-0.07209845453497564	0.3718657546917068	Non-significant
MGAT4A	0.08221711766908962	1.0856915070509687	0.8870397939727503	1.3288310811891422	0.10310523733476255	0.4252131202964261	0.5009881422924901	-0.564337287490605	7.66524445869752e-5	NS	0.925858166646552	0.11861422793737987	0.3713933434327753	Non-significant
TKTL1	-0.05487421676716526	0.9466042074029077	0.8270651736530323	1.08342069527014	0.06887757328297486	0.42562988779796374	0.5123164878599662	2.17987374734338	2.37090208839798e-7	Up	0.925858166646552	-0.07916676040265538	0.3709678834151025	Non-significant
DMPK	0.07577463508188752	1.0787194412429562	0.8952416679568971	1.2998005729236688	0.0951222643094661	0.42568191569956415	0.525974025974026	-0.539817699002602	0.00168284731559592	NS	0.925858166646552	0.10931969025780992	0.37091479962017476	Non-significant
DCT	-0.09277832277015978	0.9113955135371752	0.7252863596334538	1.145260449287206	0.11653806005508523	0.42596207903536715	0.5033526256352343	1.07049443035204	0.00541176349671033	Up	0.9258697657569239	-0.13385082616250513	0.3706290619271664	Non-significant
CRB1	0.14575898106852322	1.1569173154701788	0.8078316560610247	1.6568522226041813	0.1832485558555383	0.42637108689556313	0.5130575945793336	-0.998988573042907	0.00192452513926433	NS	0.9258697657569239	0.21028575915258668	0.3702122533892077	Non-significant
ERAP2	0.040792119519211585	1.0416355473387602	0.9418872128779864	1.1519474929109925	0.0513590369207901	0.4270475887650036	0.5291501976284585	-0.645507229977256	0.0169120513673885	NS	0.9258697657569239	0.058850588537716325	0.36952372594350547	Non-significant
MCOLN2	-0.08810952312755667	0.9156605852202326	0.736648569886321	1.1381740786590349	0.11098919051252831	0.4272788040065455	0.5275268210050819	-0.643609596675954	5.02846855779194e-5	NS	0.9258697657569239	-0.12711517207121745	0.36928865066821287	Non-significant
ALOX12	-0.056097372460006394	0.9454470709010723	0.8231051492503726	1.0859732376713869	0.0707022943956983	0.4275269175646758	0.5299971767363072	1.44058127990753	3.95831666200994e-8	Up	0.9258697657569239	-0.08093140105495235	0.36903653641701345	Non-significant
NTN1	-0.06729398494935379	0.9349203084320439	0.7917288362025222	1.104009280893593	0.08481907865998355	0.4275549191961344	0.5337380011293055	-0.724221928747788	4.14867760305461e-5	NS	0.9258697657569239	-0.09708469836808921	0.3690080924634448	Non-significant
SAMD5	-0.07141737235941632	0.9310732067988672	0.7804674081087637	1.1107412140622248	0.09002457526723386	0.427597383713852	0.545313382269904	0.982778334897144	1.65593499873016e-5	NS	0.9258697657569239	-0.10303348893625046	0.3689649607179678	Non-significant
RDH10	0.07111472980087476	1.07370440469463	0.900249566176491	1.2805795103650617	0.08989858463534674	0.4289118651372558	0.5007763975155279	0.545868155451416	0.00132497086134432	NS	0.9274202555660009	0.10259686801788045	0.3676319395563046	Non-significant
DIXDC1	0.08519035787105789	1.0889243322880922	0.881663734088834	1.3449075374235522	0.10772387098695556	0.42904813672520825	0.5208215697346132	-0.504779149334982	5.629949823665e-4	NS	0.9274202555660009	0.12290370683213134	0.36749397974685627	Non-significant
TCAP	0.025529955788264017	1.0258586362142676	0.9628970417250867	1.0929371426980248	0.03231627891333006	0.42952604345205475	0.5253387916431395	-1.55567093096438	2.9703754400699e-4	Down	0.9274202555660009	0.03683194060984302	0.3670104984576177	Non-significant
SHE	-0.07466736559348583	0.9280521370636063	0.7709610045240594	1.1171521828656235	0.09461914624811199	0.430032578627258	0.5436194240542067	-0.707454606282622	1.1761272641534e-4	NS	0.9274202555660009	-0.10772223805796517	0.36649864167136764	Non-significant
SLC7A2	0.047685788744770294	1.048841045882121	0.9316694382337242	1.180748766013651	0.06044141468736218	0.43013606051620357	0.5035996612083569	-1.25795316474466	1.19055482835208e-6	Down	0.9274202555660009	0.06879605094295875	0.3663941467816038	Non-significant
SLPI	-0.03711504037473216	0.9635652800618616	0.8785991831667338	1.0567481358157582	0.047098537265472994	0.43067940591209997	0.510446075663467	1.3373577319169	1.22318775455572e-8	Up	0.9274202555660009	-0.05354568469101975	0.36584589469333123	Non-significant
KRTAP2-3	-0.10203363407065241	0.9029991796199055	0.700583363660717	1.1638979180629145	0.12949640007542818	0.43073975008104126	0.5108342744212309	-1.0397052106409	0.00378715807378771	Down	0.9274202555660009	-0.14720341787760935	0.3657850482646286	Non-significant
GIMAP5	-0.12875707005775253	0.8791875205786759	0.6382291042649224	1.211117906055922	0.16342182559081433	0.43076589093908674	0.5093167701863355	-1.04872288393489	8.71489596537002e-7	Down	0.9274202555660009	-0.1857571864517124	0.36575869247573	Non-significant
SORBS2	-0.06192562778667931	0.9399527905610586	0.8055587871359924	1.0967681845103743	0.07872260423709643	0.4314980041709713	0.5197628458498024	-0.807600467109681	1.7674421742976e-4	NS	0.9274202555660009	-0.08933979611177806	0.36502120870784127	Non-significant
COL25A1	0.1073145444024968	1.1132843767810374	0.852035870596245	1.4546360621148773	0.13645209703460073	0.431596206626075	0.5055053642010163	-0.989730715771826	2.2597877440344e-4	NS	0.9274202555660009	0.1548221610247406	0.36492238106188696	Non-significant
ADAM23	-0.043168472042835325	0.9577500223716452	0.8600513037730573	1.0665469621739354	0.05489629644712713	0.4316542594297909	0.5628176171654433	0.98218851308234	6.30638123307745e-5	NS	0.9274202555660009	-0.062278940538952346	0.36486396924899556	Non-significant
LDHB	0.0698696563937754	1.0723683957804357	0.9008268370266255	1.2765760621258175	0.088936269938078	0.43209314854524683	0.5464426877470356	0.690906605616175	1.0934457749506e-4	NS	0.9274202555660009	0.10080060678791569	0.3644226199942153	Non-significant
MS4A7	0.0702911368156455	1.0728204733285147	0.9001272893253569	1.2786455667347314	0.08954768111801505	0.4324784026948263	0.5220214568040655	-0.700267588054334	4.02443656458737e-5	NS	0.9274202555660009	0.10140867450237932	0.36403557565502404	Non-significant
SLC8A1	0.07314371992286378	1.0758851519348542	0.8962229395123679	1.291563526351705	0.09322099890655149	0.43267224946116517	0.5133399209486166	-0.821130348354692	8.0831165663396e-7	NS	0.9274202555660009	0.10552408200488674	0.36384095849290365	Non-significant
SOX30	-0.07154119053237756	0.9309579301523273	0.7785295555248144	1.1132302705313049	0.09122980554705223	0.4329306299090129	0.5232919254658386	-1.71573778291694	3.56936342366279e-8	Down	0.9274202555660009	-0.10321212080035362	0.3635816866980909	Non-significant
RNF125	-0.09974183237290286	0.9050710479216216	0.7050539687561247	1.1618310627073205	0.12742024714212075	0.4337571838719947	0.534373235460192	-0.621957466458307	1.40688865949879e-5	NS	0.9274202555660009	-0.14389704693356517	0.36275331937079924	Non-significant
CTNNBIP1	-0.10436266585937701	0.9008985130345751	0.6936928039810615	1.1699964683647872	0.13335112187491838	0.43385288843474257	0.5100225861095427	0.514499132914626	3.97182455489888e-6	NS	0.9274202555660009	-0.15056350048927516	0.3626575068278387	Non-significant
NGFR	0.05344713970932331	1.0549012279082148	0.9225349903992333	1.206259504759468	0.06840794758557601	0.43462598193335095	0.5273856578204404	-0.509918935751398	0.0247254112522518	NS	0.9274202555660009	0.07710792340834023	0.36188431512317076	Non-significant
KCNQ3	-0.10249602195665479	0.9025817402550693	0.6977047053112236	1.1676197560950639	0.1313612413808267	0.4352374051700391	0.5250564652738565	-0.851632015877309	2.49324868620561e-5	NS	0.9274202555660009	-0.14787050258771217	0.3612737875725951	Non-significant
CXCL13	-0.04569503739979782	0.9553332586858172	0.8516909999602504	1.0715877415563362	0.05859110552271104	0.43545140421583234	0.5403726708074534	-0.885365866925759	1.2565006147606e-4	NS	0.9274202555660009	-0.06592400384992401	0.3610603046253237	Non-significant
PLA2G2D	-0.05479980964376435	0.946674644119444	0.8247494190251667	1.0866244475539657	0.07034612102204868	0.4359781960039689	0.5116459627329193	-1.02534121311617	0.0022703282293351	Down	0.9274202555660009	-0.07905941361471808	0.360535229978994	Non-significant
DOK3	-0.09026422695648931	0.9136897319163506	0.7280150472436661	1.1467193286321677	0.11590485159099927	0.4361101006397284	0.522656691134952	-0.556089218570154	5.52456879109446e-5	NS	0.9274202555660009	-0.13022375259980304	0.36040385462146407	Non-significant
CD300A	0.07477256013083279	1.077639024931141	0.892683937569924	1.3009149366077566	0.09607077255666363	0.4363880169357945	0.5174336533032184	-0.700480518251368	1.31541908891938e-5	NS	0.9274202555660009	0.10787400169532421	0.3601271834964193	Non-significant
CARD9	-0.08563073567573593	0.9179331286013964	0.7398451408195713	1.1388886431700387	0.1100446997353313	0.4364835215014005	0.5385375494071146	-0.795168817993042	1.00235978926916e-5	NS	0.9274202555660009	-0.1235390377070579	0.36003214750503154	Non-significant
BTBD16	0.08981737216038076	1.0939744752654574	0.8724751596887849	1.371706849464034	0.11542991071595976	0.4365031244401506	0.5292913608131	1.14180009504779	2.60946260330505e-6	Up	0.9274202555660009	0.12957907740145963	0.36001264331634947	Non-significant
MMP20	-0.13838306976294504	0.8707650640818644	0.61447507722983	1.233950447988462	0.17786236971123134	0.43654864204431193	0.5191629023150762	-1.30900105898903	7.7908478731152e-4	Down	0.9274202555660009	-0.1996445684899923	0.3599673583857336	Non-significant
ANKRD55	-0.20999533658190986	0.8105880260722375	0.47757738259040283	1.375804156486221	0.26992013220721833	0.4365745308279438	0.5333850931677019	-0.760062471458439	3.002944867504e-4	NS	0.9274202555660009	-0.30295923069653	0.3599416040449324	Non-significant
KCNE4	0.07385979799679578	1.076655845607712	0.8938212512677368	1.2968899634430735	0.0949554511808177	0.4366655177041305	0.5280914737436477	-0.708532127167178	5.21527537677331e-5	NS	0.9274202555660009	0.10655716429103779	0.35985110178621693	Non-significant
IL33	0.04327568256345475	1.0442257299992954	0.9363221105623198	1.1645643768229543	0.05564970066446591	0.43677863083422613	0.523927159796725	-1.00283805979621	6.882300840632e-4	Down	0.9274202555660009	0.06243361262538117	0.3597386174136599	Non-significant
PRR15	0.06340057117622228	1.065453543742063	0.9079642289854571	1.2502598864946057	0.08160908515933075	0.43722881212942627	0.5233625070581592	0.686524359480805	0.00968905494911802	NS	0.9274202555660009	0.09146768962546369	0.3592912270138973	Non-significant
LY6G6C	-0.03570927045212052	0.9649207836909337	0.881737721454001	1.0559513289999336	0.04599643943609869	0.43754319636306166	0.5119988706945229	1.36232511329952	9.17480205776487e-6	Up	0.9274202555660009	-0.05151758739503704	0.3589790648906971	Non-significant
FHL1	0.037725955253830504	1.0384466130425118	0.9440875613428503	1.1422366020855221	0.048604115934591144	0.437637702319911	0.530067758328628	-0.865760698238348	0.00252457742929789	NS	0.9274202555660009	0.054427048557500225	0.3588852707601626	Non-significant
IRX6	-0.05690598744846604	0.9446828772396103	0.8182091192243827	1.0907061747193423	0.07333366417097709	0.43775652167354256	0.551171654432524	-1.25098570902675	8.3003328897763e-4	Down	0.9274202555660009	-0.08209798588879155	0.3587673751000633	Non-significant
EIF5AL1	-0.05451139884678495	0.9469477146843915	0.8249504349869727	1.0869864858731206	0.07036893305032345	0.4385456228272706	0.510446075663467	0.507425445285472	0.0390590284324459	NS	0.9274202555660009	-0.07864332478817697	0.3579852193755598	Non-significant
IFITM2	-0.07861045638979568	0.9243999484111932	0.7574935650260078	1.1280825396758027	0.10159869356313768	0.43908756895923634	0.510940146809712	-0.517396706774827	7.3291489842931e-4	NS	0.9274202555660009	-0.11341091559557633	0.35744885806488846	Non-significant
ABI3	-0.07410381069045269	0.9285752927953618	0.7696461139688789	1.1203227804835738	0.0957776024548248	0.43910402255979375	0.5363495200451722	-0.692227013415504	1.23457827335211e-5	NS	0.9274202555660009	-0.10690920019409068	0.35743258437700676	Non-significant
RDH12	-0.038397556626548056	0.9623302840510058	0.8731168873402456	1.0606593332798577	0.049637791651519096	0.439194055121775	0.5126341050254093	1.30117871084459	2.06736270338295e-5	Up	0.9274202555660009	-0.055395964527374074	0.3573435470763668	Non-significant
ZNF221	-0.17173859067738592	0.8421993031445735	0.5448458005694954	1.3018356119764818	0.22220503634007532	0.4395913719175926	0.5204686617730097	-0.62714591541364	4.95166233944334e-6	NS	0.9274202555660009	-0.2477664130995242	0.35695084028255997	Non-significant
OLFML1	-0.07053938249986816	0.931891038604413	0.7792172537059142	1.1144785407420714	0.09129045378590582	0.43970481731505506	0.5383258046301524	-0.517878133694628	0.00672358398599111	NS	0.9274202555660009	-0.10176681731992956	0.35683877631369043	Non-significant
RYR1	0.04662395406421176	1.0477279411563953	0.9307793160558786	1.1793706840536595	0.06038734613666649	0.44006614602866445	0.48658949745906266	-0.531693549759551	0.0296616351577117	NS	0.9274202555660009	0.0672641473150732	0.3564820401133943	Non-significant
CGN	0.05680189666887704	1.058446107925013	0.9162101856428536	1.222763270848763	0.07362960652766665	0.44043753852239137	0.5003529079616036	0.650987039753076	0.00135245226201288	NS	0.9274202555660009	0.08194781463727634	0.35611567317355924	Non-significant
MAPK4	0.07627330308725389	1.0792574982598306	0.8890611540304594	1.3101424376372675	0.09891128651597443	0.4406308226528957	0.5128811405985318	-1.89187119665567	7.27555872263467e-10	Down	0.9274202555660009	0.11003911611620214	0.35592512670437926	Non-significant
FAM228A	-0.1630120264473334	0.8495809709123481	0.5610460680529887	1.2865036709751934	0.21170809051343156	0.4413088679879477	0.5035996612083569	-0.862533032228628	0.00113273531193875	NS	0.9274202555660009	-0.23517664216082854	0.3552573454294551	Non-significant
IRGM	-0.16418313975477408	0.84858659770706	0.5586738151414317	1.2889439137679044	0.2132724655316459	0.4414018608318163	0.49502399774138905	-1.12003413715574	2.919437945849e-5	Down	0.9274202555660009	-0.23686620152179222	0.35516584030149084	Non-significant
CERS3	0.05461564817155001	1.0561346093878476	0.9190283757504735	1.213695183498524	0.07094718556196736	0.441414319069504	0.5087521174477696	0.985124625701656	4.83418030894693e-8	NS	0.9274202555660009	0.0787937247720317	0.3551535828372405	Non-significant
GALNT12	0.0686696384482729	1.0710823062808843	0.8992404006463849	1.275762639226779	0.08922332815052	0.4415148260150575	0.48320158102766797	0.704321057425022	1.9361472160718e-4	NS	0.9274202555660009	0.09906934684896142	0.3550547082847844	Non-significant
EPHA7	0.048857169232153774	1.0500703576729917	0.9272102624157408	1.189210043028063	0.06348692580696363	0.44155934566621785	0.4774138904573687	1.97255138408767	2.06139814335567e-7	Up	0.9274202555660009	0.07048599576310116	0.3550109188965957	Non-significant
FOLH1	-0.07122723959922066	0.9312502511480522	0.7766849581868644	1.116575029710646	0.09260028851889306	0.4417803742616119	0.5148927159796726	0.676546229441325	0.00192321610737949	NS	0.9274202555660009	-0.10275918534600559	0.35479358121968557	Non-significant
NKPD1	-0.0570697594850456	0.9445281772689933	0.8166525584644864	1.0924272120478307	0.07422165982269087	0.44194687626895063	0.5145398080180689	0.924489204456389	5.49413351507158e-5	NS	0.9274202555660009	-0.08233425899380122	0.35462993139712945	Non-significant
MEIOB	-0.09174195574514087	0.9123405434084688	0.7219821451651779	1.1528889913980191	0.11939653798944119	0.4422612405734801	0.5427371541501976	-1.00068085453347	0.00308287601163883	Down	0.9274202555660009	-0.13235566459496945	0.3543211201887354	Non-significant
S100A8	-0.03330508571822081	0.9672434224160309	0.8884638954366073	1.0530082798100933	0.04334578725771695	0.44227448003819075	0.5123517786561265	1.17926426617787	2.31559318847094e-6	Up	0.9274202555660009	-0.04804908200205897	0.3543081194102849	Non-significant
GSTA1	0.03262291209770944	1.0331608733103232	0.9506216165556495	1.122866734302652	0.04248143736731279	0.44252678861224737	0.5178571428571428	3.02218064870836	2.5985611515101e-9	Up	0.9274202555660009	0.04706491350272186	0.35406043390552316	Non-significant
PIGR	0.031340423542409936	1.031836705610976	0.9523723808398784	1.1179313979130578	0.04088829616391007	0.4433854774065438	0.5307735742518351	1.67410744987692	5.61101932543054e-5	Up	0.927883952815372	0.04521467362399441	0.3532185358166829	Non-significant
ZMYND10	-0.13656718727060702	0.8723477076291369	0.6151958095601723	1.2369891198541683	0.17819076667035028	0.4434323785497927	0.5483483907396951	-0.599645269113392	0.00351873225746465	NS	0.927883952815372	-0.19702480382345905	0.3531725987449604	Non-significant
CD3G	-0.06040002288206849	0.941387881561031	0.8065561329551236	1.098759413437222	0.07886969428409386	0.4437831586312211	0.5304912478825523	-0.918997145986903	2.83009811795585e-5	NS	0.927883952815372	-0.08713881348154004	0.352829183069108	Non-significant
CRYBG2	0.059495073556289066	1.0613005325293237	0.9113846097227718	1.2358764986053978	0.07769804009965971	0.4438419261477597	0.5153162055335969	0.561068160644333	0.00102841565887249	NS	0.927883952815372	0.08583324757698226	0.3527716758881532	Non-significant
CXCR6	-0.0605904822888178	0.9412086024568257	0.8057859990626192	1.0993906997258314	0.07925992544449398	0.4445973763092556	0.5350790513833992	-0.864561216492868	1.59435666490946e-5	NS	0.9288909469318377	-0.08741358832314808	0.3520331045200121	Non-significant
EPCAM	0.04730871915425592	1.0484456343719486	0.9285506909144435	1.1838214746801383	0.06195982445423687	0.44514223639576644	0.4952710333145116	1.04485503861181	2.47651580787399e-6	Up	0.9294569895943604	0.06825205451465365	0.3515011966332964	Non-significant
LRCH2	-0.08244176410231203	0.9208650636989488	0.7448661638167335	1.1384494379448127	0.10822084497224826	0.4461842100559973	0.5500423489553925	-0.817557000732293	8.3230368938453e-5	NS	0.930784691226356	-0.11893832423254339	0.3504858029604907	Non-significant
RNF165	-0.05420061177793158	0.9472420595259118	0.8239103922912333	1.0890353219597788	0.07117114984143617	0.44632675880497524	0.538678712591756	-1.00284755306818	7.90298899534604e-5	Down	0.930784691226356	-0.07819495382516978	0.35034707494981143	Non-significant
BCHE	0.05039312585453668	1.0516844594706727	0.9234969586454986	1.1976652353185444	0.06631800355484051	0.447331714183739	0.5311264822134387	0.694380510588397	0.0473193083476349	NS	0.9322789091177418	0.07270191276523334	0.3493703108442305	Non-significant
SSUH2	-0.16594074162060823	0.8470964302637619	0.5519734178948377	1.3000125348469604	0.21853189732570324	0.4476471957025209	0.5420666290231508	-0.691279553817547	3.638643883993e-5	NS	0.9322789091177418	-0.23940188501748835	0.34906413181160556	Non-significant
MEI1	-0.0596802346972615	0.9420657253582116	0.8074620081364033	1.0991078489785384	0.07866422049513344	0.44804960278709305	0.538184641445511	-1.12447265602213	9.18760748789073e-6	Down	0.9322789091177418	-0.08610037863682862	0.3486739033584922	Non-significant
TNFSF14	0.07052701400787914	1.0730735570567005	0.8941179564057476	1.2878466992019326	0.09308568201809393	0.4486563767784396	0.5319734613212874	-0.569694996205244	0.00593010229303337	NS	0.9322789091177418	0.10174897335787375	0.348086155217118	Non-significant
F7	-0.12482783764493253	0.8826488484089843	0.6389696630877875	1.2192581817310324	0.16483489811087193	0.44887607648274175	0.5555830039525691	-0.951774832507559	0.00143850601375053	NS	0.9322789091177418	-0.18008850233523685	0.34787354035107454	Non-significant
ICAM5	0.0693768491134376	1.0718400550235694	0.8956302434207319	1.2827180770103224	0.09163662009335295	0.44899803401836386	0.5270327498588367	-0.688082838952582	3.3771950803526e-4	NS	0.9322789091177418	0.10008963616845833	0.3477555605932144	Non-significant
ALKAL2	-0.09251553262972803	0.9116350507647988	0.7174543247286981	1.158371253943177	0.12221166386170348	0.4490434744873046	0.5353260869565217	-0.844626054235701	0.00887408816234398	NS	0.9322789091177418	-0.13347170013010978	0.34771161040884985	Non-significant
XKRX	-0.07783592297653308	0.9251162044047486	0.7560523823178553	1.1319850471583348	0.10296551112063135	0.44968415397126366	0.5400197628458498	0.66432253310677	3.4296731511867e-4	NS	0.9322789091177418	-0.11229350008125968	0.3470924158878964	Non-significant
ITGB1BP2	0.07618643419143879	1.0791637484246879	0.8855411172241968	1.3151217637014327	0.10089104936722731	0.4501675586492849	0.5430547713156408	-0.504950061616899	0.0319338095733943	NS	0.9322789091177418	0.10991379079100212	0.3466258056643632	Non-significant
IGSF9B	-0.06144833131109986	0.9404015337984682	0.8017503021217162	1.1030305101603255	0.08138401191460767	0.4502238986497401	0.5512422360248448	-1.2190060895255	6.69659414443998e-7	Down	0.9322789091177418	-0.08865120285342579	0.346571455634403	Non-significant
BMF	-0.08399098150944219	0.9194395480146166	0.7393213483541243	1.143439296505209	0.11124267109172094	0.45023406958200507	0.545313382269904	-0.667647201043452	1.14657842485216e-7	NS	0.9322789091177418	-0.12117337250306885	0.3465616446717273	Non-significant
SCNN1B	-0.03986759357689659	0.9609166622677099	0.866305634461805	1.065860355851612	0.05288358015457255	0.45092445853789653	0.5404432523997742	0.770565295543784	0.00600706289000568	NS	0.9322789091177418	-0.057516779545565354	0.34589620754115674	Non-significant
PSORS1C2	0.044517515890533016	1.045523289821564	0.9312434827845077	1.173827221094504	0.05905824008432453	0.45097527774049534	0.5114695087521175	1.41819584987123	1.99840290522578e-5	Up	0.9322789091177418	0.06422519940796757	0.34584726529536386	Non-significant
RAP1GAP	-0.061110998178408676	0.9407188159057269	0.8024805808542533	1.1027704740930027	0.08109160456950747	0.45108674096854273	0.5288678712591757	0.864351530140909	5.89456813771728e-7	NS	0.9322789091177418	-0.08816453401576471	0.34573993816237636	Non-significant
PANX2	0.04355500687449308	1.0445174483720159	0.9325716642676248	1.169901190178659	0.05783998401209407	0.4514343414696251	0.48073122529644263	1.60658151251246	3.32703155922602e-11	Up	0.9322789091177418	0.06283659242371573	0.34540540639369266	Non-significant
MSMO1	0.07777156625184709	1.0808757219743614	0.8828028716915539	1.3233898119463654	0.10327991714020693	0.45143950712656933	0.542772444946358	0.866117428867639	6.94081924494889e-10	NS	0.9322789091177418	0.11220065295370735	0.3454004368925607	Non-significant
COLEC12	-0.054504728661770974	0.9469540310219126	0.8216186447327942	1.0914089433307348	0.07243714674543782	0.4517854871491541	0.538678712591756	-0.759700187302597	3.8188489327821e-4	NS	0.9324258867987105	-0.07863370174533556	0.34506772417323045	Non-significant
PRR4	0.14572403916906837	1.156876891287917	0.790269722525084	1.69355361017708	0.19444490462543035	0.4535943740065194	0.5512422360248448	-0.931509734028664	5.33146455176574e-5	NS	0.9342065492854934	0.21023534864752388	0.3433323406960059	Non-significant
SMCO1	0.08616967962435486	1.0899912619228247	0.8700472100925768	1.3655361884807318	0.11499062520212028	0.45363865638389544	0.4928006775832863	-0.61772950766764	0.0228510476590944	NS	0.9342065492854934	0.1243165694690475	0.3432899445496774	Non-significant
MZT2B	-0.07556657439211084	0.9272179995044975	0.7606864424460945	1.130207100629438	0.10100566478691378	0.4543745447246333	0.4990118577075099	0.514246008405182	0.00233126678717969	NS	0.9342065492854934	-0.10901952213246532	0.342586006952163	Non-significant
GDPD3	-0.05600814857878295	0.9455314311216466	0.8164315989998867	1.0950454249126547	0.07490137374119168	0.4546057599800005	0.4990118577075099	1.70147580683769	8.40235580221504e-16	Up	0.9342065492854934	-0.08080267820398239	0.3423650659456663	Non-significant
LHB	-0.11328321951927141	0.8928977382333182	0.6634515396621581	1.2016949592854336	0.15154168552859656	0.4547386707338439	0.47815499717673626	-0.96487008651697	2.96873715104081e-5	NS	0.9342065492854934	-0.16343313901638865	0.34223811205351895	Non-significant
GLT1D1	-0.0934307081184568	0.9108011263634629	0.7126117497377612	1.1641103196659717	0.12520017266522918	0.4555160268439412	0.5220214568040655	-0.808791434213879	1.079913613552e-4	NS	0.9342065492854934	-0.13479201926924175	0.34149633823557574	Non-significant
CHRFAM7A	-0.23030790551299885	0.794288998886194	0.433669242333087	1.4547838586787822	0.30876345133835903	0.45572538506668847	0.53027950310559	-0.672595460790314	0.00748163756289113	NS	0.9342065492854934	-0.33226407316112744	0.34129677943306397	Non-significant
CCDC74A	-0.07051124779404573	0.9319172574534709	0.7742622535506395	1.1216739170183474	0.09455958761130097	0.455860395297528	0.5413608130999435	-0.697934685934923	0.00410115150638653	NS	0.9342065492854934	-0.10172622751936256	0.34116813723625533	Non-significant
KCNJ5	-0.05691116937728961	0.9446779819728631	0.8134180747575891	1.097119079742941	0.076327369440169407	0.4558973447492935	0.5225155279503105	-1.05402671724097	1.81802349351105e-5	Down	0.9342065492854934	-0.08210546183180749	0.3411329372213499	Non-significant
PLA2G4F	-0.04129788230115394	0.9595432564183017	0.8607736371610821	1.0696462126494446	0.05542236213208708	0.4561820362008664	0.5382552230378317	0.881842560525802	1.7568653675856e-4	NS	0.9342065492854934	-0.059580249995090935	0.34086182062106085	Non-significant
EPGN	-0.030403888519651277	0.9700536608803241	0.89547123606095	1.05084794138856	0.040817734735733524	0.45635057259257317	0.5098814229249011	0.934047989859893	0.00493933961349657	NS	0.9342065492854934	-0.043863539191041745	0.34070140021515966	Non-significant
TRIM7	0.07186302398854512	1.0745081521422064	0.8893403070370426	1.298229440276532	0.09650092788948987	0.4564607248768688	0.5206804065499717	0.837734981347061	5.031894600217e-9	NS	0.9342065492854934	0.10367642833155867	0.34059658440141266	Non-significant
DTX4	0.07668483669395455	1.0797017403946625	0.8823004689364022	1.3212685352151758	0.10301589802039661	0.4566356802173259	0.5295736871823828	-0.560410591062162	5.98854513854323e-5	NS	0.9342065492854934	0.11063283360974831	0.34043015698050516	Non-significant
IL10RA	-0.06148322007742802	0.9403687249214349	0.7997995952778472	1.1056436437719943	0.08260910394193453	0.4567150337902893	0.534373235460192	-0.683181823576021	1.067112424555e-4	NS	0.9342065492854934	-0.08870153670359016	0.34035469238970667	Non-significant
SLC22A16	0.1592577091407006	1.1726401078187387	0.7709028359213084	1.783732992526581	0.21400936407917254	0.45677826857195214	0.5051171654432525	-0.57492502939518	0.0192857234759539	NS	0.9342065492854934	0.22976030720062565	0.34029456602268604	Non-significant
OLFML2B	-0.05740277792264091	0.9442136843400128	0.8115783814905967	1.0985254191437224	0.07723179178713702	0.45732838787063257	0.5124223602484472	-0.846550886182499	8.12834578378432e-6	NS	0.9346112876551274	-0.08281470304224453	0.3397718397019345	Non-significant
KRT80	-0.04579203199289881	0.9552406010188341	0.8465244546628051	1.0779187781388928	0.06164611066301788	0.4575899965595151	0.5225155279503105	0.76904505157851	6.5660996770101e-4	NS	0.9346112876551274	-0.06606393746838386	0.3395234782851579	Non-significant
RGS9BP	-0.17788514474739817	0.8370385562428012	0.5233712325792153	1.3386932659333513	0.23958558011546355	0.45780252286555306	0.5674407114624506	0.773439416717256	7.05910470216934e-5	NS	0.9346112876551274	-0.25663401617488685	0.3393218183378209	Non-significant
S100A7A	-0.024348710048896164	0.9759453284709598	0.9151393420811531	1.0407915389127989	0.0328221484333689	0.4581856214462581	0.5058582721626199	0.817069982730249	0.0330350534821461	NS	0.9347367627100142	-0.035127763239585684	0.3389585437466391	Non-significant
LRFN2	-0.1468097478747218	0.8634582365550924	0.5857368116905923	1.2728585798166672	0.19800107159468494	0.4584149640876698	0.5419254658385093	0.894358379568449	0.00115163174646733	NS	0.9347367627100142	-0.21180169521302028	0.33874121408903096	Non-significant
KCNJ6	0.12082336605469003	1.1284255765015558	0.8196718768869998	1.5534805055638286	0.16310224959199027	0.4588250530236907	0.517186617730096	-0.894315074826938	2.1085729806278e-4	NS	0.9349695028661937	0.17431127103061317	0.33835287653169	Non-significant
CLEC17A	-0.08604003283912352	0.9175574980531832	0.7306547988921749	1.1522702150319566	0.11621342589143263	0.45908022156648354	0.5540302089215132	-1.1842059099709	1.76342015815859e-5	Down	0.9349695028661937	-0.12412952869492715	0.33811141742689443	Non-significant
MAL2	0.05931166873523283	1.0611059027436345	0.906382826331434	1.2422408105354616	0.08041228642216715	0.4607608340960286	0.4720496894409938	0.660517099204421	3.76129538283967e-5	NS	0.9371441354488389	0.08556865035116953	0.3365244442091523	Non-significant
CHST13	-0.12515046419830103	0.8823641283847772	0.6326619443218101	1.230620020767681	0.16973199054931845	0.4609146161759846	0.5209627329192547	-0.681335876385293	0.00169181674470237	NS	0.9371441354488389	-0.18055395406384056	0.3363795196387071	Non-significant
CELF4	-0.11761960825815065	0.8890341695584156	0.6502509808392276	1.2155025950477436	0.15958316604806944	0.46109638027408284	0.5165160926030492	-1.37149817148994	2.26347642762335e-7	Down	0.9371441354488389	-0.16968922554533647	0.3362082870912891	Non-significant
PDZD2	-0.061621349501219246	0.9402388413018914	0.7980821720317783	1.1077168613378348	0.08363539644325535	0.4612527869730507	0.5102343308865048	-0.627820024439259	2.6654294233954e-4	NS	0.9371441354488389	-0.08890081533829469	0.3360609967388767	Non-significant
FUT2	-0.05841248057094179	0.9432607904330798	0.8072754045994145	1.1021528882202782	0.0794289690772553	0.4620927276746151	0.5315499717673631	0.826485251992516	9.54028231961385e-7	NS	0.9382888240574321	-0.08427139604572062	0.33527086626951774	Non-significant
CCL8	-0.06047709692356335	0.941315327788427	0.8008271524242612	1.1064491802595753	0.08246735617777554	0.4633474911150044	0.5211744776962168	-0.714489213154026	0.00314532799404015	NS	0.9383031980545058	-0.087250007818986	0.33409318420833534	Non-significant
PIK3CG	-0.06423711222946304	0.937782613440316	0.7897851333408599	1.1135132746179426	0.08763285588580023	0.46354291688668803	0.5371964991530209	-0.765314118167023	3.24040881942547e-5	NS	0.9383031980545058	-0.0926745632544742	0.33391005072289015	Non-significant
HPCAL4	-0.0754920892903084	0.9272870660037643	0.7575892855813983	1.1349966520685209	0.10312525745078484	0.4641425211912926	0.5324675324675325	-0.678926352918183	0.0162359401014479	NS	0.9383031980545058	-0.10891206284547479	0.33334864301637906	Non-significant
FOXB1	-0.16881794433174624	0.8446626650149499	0.537486887853991	1.3273905536909925	0.2306333040820934	0.46418347874114746	0.5135163749294185	-0.800831656677177	0.00367530269555346	NS	0.9383031980545058	-0.24355281110047933	0.33331032105209696	Non-significant
KCNK3	0.08164599441550631	1.085071620417759	0.871937131958075	1.3503042573631707	0.11157549332081511	0.4643177406585631	0.5070581592320722	-0.645667208844435	0.0132373913799315	NS	0.9383031980545058	0.11779027125169886	0.33318472248733155	Non-significant
ATP10A	-0.064662020989043	0.9373842260384259	0.7882892916956846	1.1146785786414977	0.08838331491444722	0.4644073062543844	0.5367730095990966	-0.592393821518602	8.5137233574164e-4	NS	0.9383031980545058	-0.09328757701475036	0.3331009563731658	Non-significant
PIK3R6	-0.10819966545330158	0.8974483891008493	0.6714536536104937	1.1995073774174816	0.14801834188328358	0.4647863433701812	0.5405138339920948	-0.697995901559857	2.67737423929517e-7	NS	0.9383031980545058	-0.156099120775323	0.3327466411299996	Non-significant
SLC8A3	0.059577476255968154	1.061387990161698	0.9045535162547996	1.24541494274857	0.08157868549741883	0.4652026164250486	0.5294325239977413	-0.847430191662164	0.0109929977101836	NS	0.9383031980545058	0.08595212954316528	0.3323578513473607	Non-significant
CD48	-0.06241229641354572	0.9394954563212968	0.7945041634190003	1.110946616881194	0.08552440638039022	0.46553685848225135	0.5254093732354602	-0.888111085802834	1.16214498705651e-5	NS	0.9383031980545058	-0.09004191052631437	0.332045928427539	Non-significant
TRAF3IP3	-0.08266706469055914	0.920657615628365	0.737257096920288	1.1496809576404112	0.11334470540731513	0.46579242988472663	0.5250564652738565	-0.63289934443049	1.85893488154027e-5	NS	0.9383031980545058	-0.11926336427391672	0.3318075739507717	Non-significant
CTSW	-0.05226098182866171	0.9490811415865209	0.8246500907896903	1.0922875330706685	0.07170291611122806	0.4660907655995644	0.5285855448898927	-0.596910366825433	0.0111203992723431	NS	0.9383031980545058	-0.07539665931619842	0.3315295014203022	Non-significant
TECR	-0.10375836501517918	0.9014430912945173	0.6818654188147832	1.1917302511910253	0.14243354006216719	0.466326768284654	0.5177865612648221	0.555193606163344	3.54537036347923e-8	NS	0.9383031980545058	-0.14969167865814584	0.33130965427605014	Non-significant
GGTA1	-0.07501944458493591	0.9277254469169193	0.7581427825535615	1.1352406494701313	0.10299377978428448	0.4663760396935239	0.5362789384528515	-0.555508118150152	0.00257384850607231	NS	0.9383031980545058	-0.10823018067293139	0.33126376977602573	Non-significant
PABPC4L	-0.06510709616873864	0.9369671124159238	0.7863641002978972	1.116413337557574	0.08940381919973621	0.4664690191996503	0.5347261434217956	-0.573494425931995	0.0230170998892128	NS	0.9383031980545058	-0.09392968476932	0.3311771948701729	Non-significant
FDCSP	-0.027863101472506823	0.9725214944490951	0.9022009183511646	1.0483230929248148	0.03829403765880317	0.4668527294471658	0.5398080180688876	-1.13543437828529	0.0220338835747128	Down	0.9383031980545058	-0.04019795831817151	0.3308200977538223	Non-significant
PLCB2	-0.07378743927796863	0.928869113948197	0.7613592637196209	1.1332335100668636	0.1014623230674621	0.46707907049895203	0.5346555618294748	-0.540539192906524	4.1156685254539e-4	NS	0.9383031980545058	-0.10645277272622095	0.3306095927217651	Non-significant
IL9R	-0.12076800628266048	0.886239537750349	0.6399944252306163	1.227230249683711	0.166088667714601	0.4671464946542591	0.5247741389045737	-0.7549915304908	6.9874622461568e-4	NS	0.9383031980545058	-0.17423140376204146	0.3305469056368898	Non-significant
FREM2	0.036116688561930795	1.0367768194288096	0.9405557994030569	1.1428414709548653	0.049695296353587444	0.4673713264621906	0.49971767363071706	1.14863816160912	0.0035284527389113	Up	0.9383031980545058	0.05210536748162856	0.33033793537817774	Non-significant
ANKRD35	-0.04795820433722877	0.9531736247683609	0.8375219332863475	1.0847954218811215	0.06599591794047344	0.46741930917194424	0.5246329757199322	0.68797132002079	0.0026774213264233	NS	0.9383031980545058	-0.06918906356725948	0.33029335079357297	Non-significant
MUSK	0.06242164040511722	1.0644110488313365	0.8994087182843351	1.2596841211806595	0.08594002388889052	0.4676306241998731	0.5215626764539808	-1.14258842027141	1.9580147280935e-4	Down	0.9383031980545058	0.09005539105661661	0.3300970554966915	Non-significant
TMEM14A	0.08991808180608335	1.0940846545952367	0.858168855117515	1.3948551316941724	0.1239168075242632	0.4680639979711456	0.49922360248447206	0.553249094781331	3.1855736646601e-6	NS	0.938617698059159	0.12972437070788462	0.3296947621705065	Non-significant
FFAR4	-0.0912864627852917	0.9127562027607441	0.7129376066238622	1.168578958295518	0.12606094285504318	0.46897642172994786	0.5657114624505929	-0.54963076934898	0.031848973385218	NS	0.9389878231233425	-0.13169852716063526	0.3288489913360536	Non-significant
SOWAHD	-0.12347804613629347	0.8838410447569214	0.6325122785177182	1.2350353011765665	0.17070599378124451	0.46947256150180233	0.5404432523997742	-0.684061927469007	7.85326449540709e-5	NS	0.9389878231233425	-0.1781411648194893	0.32838978515842626	Non-significant
LCN2	0.03130493828295856	1.0318000912674046	0.9477413982191001	1.1233142609787174	0.043357194102617784	0.47027967148591177	0.5107284020327498	1.10314324551993	7.09814327188054e-5	Up	0.9389878231233425	0.04516347921615923	0.32764379385078357	Non-significant
RAC3	-0.05986722844462568	0.9418895814273837	0.8005909873163974	1.1081263687157192	0.08292900417350818	0.4703501756875164	0.5206098249576511	0.536623114017287	0.00748704727946061	NS	0.9389878231233425	-0.08637015358882819	0.3275786894192003	Non-significant
SPRR1B	-0.026486693180080748	0.9738610027423038	0.9062819811500696	1.0464792110935732	0.03669357767704376	0.47039618720259463	0.5254093732354602	1.50276074839038	3.0503491360751e-8	Up	0.9389878231233425	-0.038212220900450025	0.3275362070925995	Non-significant
TEX9	-0.10579866412356151	0.8996057527565579	0.6749125789462173	1.1991042034751942	0.14662179882516818	0.4705556478644844	0.5512422360248448	-0.616389755215155	2.98180016426783e-6	NS	0.9389878231233425	-0.15263520806373926	0.327389009577017	Non-significant
KRT33A	-0.1211247324438094	0.8859234493040499	0.6375161412184106	1.2311223313134834	0.16788622284057358	0.4706209076127681	0.5406549971767363	0.707521674116058	0.0319683321610124	NS	0.9389878231233425	-0.17474605082568645	0.32732878294164136	Non-significant
PRKCB	-0.05867672656201666	0.9430115704798067	0.8040369493783496	1.1060074076773976	0.08134502910078238	0.47070562078822625	0.531055900621118	-0.919541962307823	2.08214960201326e-6	NS	0.9389878231233425	-0.0846526224266191	0.3272506156667685	Non-significant
SIGLEC8	-0.07885646486683712	0.924172566157835	0.7459196724590055	1.1450226660776233	0.10932899740419176	0.4707392535021532	0.5278444381705252	-1.03829137897137	1.2622333812439e-4	Down	0.9389878231233425	-0.11376583080542071	0.32721958569894993	Non-significant
CR1	0.0648782549437771	1.0670291109570893	0.8944341353769156	1.2729289710640235	0.09002321878017139	0.471104221661655	0.529009034443817	-0.875618497454248	9.8656472176163e-4	NS	0.9391637039353675	0.09359953666891696	0.3268830039423092	Non-significant
RAMP1	-0.048152254846438106	0.9529886788861113	0.8357683294200671	1.0866497211198225	0.06696631591658754	0.4721089593340689	0.5047289666854884	-1.00308453984081	4.14835258236453e-5	Down	0.9400622429345837	-0.06946901927457785	0.3259577577716105	Non-significant
SASH3	-0.05651635253329223	0.945051030390353	0.8100990159978809	1.1024843042695462	0.07861493654780989	0.4722019513606872	0.5319734613212874	-0.889365151023596	1.11128318124291e-6	NS	0.9400622429345837	-0.08153586152891303	0.32587222254439985	Non-significant
PPP1R1A	0.0435375637724198	1.0444992289064492	0.9275489265124213	1.1761952474984154	0.06058646977399821	0.4723861256125745	0.516798418972332	-1.5907834387813	1.35910527410712e-5	Down	0.9400622429345837	0.06281142734685707	0.32570286647424235	Non-significant
CRISP3	-0.04302770924584625	0.9578848474325643	0.8517108220452287	1.0772944961971873	0.059940137773727795	0.47285305835720615	0.5161631846414455	2.23189078294754	1.15170088402119e-7	Up	0.9402726909004328	-0.062075862749794535	0.325273797653679	Non-significant
CMTM7	-0.0729664595514068	0.9296320097775329	0.7616432424383299	1.1346725414858394	0.10169092938741293	0.4730461194715705	0.5518774703557312	-0.513143925073956	7.8750380157354e-4	NS	0.9402726909004328	-0.10526834934603971	0.32509651580426396	Non-significant
CHRNA9	0.05935973480984821	1.0611569071649118	0.9018113932082968	1.2486579678459548	0.08301663465023644	0.4745878969451286	0.5200451722190853	-0.627376838311803	0.0446470032951625	NS	0.9407681078090108	0.08563799503865205	0.32368334145995215	Non-significant
IL4I1	-0.05895576625063195	0.9427484695343294	0.8020340519863394	1.1081508005902703	0.08247521291491537	0.47471402181630584	0.5316911349520046	-0.865417949320917	6.35776686929929e-6	NS	0.9407681078090108	-0.08505519160159561	0.323567940163857	Non-significant
MUC2	0.04909936966076282	1.05032471596529	0.9180063631865608	1.2017149915369099	0.06870040854462788	0.47480174569660877	0.5214920948616601	-1.26054565990871	8.8750845208123e-4	Down	0.9407681078090108	0.07083541712035647	0.3234876929503644	Non-significant
MS4A4A	0.05952122208885364	1.0613282843436924	0.9014379085233328	1.249578830108374	0.08331037601934056	0.47494804388039824	0.5227272727272727	-0.759168936561292	8.9281049091032e-5	NS	0.9407681078090108	0.0858709719352398	0.3233538966702661	Non-significant
CD93	0.06815596698250606	1.0705322631454863	0.8879618852582405	1.290640223934951	0.09540094990266568	0.47496996847792455	0.5177865612648221	-0.506965780226491	0.00149989721925456	NS	0.9407681078090108	0.09832827557265343	0.32333384918911207	Non-significant
AR	-0.05913161040335579	0.9425827073030592	0.8014166722773401	1.1086145208110934	0.0827783918138828	0.47501924891691777	0.5338791643139469	-1.19015099164999	1.27381207224678e-6	Down	0.9407681078090108	-0.08530888108869963	0.3232887913666698	Non-significant
GDF10	-0.0787866676338849	0.9242370730969	0.7444650997497464	1.147420030265852	0.11036051655234379	0.47528736508414127	0.5604884246188594	-0.763007167164446	0.0115456259822868	NS	0.9407681078090108	-0.1136651346835728	0.32304373072348735	Non-significant
TOX3	-0.09273965360793779	0.911430757119552	0.7064533141051089	1.1758824092655105	0.1299812180086806	0.47554567148670124	0.5371964991530209	1.07430692983417	0.015150302684994	Up	0.9407681078090108	-0.1337950383539322	0.32280776700805663	Non-significant
CD1D	-0.09351527280051782	0.9107241080123532	0.704302628846761	1.1776449028353086	0.1311411198868483	0.4757907671677756	0.5212450592885376	-0.674665331716024	1.0972287367552e-4	NS	0.9407681078090108	-0.13491402031668567	0.3225839898039909	Non-significant
MAP9	-0.0596949619590455	0.9420518514118195	0.799391741158939	1.1101712027469988	0.08378174466178927	0.47615174709293956	0.5465838509316769	-0.548740345698038	0.0256136751786831	NS	0.9408831511100816	-0.08612162558437023	0.322254617820405	Non-significant
LTB4R	-0.0533428364002017	0.9480549290212014	0.81852707733823	1.0980799210262309	0.0749534000712736	0.4766629499288133	0.5195511010728402	0.890555217017054	1.05409971023502e-7	NS	0.9408831511100816	-0.07695744554152233	0.32178860361481076	Non-significant
RAI2	-0.06174284601947841	0.9401246124956829	0.7931132057418357	1.1143860430283297	0.08675999485855398	0.47668085374542596	0.5418548842461886	-0.660301075668099	0.00142235065019193	NS	0.9408831511100816	-0.08907609776267232	0.32177229149586517	Non-significant
KASH5	-0.08695579365481029	0.9167176194729681	0.7212970864652359	1.16508330564661	0.12232285235844843	0.4771640501490441	0.5092461885940147	-1.52642640516037	0.00340168031142004	Down	0.9412893152068063	-0.12545069228235886	0.3213322837988892	Non-significant
IKZF1	-0.054014480625157936	0.9474183871919338	0.8161132310523077	1.0998493422683333	0.07611756677771682	0.4779403606803418	0.5321146245059288	-0.846823680207028	1.9011467811803e-5	NS	0.9417837472927095	-0.07792642333410828	0.32062629301838735	Non-significant
TGFBR3L	-0.11823458637909472	0.8884876010764204	0.6407452996283105	1.2320187408701413	0.16678299483991849	0.4783786415856324	0.5399844720496895	0.792199752573566	0.00371003294659886	NS	0.9417837472927095	-0.17057645143067773	0.32022821875327967	Non-significant
PARD3B	-0.0671897132392601	0.9350177992540845	0.7764685226259599	1.1259416955696717	0.09480248767235332	0.47848977798974063	0.5086109542631282	-1.0164205545363	7.54073315122755e-9	Down	0.9417837472927095	-0.09693426608903201	0.32012733565112605	Non-significant
A2ML1	-0.027852199492992145	0.9725320969162989	0.9003626909892062	1.0504863084600562	0.03934021643442503	0.47895589283132695	0.5308441558441559	1.30470588936088	2.38996859589435e-6	Up	0.9417837472927095	-0.04018223008638988	0.31970447903211197	Non-significant
HIPK4	-0.19518031192181878	0.8226863045328415	0.47925234642317793	1.4122262743566838	0.27569266240455104	0.4789679924959976	0.5095638057594579	-0.760648152117925	4.87819122468872e-5	NS	0.9417837472927095	-0.28158566808876906	0.31969350776877864	Non-significant
CD33	0.08859956413460614	1.092643035253203	0.8549205032187258	1.3964676224192614	0.1251790130479841	0.47908009072420177	0.5084697910784868	-0.567257223097728	5.6090735535511e-4	NS	0.9417837472927095	0.12782215180191986	0.3195918768735969	Non-significant
HOXD10	-0.04912540021807996	0.9520617334635024	0.8308660859857859	1.0909357832918405	0.06947129947280449	0.4794842611982394	0.5340203274985884	0.564084864975501	0.00725014692394072	NS	0.9420324830605826	-0.07087297127630961	0.31922564373197704	Non-significant
EPHA2	0.06998967598856227	1.0724971087246427	0.8826293464228929	1.303208479170146	0.09940979031023184	0.48140030126648614	0.5297148503670243	0.629629456683198	2.26746677232253e-5	NS	0.9439547835153441	0.10097375846212407	0.31749364227384386	Non-significant
CHRDL2	0.0502816188488897	1.0515671958236923	0.9141886675466444	1.2095901060555239	0.0714298472561239	0.48147631124250245	0.5152456239412762	-1.23232029732944	4.94183474967079e-5	Down	0.9439547835153441	0.07254104216116215	0.3174250754132655	Non-significant
ZNF713	-0.08997102270765697	0.9139576689060753	0.711262572376176	1.1744166683220891	0.12793224595779626	0.4818869568696522	0.5100225861095427	-0.569056375604917	0.00112914744892915	NS	0.9439547835153441	-0.1298007482840451	0.31705482849480066	Non-significant
S100A7	-0.022409830666874665	0.9778394043452835	0.9185931770795156	1.0409068176734024	0.03188941453252651	0.48222046303455296	0.5105872388481084	1.00543412479302	0.00206924854143889	Up	0.9439547835153441	-0.032330551570261455	0.31675436427290143	Non-significant
ITM2A	-0.060613027518935124	0.9411873829314954	0.7946663919136673	1.1147239883345594	0.08633824857351448	0.4826533265186915	0.5349378881987578	-0.510306931369564	0.00608533240021262	NS	0.9439547835153441	-0.08744611421483395	0.31636469624123575	Non-significant
ARG2	-0.06621021284826893	0.9359340982383845	0.7779398179205468	1.1260159411646975	0.0943363762109213	0.4827712111637827	0.5059994353472614	0.588013063590138	0.00208459112001606	NS	0.9439547835153441	-0.09552114573240032	0.31625863585200725	Non-significant
CAMK2B	0.042972823115320705	1.0439095242563459	0.9258545447302127	1.1770176006973696	0.06123120621662833	0.48279613081220213	0.512210615471485	-1.08959292321624	3.6826327939121e-4	Down	0.9439547835153441	0.06199667880147187	0.3162362190503375	Non-significant
KCNC1	-0.14656497965866072	0.863669609554938	0.5735145207049918	1.3006212877606862	0.20888498301663033	0.48289497922782604	0.5490542066629023	-0.992014468491079	6.92556059769266e-5	NS	0.9439547835153441	-0.21144856932154163	0.31614731003760255	Non-significant
SLCO5A1	0.0521386720802569	1.0535218264475186	0.9107137738909261	1.218723456942298	0.07432039223289201	0.482966550009619	0.509175607001694	-1.17307376982461	3.03113006853168e-6	Down	0.9439547835153441	0.07522020364872235	0.3160829471973523	Non-significant
SLC26A9	-0.04368753131708637	0.9572530223375161	0.8471457099934591	1.0816714739444107	0.062345552307891176	0.48347020416387154	0.5131987577639752	0.670158199570853	0.0310580231632144	NS	0.9441707042679137	-0.06302778477984183	0.31563028593661874	Non-significant
FLG	-0.030896514852785092	0.9695759045897482	0.8892765001073846	1.0571261409106272	0.04410823561676446	0.4836335644024857	0.5094579333709768	1.26384458073047	4.7839123903261e-4	Up	0.9441707042679137	-0.04457424875886524	0.31548356651896514	Non-significant
PLCXD3	0.13153086650223383	1.140573112681572	0.7891124452011792	1.648569900631173	0.18795106522407828	0.48404320547149854	0.49685911914172787	-0.983735923212429	0.00600682224804085	NS	0.9443054439914931	0.189758928826601	0.315115871701855	Non-significant
FUT8	-0.08470131516011942	0.9187866710715815	0.7245661554398533	1.1650681454012155	0.12116594807196623	0.4845194475009671	0.5412196499153021	-0.574979112588877	1.54615927284348e-6	NS	0.9443054439914931	-0.12219816733827754	0.3146887866775004	Non-significant
TIMP2	-0.05465462454147994	0.9468120971523055	0.8121814495478931	1.103759692877699	0.0782549477530812	0.4849161387624615	0.5191981931112366	-0.606309636942794	0.00106693141669074	NS	0.9443054439914931	-0.07884995578764127	0.31433336164886894	Non-significant
CETP	-0.11757990920217692	0.8890694640762503	0.6391454354229834	1.2367208903396434	0.16839255487924545	0.4850215761533722	0.5263269339356296	-0.549603163761838	4.3480516161713e-4	NS	0.9443054439914931	-0.1696319519141553	0.31423894140613584	Non-significant
PPFIA4	0.062366304672606836	1.0643521504958637	0.8933979433813509	1.268018925561383	0.08933300720509238	0.4850941317056211	0.5071993224167137	-0.755621459642343	1.4963651735039e-4	NS	0.9443054439914931	0.0899755584697401	0.3141739791015847	Non-significant
ACP4	-0.13731471063157002	0.871695851008182	0.5924423715887394	1.282578176552761	0.19703778552014664	0.4858683066910646	0.5230801806888763	-0.557439526985365	0.0310580231632144	NS	0.9445805923447631	-0.19810325206926901	0.3134814291487578	Non-significant
RAPGEFL1	0.05433328671480408	1.0558364397788047	0.9062133569360175	1.2301634918889088	0.07796765413888791	0.48588441410822536	0.5032467532467533	1.06504660160432	3.5795162168327497e-12	Up	0.9445805923447631	0.07838636329864614	0.31346703173624424	Non-significant
TDRD12	-0.08713863211308026	0.916550023558711	0.7172397661648803	1.1712456354411873	0.12510763575241687	0.4861099336051182	0.5332792207792207	-0.995340135054503	2.29786636821375e-5	NS	0.9445805923447631	-0.12571447241938874	0.31326550407294035	Non-significant
HPN	0.06193543487237676	1.0638936520810587	0.8935224473643688	1.2667501597492696	0.08904207321544212	0.4866950636435689	0.5462662337662338	-0.668092759954823	0.0175112613684758	NS	0.9445805923447631	0.08935394474567943	0.31274305861211454	Non-significant
LCTL	0.14326777806963406	1.1540387865730244	0.7706806589639765	1.7280899753021965	0.20599815260996007	0.48675398450219753	0.5119282891022021	-0.74282122219467	7.99827446684644e-5	NS	0.9445805923447631	0.20669171294024155	0.3126904847175663	Non-significant
SERPINA1	0.05142976297240985	1.0527752398917056	0.9106859790459059	1.2170338966788563	0.07397426914059041	0.4869058225791308	0.5254093732354602	-1.12105998107794	9.84029086527716e-9	Down	0.9445805923447631	0.07419746399439066	0.31255503198754725	Non-significant
TAFA3	-0.11768130326880984	0.8889793222777675	0.6376223947932155	1.2394235865785932	0.1695580775451402	0.48765263014372734	0.5108695652173914	-1.21376384628834	7.3531369874858e-7	Down	0.9453484075401424	-0.16977823263126204	0.31188942908414613	Non-significant
P4HA3	-0.05688784575411047	0.9447000155430906	0.80443653926579	1.1094201665449746	0.0820042375166544	0.4878588451526052	0.5074816487859966	-0.880869495766561	2.38950005751499e-5	NS	0.9453484075401424	-0.08207181295631147	0.3117058166017853	Non-significant
TBL1X	-0.07092516279919817	0.9315316027366934	0.7620416694741935	1.13871873633359	0.10246559591207006	0.48882106979771534	0.5322557876905702	0.664019079701483	1.16877731179558e-6	NS	0.9466097510369987	-0.10232338064464552	0.310850082839824	Non-significant
SGPP2	0.054837471380683435	1.0563689105419352	0.904285084399844	1.2340303897638272	0.0793117026958474	0.48930343004547466	0.5078345567476003	0.578333234162142	7.9290544991452e-4	NS	0.9466097510369987	0.07911374801580259	0.3104217397998389	Non-significant
ZIC5	0.05163766976316802	1.052994141768026	0.9094924992118621	1.2191377758020323	0.0747494337306654	0.489684837367964	0.521774421230943	0.712185628334739	0.00460915478262647	NS	0.9466097510369987	0.07449741009038462	0.31008334329518444	Non-significant
ENPP1	-0.05572992226621561	0.9457945394452761	0.8074001856411459	1.1079107074197285	0.08071878851876156	0.4899296645604264	0.5247741389045737	-0.60077036718336	0.0080753558250473	NS	0.9466097510369987	-0.08040128248259674	0.3098662638201241	Non-significant
CDON	-0.07549904568001163	0.9272806154560027	0.7482086390591437	1.1492106545063492	0.10947872853289803	0.49043131991617595	0.5396668548842463	-0.609392813326388	9.2434677000871e-4	NS	0.9466097510369987	-0.10892209879440215	0.30942180269756925	Non-significant
CHDH	-0.054047535168068934	0.94738707122777	0.8124278100959386	1.1047655577220359	0.07840995236769478	0.49063806866908766	0.5357142857142857	-0.808658596261761	0.0039377923810511	NS	0.9466097510369987	-0.07797411095924486	0.30923875785914323	Non-significant
HLA-DQB1	0.0443929182199604	1.0453930281704407	0.9214156335883711	1.1860517051261328	0.06440780474988038	0.4906675316239744	0.5242800677583286	-0.723698936635337	7.1484994008143e-4	NS	0.9466097510369987	0.0640454429665263	0.309212679135598	Non-significant
ZNF454	-0.14666973342826348	0.8635791416461557	0.56903386453911	1.3105879638470166	0.21283329724575367	0.4907416893822814	0.5163396386222473	-0.716937929929824	8.5979261087125e-4	NS	0.9466097510369987	-0.21159969706546203	0.30914704636061485	Non-significant
FGD2	-0.06955550311227389	0.9328083581806926	0.7652828418372751	1.1370063269715627	0.10099893877919044	0.4910274446340715	0.5327498588368154	-0.604593946727709	1.1242122810735e-4	NS	0.9466227952519344	-0.10034737940661448	0.30889423349813644	Non-significant
FAT3	-0.07547375952131406	0.9273040631172518	0.7475267793340443	1.1503170846131079	0.10995681111569851	0.49246431944924335	0.5395962732919255	-1.80782129520058	1.87518362825121e-10	Down	0.9488537398587636	-0.10888561857864591	0.307625229994091	Non-significant
IL19	-0.10296616788001968	0.9021574948658194	0.6718691659156238	1.2113789214205173	0.1503729075824457	0.49350874536115497	0.5188099943534726	0.751388783681627	9.3623908780052e-4	NS	0.9492274993139881	-0.14854877977984488	0.3067051468880844	Non-significant
ABCC1	0.07726725994708115	1.0803307669567765	0.8658082463680299	1.3480058326186357	0.11294038112340309	0.493885493070068	0.4834839073969509	1.02083301825452	3.19455582018221e-19	Up	0.9492274993139881	0.11147309274873247	0.3063737302104849	Non-significant
RAD9B	-0.11063779897762767	0.8952629553692614	0.6520419454237079	1.2292088950438282	0.16174204688236332	0.4939508086447839	0.5396668548842463	-0.814932822006016	8.69825491970708e-6	NS	0.9492274993139881	-0.1596166039198935	0.3063162992501658	Non-significant
NMNAT3	0.060602880658793906	1.0624769002711147	0.8930865456086384	1.2639952635725806	0.08861115268197964	0.4940261036831997	0.493647656691135	0.681143746118265	1.8430291459843e-4	NS	0.9492274993139881	0.08743147539002752	0.30625010292643806	Non-significant
SYT16	-0.07799778178445847	0.9249664783162812	0.7396379501887866	1.156732136027428	0.11408203874653804	0.4941652219905592	0.5206804065499717	-1.02575816181753	2.8459250112191e-4	Down	0.9492274993139881	-0.11252701298077782	0.30612782232743385	Non-significant
WSCD1	-0.07529525057502318	0.927469609963807	0.7473434692938544	1.151010094754955	0.11017301970899036	0.494336867458832	0.5262563523433088	-1.48277530900125	1.35834259302255e-10	Down	0.9492274993139881	-0.10862808460707783	0.30597699881120777	Non-significant
HLA-DOB	-0.09030312673703227	0.9136541902775802	0.7050291881126953	1.18401336212246	0.13225393464176147	0.4947325599113038	0.5208215697346132	-0.510490293695958	0.0010102131993591	NS	0.9492812168095647	-0.13027987312028397	0.3056295064046041	Non-significant
CES1	0.024782226646995014	1.025091858523885	0.9546732028121079	1.1007047388746771	0.036311085448736576	0.4949243950887474	0.5059994353472614	4.3666186201827	3.33520132281279e-33	Up	0.9492812168095647	0.03575319548580597	0.30546113905343014	Non-significant
LY86	-0.07195457015525492	0.9305731706455953	0.7567451387528566	1.14433034528975	0.10549897162647855	0.49521334929998073	0.5379023150762281	-0.691621924726118	7.42871366330916e-5	NS	0.9492889443563733	-0.10380850153228319	0.30520765669961614	Non-significant
PCP4L1	-0.04265367268319875	0.9582431984023146	0.8476354409175894	1.0832841372114972	0.06257817413394906	0.49548798127177635	0.5383963862224732	0.662725262745329	0.0343299733770236	NS	0.9492889443563733	-0.061536242055751915	0.30496687544843654	Non-significant
STXBP5L	0.12116721546487481	1.1288136516863614	0.7963512851879005	1.6000730882638603	0.17800433867887575	0.4960625376365979	0.48845990965556185	1.34853710737291	8.4923680841083e-6	Up	0.9495354994187101	0.17480734086949928	0.3044635694000739	Non-significant
APBB1	-0.06220136079144577	0.9396936502821843	0.7854806106769175	1.1241832635686282	0.09145991776682537	0.4964448085051797	0.5390316205533596	-0.595646201975717	4.9907379387858e-4	NS	0.9495354994187101	-0.08973759475036405	0.30412902651195894	Non-significant
MAP3K15	0.17769601722464087	1.1944621701162215	0.715229773384567	1.9947993343275143	0.26166166715640504	0.49707067904078217	0.49971767363071706	-0.515761385975981	0.016907057739281	NS	0.9495354994187101	0.2563611628357093	0.3035818540534298	Non-significant
CCDC180	0.12820530438368605	1.1367863659652369	0.7849320135599965	1.6463632767166698	0.1889644295432631	0.49747840859195597	0.53222049689441	-0.865718079325345	5.4547889275494e-4	NS	0.9495354994187101	0.18496115685000397	0.30322576362751524	Non-significant
HOXA9	0.06527737732264588	1.0674550711536457	0.8839576600291087	1.2890440124633487	0.09623824325176177	0.4975882376593436	0.5123870694522868	-0.643646221570474	0.0177004445770542	NS	0.9495354994187101	0.09417534854561882	0.30312989435425114	Non-significant
NMB	-0.05452953848120992	0.9469305375548215	0.8088152522966133	1.1086307292150674	0.08043781226723562	0.4978292228960328	0.525974025974026	0.960239654691911	7.0701434979269e-7	NS	0.9495354994187101	-0.07866949474880544	0.30291961361334363	Non-significant
FOXE1	-0.042161369910818564	0.958715060325439	0.8486440032428026	1.083062583819189	0.06222263504942337	0.4980323546396839	0.5505364201016375	0.669170512597342	0.00283644794232203	NS	0.9495354994187101	-0.060825999287423056	0.3027424424108782	Non-significant
LRRC63	-0.19151504612462322	0.8257072013195648	0.47433480997127975	1.437365270223937	0.28282499817974915	0.4983105666142026	0.5269974590626765	-0.6344515536792	0.00603825084667805	NS	0.9495354994187101	-0.27629780729961506	0.3024999035702928	Non-significant
SLA2	-0.05680136678799558	0.9447817157563475	0.8015218710865789	1.1136470789218047	0.08390034414924623	0.4983996489856038	0.5243506493506493	-0.831191618665812	7.01470748779097e-5	NS	0.9495354994187101	-0.08194705018075635	0.3024222722149964	Non-significant
CBLN4	0.14252708216114474	1.1531843112578226	0.7626832395867592	1.7436256452307988	0.21094243087197803	0.49925136161295336	0.5074110671936759	-1.24679461997259	5.6756365821162e-4	Down	0.9495354994187101	0.2056231146262572	0.30168074200020273	Non-significant
GPC4	0.03767304150545559	1.0383916663934578	0.9308747514767015	1.158326886753432	0.05576815915861488	0.499339360480774	0.4986589497459063	-1.0878318875027	1.69387518993528e-5	Down	0.9495354994187101	0.05435071015512472	0.3016041992846305	Non-significant
TTC9	-0.05060213661536314	0.9506568268429196	0.8206411948150546	1.1012710647882158	0.0750356455178502	0.5000731599446682	0.5172924901185771	0.87802141347834906	2.32712568848672e-6	NS	0.9495354994187101	-0.07300345155337022	0.3009664543920123	Non-significant
CNRIP1	-0.07709011404174887	0.9258064216888228	0.7399612277175157	1.158327623575801	0.11432219002929772	0.5001058072389175	0.5196922642574817	-0.6190052454187	1.1864134599861e-4	NS	0.9495354994187101	-0.1112175252295957	0.3009381023865977	Non-significant
MYBL1	0.08461590737785811	1.0882989788028579	0.8509692125769304	1.3918184697619365	0.12551007993865673	0.5001993058575188	0.5371259175607002	-0.790707688864173	1.08198247775661e-10	NS	0.9495354994187101	0.12207494995435575	0.30085691528935954	Non-significant
GSTM1	-0.025663071057567995	0.9746634266100788	0.904562763009481	1.0501966629830677	0.03808259557663899	0.5003880833169754	0.519621682665161	2.10383692235924	4.2544558132025e-4	Up	0.9495354994187101	-0.037023985348734495	0.3006930415271885	Non-significant
ACKR2	-0.05580488175518973	0.9457236458270327	0.803980017020723	1.1124570204999529	0.08284641151036252	0.5005691921417397	0.5052230378317335	0.572937728757702	0.0182784137730913	NS	0.9495354994187101	-0.08050942616560725	0.30053588284318494	Non-significant
RPL36	-0.06632329217042174	0.9358282694286137	0.7715401255337048	1.1350991618951074	0.09849329279448621	0.5007063526233287	0.4932947487295314	0.615453960156773	2.0089771837884e-4	NS	0.9495354994187101	-0.09568428470969732	0.3004168985316768	Non-significant
PLCL1	-0.07139038546859229	0.931098333908898	0.7563950297876415	1.1461525701078719	0.10602293168050832	0.5007255834971786	0.5259034443817052	-0.754585562344566	1.11936451885456e-5	NS	0.9495354994187101	-0.10299455508268969	0.3004002186913503	Non-significant
C3orf18	-0.08432339917651104	0.9191339608591533	0.7190035523807728	1.1749694910509139	0.12529086417376706	0.5009338473208049	0.5266092603049125	-0.611706012144892	3.083711186075e-5	NS	0.9495354994187101	-0.121652949822853	0.3002196227165078	Non-significant
ETFB	-0.0633703314406093	0.9385958177778018	0.7801954968629634	1.1291555932996062	0.09430807081981886	0.5016153708482941	0.5331733483907397	0.932914113887927	3.26138005700876e-7	NS	0.9497060551302275	-0.091424062908857	0.2996291640188113	Non-significant
CLDN9	0.0709722288712759	1.0735514117199263	0.8726397520498261	1.3207198398865057	0.10571862236685053	0.5020094470038142	0.5351496329757199	-0.763038699695276	0.0124946367881977	NS	0.9497060551302275	0.10239128263342637	0.29928811006011424	Non-significant
PC	-0.06319694324725747	0.9387585733204709	0.7805458509572446	1.129040219612875	0.09416747110641013	0.5021490248019638	0.5056465273856579	0.724912151540722	1.34756344165097e-6	NS	0.9497060551302275	-0.0911739166221596	0.29916737639182395	Non-significant
ACTA2	0.05157238923082361	1.0529254039935394	0.905638546325043	1.224165988598559	0.0768827378735639	0.5023525164331777	0.519621682665161	-0.639870781417872	0.0012775053922341	NS	0.9497060551302275	0.07440323019010464	0.2989914178887639	Non-significant
MACC1	0.048535362395285116	1.0497324922193216	0.9108543374972595	1.2097854287533691	0.07240319260905782	0.5026357370222186	0.5070581592320722	0.642898093918372	0.00330308100464608	NS	0.9497060551302275	0.07002172663542652	0.29874663663522144	Non-significant
B4GALNT2	-0.04010450178820964	0.9606890401838661	0.8543788746141774	1.080227355043363	0.05983581107790153	0.5027032346047418	0.512598814229249	-1.70396682816707	1.0056812928855899e-05	Down	0.9497060551302275	-0.05785856584717254	0.29868832032897463	Non-significant
CHODL	0.055890724606866164	1.0574821206481595	0.8978243957416749	1.2455313542318585	0.08350740426830365	0.5033100921090247	0.5021880293619424	1.03758747975406	9.9164628697337e-7	Up	0.9499841895985208	0.08063327122201663	0.2981643612712142	Non-significant
CD8B	-0.05330577686827226	0.9480900641441559	0.8110349199009986	1.108305878911593	0.07966390827889816	0.5034104252573358	0.5230801806888763	-1.1542039501302	4.16124426123378e-6	Down	0.9499841895985208	-0.07690397993859008	0.29807779477722485	Non-significant
DPEP2NB	-0.11092912125825252	0.8950021833095442	0.6462793412238786	1.2394468723260104	0.16612260899663528	0.5042903088587408	0.4902244494635799	0.958621242806803	0.00719680809586171	NS	0.9508830226686431	-0.16003689312945132	0.297319377765144	Non-significant
SBK2	0.06742225862797713	1.0697470927584833	0.8774885550851063	1.3041296502770199	0.10108023747165759	0.5047611364619689	0.5352202145680407	-1.43294957747801	1.7425131365076e-4	Down	0.9508830226686431	0.09726975816811577	0.2969140905108667	Non-significant
EDNRA	-0.057529114348002564	0.944094403293285	0.7972595453356867	1.1179724940821063	0.08624948586956453	0.5047668954516631	0.4957651044607566	-0.522793503900697	0.00169740729418093	NS	0.9508830226686431	-0.08299696797659739	0.2969091355272179	Non-significant
CD96	-0.0554692444170227	0.9460411192691499	0.8035632478491022	1.1137814002116897	0.08328221250064655	0.5053858435793995	0.5339497459062676	-0.783444924854275	4.12835554765063e-5	NS	0.9508830226686431	-0.08002520384229649	0.2963769273180756	Non-significant
OR2A7	0.09310549573463002	1.0975775189073051	0.8345172909400898	1.4435607543297744	0.13980221772998436	0.5054238165509543	0.5135516657255788	0.511597372266613	0.0110179924261641	NS	0.9508830226686431	0.13432283697585934	0.29634429713523125	Non-significant
GDF5	-0.11414596622163453	0.8921277258646878	0.6375077277979558	1.2484427161465566	0.17145361670726972	0.5055682207174277	0.5048701298701299	-1.08674838730434	2.2642487453653e-4	Down	0.9508830226686431	-0.16467781940543136	0.29622023298679506	Non-significant
RGS1	0.05227808752372307	1.0536687138991059	0.9030477027263875	1.2294120845420924	0.07870450108339473	0.506541515404053	0.5205392433653303	-0.523322213156576	0.00373807314879849	NS	0.9516778180897195	0.07542133761763453	0.2953849547024739	Non-significant
OPRK1	0.08045043180660445	1.0837751245358376	0.854753655338263	1.374160277908192	0.12112079999996285	0.5065517652431575	0.4997882552230378	1.26084874001986	0.0162321780532813	Up	0.9516778180897195	0.11606543900476389	0.2953761668669435	Non-significant
HK2	0.0590384680441094	1.0608160474737824	0.8908732472602258	1.2631771018365614	0.08907897799120743	0.5074807909598482	0.5242800677583286	0.565084097959799	4.9245410664286e-4	NS	0.9525852825459433	0.08517450506891804	0.2945803919133218	Non-significant
PYHIN1	-0.06372295631388554	0.9382649038941624	0.7769471521938662	1.1330771049146677	0.09625686558343811	0.5079651542744074	0.5224449463579899	-0.911768947139886	2.52670320443184e-5	NS	0.9525852825459433	-0.09193279306482664	0.29416607871094913	Non-significant
LTF	-0.02435111471706771	0.9759429816491129	0.9080297931848118	1.0489355201545738	0.03680015290763314	0.5081556047563042	0.5244212309429701	-1.11705224766551	0.00763570606857649	Down	0.9525852825459433	-0.03513123244243189	0.2940032799616921	Non-significant
NTN3	-0.15132117846249363	0.8595715784416785	0.5485504339978631	1.346937770297338	0.22916486202118508	0.5090511949434121	0.5610177865612649	-1.27297202343412	1.232000465734e-4	Down	0.9525852825459433	-0.21831031374931334	0.2932385387568083	Non-significant
IL1F10	-0.04924747867954119	0.9519455143259362	0.8224828052541088	1.101786270127918	0.07458311708825843	0.5090592099009159	0.4964356295878035	1.41941284502688	8.09261543395076e-5	Up	0.9525852825459433	-0.07104909326725901	0.29323170088971623	Non-significant
RAB9B	0.08023678797169771	1.083543607394041	0.8538857083793165	1.3749694339689578	0.12153014797100453	0.5091118481549455	0.5101637492941841	-0.783602095105017	7.3147735093599e-4	NS	0.9525852825459433	0.11575721610362764	0.2931867958551416	Non-significant
CNTNAP3	0.0612269609121758	1.06314017807201	0.8863310400671224	1.2752199653815453	0.0928036056379837	0.5094157815373654	0.5375494071146245	-0.702821025046547	2.9536616838589e-4	NS	0.9525852825459433	0.08833183287669857	0.2929276048603741	Non-significant
MFHAS1	0.0896872839057866	1.0938321712916381	0.8378208624895864	1.4280723631030983	0.13604242489803592	0.5097290367121654	0.49096555618294746	0.560401303992572	1.25038526154512e-7	NS	0.9525852825459433	0.12939139972167882	0.29266062612351257	Non-significant
KCNIP1	-0.1409717508932206	0.8685138460915065	0.5710513716928878	1.320925468783102	0.2139347242340627	0.5099294845822382	0.5195511010728402	-0.679268273755737	0.0080467940698215	NS	0.9525852825459433	-0.2033792459190837	0.2924898760082823	Non-significant
TMEM40	-0.05040771652539759	0.9508416715969054	0.8184109709368219	1.1047015699340987	0.07652331560385654	0.510073253638489	0.4894127611518916	0.902391051508193	3.80021587740855e-7	NS	0.9525852825459433	-0.07272296265372781	0.2923674486737821	Non-significant
EBPL	0.09201770739876138	1.0963842360217941	0.8335315581608886	1.4421270331375642	0.13985023441668337	0.5105553470557055	0.5447487295313382	0.581098331753792	2.49361328719502e-8	NS	0.9525852825459433	0.13275349013816462	0.29195717107370744	Non-significant
SLC2A1	0.05444493496913786	1.055954328655089	0.8977847686492879	1.2419898211048852	0.08279226262360129	0.5107894259020177	0.5249858836815359	0.597095574842986	2.3889299401577e-4	NS	0.9525852825459433	0.07854743768149715	0.2917581018548594	Non-significant
NCKAP1L	-0.05117919927440349	0.9501083965411299	0.8155604169106886	1.1068535775649488	0.07790988807343763	0.5112436186920509	0.5347261434217956	-0.726754209027272	8.59393614994755e-5	NS	0.9525852825459433	-0.07383597698984999	0.29137209978484735	Non-significant
SCG5	0.056248022940016684	1.057860024755437	0.8944232682407971	1.251161359181342	0.08562615727051077	0.5112437145473396	0.5398785996612083	-0.599058150346666	0.00452249015223107	NS	0.9525852825459433	0.0811487437553708	0.2913720183570945	Non-significant
TENT5C	-0.04484074446663141	0.9561497418457712	0.8364149945211843	1.093024796088325	0.06826127455639046	0.5112460358137821	0.5429136081309994	-1.03063918609228	1.39888789340878e-5	Down	0.9525852825459433	-0.06469151967177844	0.29137004647775455	Non-significant
PBX4	-0.09543325521790057	0.9089790292362657	0.6834398543981788	1.208947459347208	0.14550439202606094	0.5119020690833435	0.5179983060417843	-0.544195007253568	5.2686453995453e-4	NS	0.9531138256708106	-0.13768108403875595	0.29081311504896806	Non-significant
AMOT	0.036611682600978385	1.0372901448102705	0.9297285000189554	1.1572957530059311	0.055855288354416305	0.5121626978720831	0.4964709203839639	-0.841599831369202	0.00304352676446757	NS	0.9531138256708106	0.05281949292703232	0.29059205550103506	Non-significant
BICDL2	-0.04309209269428408	0.9578231774881634	0.8419530567946574	1.0896394186466754	0.06578637497532076	0.5124480133639003	0.5320440429136082	1.00298195895244	1.69051803775805e-6	Up	0.9531138256708106	-0.062168748431571164	0.2903501861831729	Non-significant
TRAT1	-0.05885268427877827	0.9428456549144754	0.790414101695417	1.12467367052829	0.08997390187065048	0.5130419751813899	0.5256916996047432	-1.18135306177664	2.31527554749093e-5	Down	0.9531138256708106	-0.08490647575199721	0.28984710107942024	Non-significant
ZNF85	-0.07185283313589123	0.930667849202352	0.7503704191369482	1.1542867675076278	0.10986705406651931	0.5131130970102878	0.5170101637492942	-0.686008271886655	1.0631912402344e-4	NS	0.9531138256708106	-0.10366172603897239	0.28978690000704876	Non-significant
TRIM61	-0.1259163706985428	0.8816885787002382	0.6042035597761933	1.286610674883144	0.19282382258609368	0.5137482057906668	0.5070228684359119	-0.670293393245119	3.6701337858989e-4	NS	0.9531138256708106	-0.18165892357352412	0.2892496818391317	Non-significant
DEGS2	-0.04038982602755595	0.9604149714153181	0.8505091839306819	1.0845231712322854	0.06200636535322792	0.5147999713510848	0.5373376623376623	1.06438485208991	2.29786636821375e-5	Up	0.9531138256708106	-0.05827020171232297	0.28836148593638855	Non-significant
STK33	0.07691742703647578	1.0799528977995427	0.856796539744263	1.3612312928034782	0.11810024434097317	0.5148597456082359	0.48962450592885376	-0.919548401976721	9.8511388014351e-4	NS	0.9531138256708106	0.11096839054346226	0.2883110622291343	Non-significant
ADAMTS18	0.09596436788991097	1.1007198423246087	0.8246114088241617	1.4692789334733387	0.14735341740312605	0.5148831267679607	0.4915654997176736	-0.781504837223542	0.00312317460168389	NS	0.9531138256708106	0.1384473176568186	0.2882913402015813	Non-significant
TRABD2A	0.06569841159967205	1.0679046009548736	0.8762178057983774	1.301525978123075	0.1009401169382721	0.5151334933553662	0.49957651044607565	-0.881496932630261	1.37735148102227e-5	NS	0.9531138256708106	0.09478277260912883	0.2880802119005806	Non-significant
GSTA3	-0.09775776206215055	0.9068685551175923	0.6755268036040027	1.2174358913272239	0.15026025119815042	0.5153114226524684	0.5349378881987578	2.06491618084241	2.88412260930462e-7	Up	0.9531138256708106	-0.14103463853546785	0.2879302306420621	Non-significant
C1QB	0.041689042415336296	1.0425702332185083	0.9193705155034083	1.1822792583228814	0.06416194828686912	0.5158555684226555	0.5165866741953699	-0.920715978063255	9.28532104869375e-6	NS	0.9531138256708106	0.060144574752015303	0.2874718770886139	Non-significant
ZNF404	-0.11514582888406295	0.8912361664542378	0.6296030791857125	1.2615915179820023	0.1773093102967484	0.5160756263196706	0.5160220214568041	-0.553554010136479	5.5870854431207e-4	NS	0.9531138256708106	-0.16612031631008672	0.2872866516931446	Non-significant
TMEM221	-0.12432071187449206	0.883096575903742	0.6067205101119102	1.2853687148784005	0.19151695116458453	0.5162499201874822	0.5755223037831734	0.935391690005409	2.41447612687188e-5	NS	0.9531138256708106	-0.1793568745011154	0.2871400024777	Non-significant
TSPAN4	-0.06992233123663938	0.9324662405932816	0.7549090404528769	1.1517855042834708	0.10777528752664395	0.5164813051319819	0.491600790513834	-0.588530311633726	2.03634735792157e-5	NS	0.9531138256708106	-0.10087660052249504	0.2869453938441862	Non-significant
LCN1	-0.08136153065266945	0.9218603504175827	0.720818933402702	1.1789736177715708	0.1255154569746804	0.5168431774032274	0.5004587803500846	-1.25724756730257	1.22036565161991e-5	Down	0.9531138256708106	-0.11737987679174161	0.2866412122639823	Non-significant
ACSM3	-0.0951342385295057	0.9092508697758118	0.681425072560229	1.2132473216488489	0.14716328591826522	0.5179856262278392	0.5309147374364765	-0.612412768439195	0.00148837963159593	NS	0.9531138256708106	-0.13724969414526564	0.28568229148361796	Non-significant
FAM110B	-0.06461356285774116	0.9374296510269277	0.7705697462189385	1.1404215581217294	0.10000772783666954	0.5182238557282861	0.5466544325239977	-0.642690410874472	8.1067403761679e-4	NS	0.9531138256708106	-0.09321766670903044	0.2854825987359734	Non-significant
ERO1B	-0.07691390888639169	0.9259695679263691	0.7332479952472004	1.1693446777671506	0.11906208386843982	0.5182804285566252	0.5107284020327498	-0.745413189369354	2.2815494486764e-6	NS	0.9531138256708106	-0.1109633149257828	0.28543519079454915	Non-significant
LRRC36	-0.17972022443641983	0.8355039322985833	0.48431501051993897	1.441348720819085	0.27821914874888964	0.5183011098806763	0.5397374364765669	-0.537702454777043	0.00897191554223565	NS	0.9531138256708106	-0.25928147654187433	0.28541786116907925	Non-significant
LIFR	-0.047580459626764625	0.9535337490765151	0.8252526693857098	1.1017554312241267	0.07371830050354687	0.5186445517743804	0.5211038961038961	-1.18406696570799	1.73099834699761e-8	Down	0.9531138256708106	-0.06864409314675081	0.2851301798946218	Non-significant
DRD1	-0.09303865906137965	0.911158275091575	0.6868528375209738	1.208715108849649	0.1441845682767935	0.5187491625036857	0.5151044607566346	-1.53784409594753	1.43268423698569e-5	Down	0.9531138256708106	-0.13422641203881136	0.2850425914274586	Non-significant
THPO	0.11434871494135103	1.1211430160464844	0.7920255288592419	1.5870216509816484	0.1773044667971101	0.5189734809227533	0.49520045172219085	-0.581081486415808	0.00793885743838462	NS	0.9531138256708106	0.1649703239779129	0.2848548336412624	Non-significant
SVIP	-0.04992621771740729	0.9512996109681501	0.8173268806779738	1.1072325788153192	0.0774452739290816	0.5191446354525018	0.5425607001693958	-0.702558191550325	0.00293958160180446	NS	0.9531138256708106	-0.07202830671124619	0.28471162938093114	Non-significant
CABYR	-0.062296735694896944	0.9396040313647808	0.7774677954408342	1.1355528048031331	0.09664275580606445	0.5191809664696178	0.5417137210615471	0.649281041841926	0.0032833283328678	NS	0.9531138256708106	-0.08987519165059824	0.28468123744947416	Non-significant
SALL4	-0.06284751066558401	0.9390866634716701	0.7757370905461536	1.136833306358303	0.09749878461503265	0.5191878037650625	0.527738565782044	-0.57058058885762	0.00951348589351547	NS	0.9531138256708106	-0.09066979196945436	0.2846755180947171	Non-significant
CRYBB3	-0.10789904837723517	0.8977182179670516	0.6462928088592347	1.2469549217055684	0.16765796087051674	0.5198565743618336	0.5274915302089216	0.858459389987584	1.2262750137426e-4	NS	0.9531138256708106	-0.15566542201047553	0.2841164593556322	Non-significant
TAL2	-0.17856071266513113	0.8364732708141474	0.4854514962479787	1.4413129595734178	0.2776148911969283	0.5200971035101444	0.529785431959345	-1.40523103031076	5.94043967510429e-8	Down	0.9531138256708106	-0.2576086546595839	0.28391556486209146	Non-significant
BEX1	0.07253639720840553	1.0752319408189874	0.8619558644905675	1.341279494908545	0.11280187282451906	0.5201965294033875	0.5103754940711462	1.29549186859566	1.7154247156382e-4	Up	0.9531138256708106	0.10464790053651862	0.2838325496141671	Non-significant
PGLYRP4	-0.03511855957011093	0.9654909412807043	0.8674421745907569	1.0746223610062333	0.05463767099277745	0.520383997095552	0.5227272727272727	0.670779280666929	0.0102919886391925	NS	0.9531138256708106	-0.05066537173496264	0.28367606737555173	Non-significant
LIPN	-0.04962483863758827	0.9515863559768388	0.817807210871821	1.1072494603171277	0.07729928521409254	0.5208841234285129	0.5185276679841897	1.18679568010358	2.7737348884507e-4	Up	0.9531138256708106	-0.07159350860736369	0.28325887968089264	Non-significant
NTNG1	-0.05948510037971838	0.9422495726474844	0.78567890378564	1.1300217593682502	0.0927170042052146	0.5211478498121124	0.5422077922077921	-1.40364689791421	3.33405908171862e-5	Down	0.9531138256708106	-0.08581885932460197	0.2830390497360996	Non-significant
GFRA3	0.0552197697269033	1.0567728358344994	0.8925159237603467	1.2512592737309618	0.08619071309402851	0.5217373689573986	0.456345285149633	0.651650009557335	0.0368213040483613	NS	0.9531138256708106	0.07966528794403388	0.2825480562222666	Non-significant
CMKLR1	-0.0534420352909168	0.9479608876883806	0.80490447696831	1.11644284545621	0.08346563342750625	0.5219854446777045	0.5238565782044042	-0.773725886058905	2.00616644908957e-5	NS	0.9531138256708106	-0.07710055928921859	0.2823416069293234	Non-significant
CAPN14	0.03802064377598475	1.0387526764347148	0.9246080712078825	1.1669886478394011	0.0593918983998034	0.522065015594043	0.4942828910220215	1.21295550699465	7.09814327188054e-5	Up	0.9531138256708106	0.05485219422701895	0.2822754085772941	Non-significant
IL27	-0.13914937738406588	0.8700980457802976	0.5682536244381925	1.3322759006054306	0.21737035170057425	0.5220758427718502	0.5134105025409373	-0.927796182376976	6.47497262576004e-5	NS	0.9531138256708106	-0.20075011669477874	0.28226640177799356	Non-significant
SCUBE3	-0.040180960971430514	0.9606155894925501	0.8493802112090125	1.08641842439751	0.06279064245539392	0.5222248897155884	0.5536420101637494	0.714507094477477	0.0265864005133693	NS	0.9531138256708106	-0.05796887313163579	0.2821424331478166	Non-significant
SLC1A7	0.07442160279376342	1.0772608859678323	0.8575149434899171	1.3533187091915027	0.11639921849420568	0.5225854203534175	0.5050465838509317	-1.05428015523412	4.8767565475463e-4	Down	0.9531138256708106	0.1073676772855708	0.28184271085129664	Non-significant
PRR16	-0.0674888801848322	0.9347381146733029	0.7600228811010599	1.149617155942994	0.1055722762715779	0.5226492040563387	0.5410784867306606	-0.982694928032085	4.04588917138244e-7	NS	0.9531138256708106	-0.09736587275780681	0.28178970665568054	Non-significant
AC136428.1	-0.07874555015409955	0.92427507617736	0.7259721342324436	1.1767454646807942	0.12321557908447225	0.5227659385715823	0.5619000564652739	-1.00254671863547	0.0371245094761523	Down	0.9531138256708106	-0.11360581469939252	0.2816927171364716	Non-significant
CEL	0.03436320482672901	1.0349604410992383	0.9312299880860273	1.1502455122196702	0.0538847675174879	0.5236582490369426	0.4846837944664032	1.11145665626074	1.5540989801197e-4	Up	0.9532115762497141	0.0495756251925737	0.2809520507608897	Non-significant
GPR171	-0.06519069896049512	0.9368887826238821	0.7664719301953745	1.14519600317616	0.10243377159663349	0.5245039932980604	0.5256916996047432	-0.895227359934659	2.08766503803571e-5	NS	0.9532115762497141	-0.09405029810239153	0.2802512009676391	Non-significant
NFE2L2	0.07760468466533205	1.0806953587691202	0.8509422537051039	1.3724814502745997	0.12194902367981583	0.5245353726800712	0.47579051383399207	0.754686170746249	1.36784299152266e-13	NS	0.9532115762497141	0.11195989371642626	0.28022521930689526	Non-significant
ERFL	0.12800735926297485	1.1365613669202692	0.7660314751053158	1.686316793442561	0.2012993005202952	0.5248379304796607	0.5003529079616036	-0.691099217071589	8.10298607356849e-5	NS	0.9532115762497141	0.1846755824059857	0.279974785669859	Non-significant
HPSE	0.0644392570087436	1.066560790184206	0.8743547470914655	1.3010187489030232	0.10138367599239978	0.5250385035238361	0.5202569169960474	0.815759081693697	7.44987774631844e-9	NS	0.9532115762497141	0.0929661965250839	0.27980884658494876	Non-significant
LGI2	-0.05401335854676703	0.9474194502702297	0.8019858059196724	1.1192263106465115	0.08502758846311383	0.5252685761780428	0.5215979672501412	-1.60934954696895	8.09620774509577e-13	Down	0.9532115762497141	-0.07792480451717824	0.27961857978071974	Non-significant
LIPH	0.04117890883184311	1.0420385187636243	0.9175562577274605	1.183408935901578	0.0649095057074077	0.5258166090384738	0.5084697910784868	0.803600802504253	8.1790100332396e-4	NS	0.9532115762497141	0.0594086075609188	0.279165699896002	Non-significant
COX5B	-0.0708257896911938	0.9316241765268581	0.7484933125489794	1.1595609362676194	0.1116690008938281	0.5259192833175087	0.4963297571993224	0.519865075467933	5.08694310543402e-5	NS	0.9532115762497141	-0.10218001555452988	0.27908090508528194	Non-significant
DRAM1	-0.0738580856507885	0.9288034950323687	0.7392094549600429	1.1670250246338831	0.11648983557130566	0.526061046659757	0.5035290796160361	-0.787256401799956	6.87763747186255e-11	NS	0.9532115762497141	-0.10655469389794495	0.27896385529662554	Non-significant
MYCN	-0.0687881385959304	0.933524436926881	0.7546837295327005	1.154745809717221	0.10850626943123783	0.5261099101283954	0.5321852060982496	-1.09234923984703	2.47651580787399e-6	Down	0.9532115762497141	-0.09924030642433154	0.2789235174890199	Non-significant
IDUA	-0.06590137846497006	0.9362231915070952	0.7633693883418826	1.148217203495165	0.10414061774951924	0.526856758979537	0.5372670807453417	-0.506197413810465	0.00118613511369814	NS	0.9532115762497141	-0.09507559189915904	0.2783074440675639	Non-significant
GRPEL2	-0.09015908956510837	0.9137857999213771	0.6909143507401722	1.2085499269821447	0.14264564311479283	0.527354614143416	0.4815076228119707	0.564193982053035	1.53304725354337e-6	NS	0.9532115762497141	-0.13007207140664573	0.2778972497326405	Non-significant
EFNA3	-0.05580675915615663	0.9457218703262124	0.7953816623167141	1.1244788488185824	0.08833144045105079	0.5275253045545992	0.5053642010163749	0.66326650640193	1.0471765852571e-4	NS	0.9532115762497141	-0.08051213468267185	0.27775670311112716	Non-significant
GPR78	-0.04169790487806889	0.9591594942140983	0.8427320838527498	1.0916719002023825	0.06602584556908046	0.5276880742153011	0.5002117447769622	0.795409954116724	0.012432982784429	NS	0.9532115762497141	-0.0601573605830497	0.2776227207954231	Non-significant
TLL1	0.04077736522562457	1.04162017885546	0.9177891467374082	1.1821588878619695	0.06457514965465169	0.5277322924120866	0.5379023150762281	-0.843606373160433	7.9941932777731e-4	NS	0.9532115762497141	0.058829302591526626	0.27758633014107886	Non-significant
IGSF21	-0.07100567704124233	0.9314566041950247	0.7472197385396898	1.1611194950418757	0.11244609617238527	0.527737091465729	0.5138339920948616	-0.741959060529085	1.8897457075998e-4	NS	0.9532115762497141	-0.10243953814236366	0.2775823808033774	Non-significant
CKMT1B	0.04887194849338821	1.0500858770518045	0.9022315851508957	1.2221699698079591	0.07742795034837223	0.5279146066442778	0.5298560135516657	0.983538180755584	5.57982296548855e-8	NS	0.9532115762497141	0.070507317729992	0.2774363215238584	Non-significant
PAK5	-0.07671709096693674	0.926151833266161	0.7297913728705983	1.1753457907954232	0.12157339991265957	0.528017529277354	0.5622176736307172	1.3649045542185	0.00312705628029714	Up	0.9532115762497141	-0.11067936668942713	0.277351659394108	Non-significant
TMEM71	-0.07419977246575021	0.9284861893370991	0.7372787606482967	1.1692817558336903	0.11764983983765674	0.5282477137571666	0.5400903444381705	-0.616592975012397	0.00506637283008728	NS	0.9532115762497141	-0.10704764377142727	0.277162373887188	Non-significant
OR7A5	0.08379121309882297	1.0874018348467507	0.8378034616006141	1.4113605453109923	0.13304476707684437	0.5288273205370864	0.4915654997176736	0.931319653984905	0.0264420554191808	NS	0.9532115762497141	0.12088516760774239	0.2766861162077374	Non-significant
RHOBTB3	0.051200055089182586	1.0525334368929267	0.8974257308295643	1.2344493786171935	0.08134076419531526	0.5290535991644163	0.5061405985319029	-0.66149632665268	1.0521098892747e-4	NS	0.9532115762497141	0.07386606557040544	0.27650032675092695	Non-significant
RPS15A	-0.06667947813522342	0.9354949998900682	0.7599493013549006	1.151591156487712	0.10603464154163329	0.5294497707218042	0.4971767363071711	0.554084287190663	4.6412303640803e-4	NS	0.9532115762497141	-0.0961981524347508	0.2761752354301255	Non-significant
MAP1LC3C	-0.1221318530952803	0.8850316666443774	0.604833017306317	1.2950368590189458	0.19422347216954355	0.5294660644058414	0.5309853190287973	-0.679861452460124	0.00404244616153854	NS	0.9532115762497141	-0.17619901879514033	0.2761618703319127	Non-significant
SPRR2A	-0.02135901853451068	0.9788674699121587	0.9157228357807218	1.0463663089010005	0.0340223203649491	0.5301387056807151	0.5242800677583286	1.90203644725073	2.60919721896097e-10	Up	0.9532115762497141	-0.030814550117993972	0.2756104865679573	Non-significant
PIWIL2	-0.04818083289598804	0.9529614447175772	0.8196394915079639	1.107969448186829	0.07689419203163571	0.5309305736010944	0.51757481648786	0.728737290546036	0.0239872760782598	NS	0.9532115762497141	-0.06951024868494175	0.27496226512044586	Non-significant
GPR173	-0.08229610176815019	0.9209992088232841	0.7118227134067142	1.1916443893642048	0.13144644333446878	0.5312619082509029	0.5242800677583286	-0.96929814408899	1.52180318256515e-8	NS	0.9532115762497141	-0.11872817790540373	0.2746913221092668	Non-significant
KCNK1	0.07260349774522143	1.0753040918800785	0.8564620787650611	1.3500643153766798	0.11609842649403639	0.5317337589317734	0.48680124223602483	0.680070510081592	1.69112651996784e-8	NS	0.9532115762497141	0.10474470614822402	0.2743057661436691	Non-significant
C1QTNF1	-0.06168338326432181	0.9401805165574207	0.7749071063328741	1.140703700469702	0.0986389228933956	0.5317444782996351	0.49555335968379444	-0.632816014257078	1.22709269310895e-5	NS	0.9532115762497141	-0.08899031114069028	0.27429701116938	Non-significant
KLRG2	-0.04956359459752946	0.9516446367544007	0.81471798564964	1.1115840457864516	0.07926148752171883	0.5317627017410865	0.5412196499153021	1.06701123493555	1.15585892665532e-7	Up	0.9532115762497141	-0.0715051521344867	0.27428212769663446	Non-significant
KRT6B	-0.026030396520939376	0.9743054736619092	0.8979603514108754	1.057141503537503	0.04163289115569235	0.5318159539371182	0.5249858836815359	0.813331559658554	0.00148104350769027	NS	0.9532115762497141	-0.03755392397313256	0.27423863841677415	Non-significant
TTLL12	0.09225405392438951	1.0966433932509805	0.8210920233533189	1.464667415778231	0.14764258175540915	0.5320713483720977	0.5057171089779786	0.625216528566125	1.30519390310192e-11	NS	0.9532115762497141	0.13309446609861988	0.27403012686539036	Non-significant
BICD2	0.07887572035314179	1.0820698344565491	0.8447500907844531	1.3860609657390197	0.12632383463411925	0.5323695092459684	0.5133399209486166	0.559608245514244	1.20134376175594e-6	NS	0.9532115762497141	0.11379361060002244	0.27378682612265504	Non-significant
DISP3	-0.055019363731900035	0.9464668206462746	0.7963369729872639	1.1248999769832289	0.08812074479414629	0.532388986280593	0.5113989271597967	-1.85960513854282	2.88158092955086e-9	Down	0.9532115762497141	-0.07937616320887828	0.27377093750810483	Non-significant
CDH12	-0.06832261187734624	0.9339591186648531	0.7536052289252344	1.1574755612845788	0.10947344286124984	0.5325604971217502	0.5459839073969508	-0.875661475267371	0.0472117845396139	NS	0.9532115762497141	-0.09856869333602879	0.2736310506614401	Non-significant
RSPO4	0.051381813690711826	1.0527247612853794	0.8958193214392762	1.237112659328236	0.08234761020330897	0.5326522689565157	0.4950945793337098	-0.702283528521168	0.0470313551159436	NS	0.9532115762497141	0.07412828780347061	0.2735562186601712	Non-significant
ETV4	0.05469426757036487	1.0562176453199799	0.8892379843281601	1.2545524752050952	0.08779990311767014	0.5333224846283625	0.5373376623376623	0.612347090630747	2.1940103840392e-4	NS	0.9539078494169921	0.07890714858881932	0.2730101062774089	Non-significant
VCAN	0.035117213007200374	1.0357411040144178	0.9270753401377485	1.1571439645731598	0.056550863958842075	0.5346097863790811	0.5082580463015245	-0.774121449033627	0.00127709646517027	NS	0.9545699967141946	0.05066342905532941	0.2719630954643835	Non-significant
ABI3BP	0.03799199482617484	1.0387229176877033	0.9213110235737675	1.171097785788369	0.06119989625990967	0.534740908693777	0.520115753811406	-1.00192574402834	1.0256904871927e-4	Down	0.9545699967141946	0.0548108625292017	0.2718565902771244	Non-significant
NNAT	-0.07747768832992978	0.9254476724494247	0.7243872515986058	1.1823142836266143	0.12497753290172942	0.5353019436759427	0.5004940711462451	-0.703714639884674	4.0953399259491e-4	NS	0.9545699967141946	-0.11177667673313035	0.27140117969483474	Non-significant
ONECUT3	-0.07029756290218293	0.9321164153696159	0.7461875197233606	1.1643735506640662	0.11351268813971571	0.5357236467648921	0.5419960474308301	2.01134171125528	1.69041138688313e-9	Up	0.9545699967141946	-0.10141794538555934	0.27105918350794417	Non-significant
CLEC2L	-0.049306236317150365	0.9518895818996265	0.8143150728606425	1.1127066246557242	0.0796451799056768	0.535867807334252	0.5434076792772444	1.26495312617764	0.00348080330195993	Up	0.9545699967141946	-0.07113386261965214	0.2709423327437481	Non-significant
ART3	0.05049656417316201	1.0517932495693203	0.8963551452997036	1.2341860764013357	0.08159085700177314	0.5359823776030564	0.5419607566346697	-1.43889126762527	1.77163866610685e-6	Down	0.9545699967141946	0.07285114271455218	0.27084948910492496	Non-significant
FRMD1	-0.0852692166064099	0.9182650389240925	0.7008136685225108	1.2031881220124638	0.13788213503163846	0.5362978165207783	0.5158455674760023	-1.22152772971846	2.7065312808626e-4	Down	0.9545699967141946	-0.12301747593855439	0.2705939712168829	Non-significant
JAM2	-0.05819807737520605	0.9434630502427608	0.7845193516989026	1.1346087578920576	0.09412722051819764	0.5363830848368355	0.5270327498588367	-0.543863987560677	0.00223423440337569	NS	0.9545699967141946	-0.08396207761848197	0.27052492634216585	Non-significant
CHRNA6	-0.10201667557331573	0.9030144932589359	0.6533325339710804	1.2481165909178307	0.1651317911551935	0.5367141501542684	0.5326792772444946	-1.28943062055962	1.73526895352865e-6	Down	0.9545699967141946	-0.14717895193760078	0.2702569546423347	Non-significant
MFAP2	-0.05538217129935976	0.9461234976052593	0.7936554578007278	1.1278819592589062	0.08965658258950898	0.5367635505333516	0.5008469791078487	-0.539949220760548	4.7681367632207e-4	NS	0.9545699967141946	-0.07989958388724938	0.27021698303968067	Non-significant
CERCAM	-0.054704573201470555	0.9467648063378561	0.7958946676630625	1.1262339539877764	0.08856481910787262	0.5367873721575842	0.5191981931112366	-0.541218654649821	6.572392776614e-4	NS	0.9545699967141946	-0.07892201647170878	0.27019770943143867	Non-significant
TTC24	-0.09600792248912328	0.9084568188009301	0.6696053873331098	1.2325076936923534	0.1556451007045792	0.5373411191354548	0.5268915866741954	-0.902764254746604	5.1614564086636e-4	NS	0.9550541735079089	-0.1385101536611102	0.2697499244967416	Non-significant
AZIN2	-0.06939972732168534	0.9329536784585526	0.7480271583494515	1.163597546471332	0.11271445196638273	0.5380841083112321	0.5241389045736872	-0.899021548322706	1.25477193987249e-9	NS	0.9552699190036574	-0.10012264244604177	0.2691498341468818	Non-significant
DNAI4	-0.09695093677589908	0.907600534849338	0.6665587741570697	1.2358080979438077	0.1574906608635485	0.5381598677070473	0.5287267080745341	-0.537897751891751	2.2262952497081e-4	NS	0.9552699190036574	-0.13987063569612895	0.26908869208552333	Non-significant
TLR4	0.053498464251587025	1.0549553716203095	0.8896797713245139	1.2509341810184864	0.0869363692896228	0.5383071279501895	0.5002823263692828	-0.707303872829337	9.0303827258835e-5	NS	0.9552699190036574	0.07718196907094015	0.26896986947106816	Non-significant
AADACL2	-0.04277855869047408	0.9581235347075835	0.8357149272511781	1.0984615421194273	0.06974064959793808	0.539615258334979	0.54686617730096	1.86862433354551	3.52380272273199e-5	Up	0.9560730683661278	-0.06171641447912446	0.2679157785757534	Non-significant
TRIM29	-0.04447542886848106	0.9564991020701192	0.8297675975726043	1.102586477150178	0.07251877716981532	0.539681067090671	0.549901185770751	0.554137237710859	1.0317198155796e-4	NS	0.9560730683661278	-0.06416448066996748	0.2678628174402059	Non-significant
AK7	-0.0763730172351984	0.9264705526119222	0.7257434413770765	1.1827150421481611	0.12458682804221716	0.5398694846400544	0.5456662902315077	0.592479557505219	0.0054997123086218	NS	0.9560730683661278	-0.11018297322294801	0.26771121971707823	Non-significant
ADAMTS7	-0.05717593647630457	0.9444278954328776	0.786634887529468	1.133872987089403	0.09327474005675693	0.5398868255200415	0.5131987577639752	-0.62521943874146	1.4387316737005e-4	NS	0.9560730683661278	-0.08248744001254696	0.26769727018342965	Non-significant
RNF223	-0.04512217553692139	0.9558806894621921	0.8272863493935676	1.1044638814075662	0.07371677169272156	0.5404703448403323	0.5091050254093732	0.708427240241167	0.00152886379287521	NS	0.9566071361727947	-0.06509753888123775	0.26722813043505417	Non-significant
VSTM1	0.13164727190642986	1.1407058892835757	0.747692972112588	1.7402997946733365	0.21551932872235618	0.5413072140431119	0.5083286278938453	-1.15114557960407	1.4403026307225e-4	Down	0.9573869581081211	0.1899268663259672	0.2665561849942174	Non-significant
AKR1B15	0.0393090514042822	1.0400918758390567	0.916794076012629	1.179971749917269	0.06437947178312106	0.5414752645474461	0.4981648785996612	0.927188793586974	2.25390363597508e-5	NS	0.9573869581081211	0.05671097352300735	0.2664213778492137	Non-significant
MARCHF1	0.06729211730666723	1.0696078835169982	0.8612899158410575	1.3283111800566318	0.11052051483538851	0.542613660908133	0.4973178994918125	-0.580266543701979	2.50084584030567e-5	NS	0.9578368145571113	0.09708200392924736	0.26550927658559825	Non-significant
WFDC3	-0.08141220302352643	0.9218136387515334	0.7091647137896342	1.1982271086888971	0.13380616175336218	0.5428997424598861	0.5097402597402597	-0.585993316807216	0.0120456153020352	NS	0.9578368145571113	-0.11745298156988711	0.26528036436435487	Non-significant
SV2B	-0.04453541904888171	0.9564417232375335	0.8285834209721774	1.104029777564545	0.07321682444351879	0.5430100336845428	0.512210615471485	-1.89029636970742	1.10583925473939e-10	Down	0.9578368145571113	-0.06425102820573345	0.26519214548745057	Non-significant
CCL4	0.05262132027483224	1.0540304295833187	0.8896258681484376	1.2488172683196122	0.08651975195296537	0.5430547799187094	0.5227978543195935	-0.707708186351412	1.2905735595647e-4	NS	0.9578368145571113	0.0759165178055304	0.26515635933113263	Non-significant
IL17RB	-0.0754530704989898	0.9273232483301759	0.7271189391519733	1.1826516414172201	0.12409010755531422	0.5431538817873036	0.5212450592885376	-0.57711164057202	0.00192346968318964	NS	0.9578368145571113	-0.10885577062873798	0.2650771123202893	Non-significant
NIPAL4	0.03644453041033951	1.037116773980298	0.9220943215634262	1.1664871778492074	0.059976760262221415	0.5434234801127142	0.5360671936758894	0.722005237235483	5.9419023045941e-4	NS	0.9578368145571113	0.05257834329052388	0.26486160061985387	Non-significant
SORCS1	0.07400717155965982	1.0768145279081585	0.8468270921200551	1.3692636174536597	0.12258690473876688	0.5460352098240273	0.5202216261998871	-0.864434739382292	0.00372633608248132	NS	0.9610399703925981	0.10676977939933997	0.26277935191200846	Non-significant
IL27RA	-0.05396444174525178	0.9474657961329667	0.7951482825511107	1.1289610435449495	0.0894211436665562	0.5461851775277623	0.5150338791643139	-0.908156625473812	5.02987066553206e-8	NS	0.9610399703925981	-0.07785423249021604	0.262660089998645	Non-significant
LAMTOR4	-0.07204579612292666	0.9304882820796934	0.7362451609009603	1.1759784499338632	0.11946460363159975	0.5464605770260061	0.5085403726708074	0.60999709451623	8.17308503647488e-5	NS	0.9610399703925981	-0.10394011278344366	0.26244116362760384	Non-significant
GJA4	-0.0642303771731879	0.9377889294802608	0.7610624695084153	1.1555530741435533	0.10653739571404433	0.5465815774370926	0.514751552795031	-0.601113547564767	1.4077763938174e-4	NS	0.9610399703925981	-0.09266484662218588	0.26234501031669455	Non-significant
SRL	0.02726418237347015	1.0276392510824022	0.9404593475290387	1.12290066884852	0.04523095248987369	0.5466569828640478	0.5225155279503105	-1.09726377801441	0.00243061034588125	Down	0.9610399703925981	0.039333900704097785	0.2622850999511561	Non-significant
DMTN	0.04900243188983478	1.050222904763329	0.8952049235622153	1.2320845436155266	0.08148366765477442	0.5475886830684462	0.495412196499153	0.540523695365217	0.00249404263271327	NS	0.9613211852434392	0.07069556547896379	0.26154553594292906	Non-significant
CHST2	-0.03946464652749861	0.9613039388222204	0.8451621489417287	1.0934058795134582	0.06569617211507574	0.5480301257342087	0.5155985319028797	0.787146940990821	2.9600585403144e-4	NS	0.9613211852434392	-0.05693544983565805	0.2611955672811071	Non-significant
LRRN4	0.055548662815848464	1.0571204582789666	0.8818483422997787	1.2672288529766766	0.09249345881440942	0.5481273877723163	0.5200098814229249	-1.29379201948363	1.69040951807142e-5	Down	0.9613211852434392	0.08013978037243773	0.2611184973964616	Non-significant
FAM189A2	-0.047407495854878134	0.953698690134379	0.816983494313873	1.1132920039319643	0.07894476250074707	0.5481632207782213	0.5261857707509882	-0.560683202600555	0.0276475151381495	NS	0.9613211852434392	-0.06839455917079669	0.26109010697403395	Non-significant
LRRC17	-0.03757508823362395	0.9631220958686527	0.8519226249097664	1.0888361741169579	0.06259527462980538	0.5483154216294813	0.5143280632411067	-1.04879180746161	8.0162035497374e-5	Down	0.9613211852434392	-0.0542093934556145	0.2609695392078938	Non-significant
ATP8B2	-0.05322864190658342	0.948163197855478	0.7968328780352029	1.1282333781009086	0.08871676746798306	0.5485168920221922	0.5421372106154715	-0.522985389805709	0.00116898091001731	NS	0.9613211852434392	-0.07679269771188237	0.2608099934328173	Non-significant
FERMT3	-0.051806372873950846	0.949512700460065	0.8015113894412603	1.1248428658804954	0.08645552945799503	0.5490224045737062	0.528232636928289	-0.620143202996563	2.0956356233986e-4	NS	0.9617103865351498	-0.07474079723169345	0.26040993244573313	Non-significant
MFSD2B	-0.09645329053432265	0.9080523112474481	0.6618978677249014	1.2457495939608259	0.161324761714085	0.5499181774560606	0.49082439299830605	0.627797227795423	2.9823842113575e-4	NS	0.9626033441920077	-0.13915268393128977	0.25970192454727675	Non-significant
SPON1	-0.040335751534696346	0.9604669067720085	0.8414468151843635	1.0963220281510822	0.06749956593731582	0.5501265314994408	0.529785431959345	-0.556808676801539	0.0168824522605383	NS	0.9626033441920077	-0.0581921887096358	0.2595374093931787	Non-significant
PLPP4	-0.03982693369393834	0.9609557338210473	0.8432102668281439	1.0951431199209467	0.06669101706800999	0.550383285509135	0.5105166572557878	-0.923631482792582	3.0037230004962e-4	NS	0.9626033441920077	-0.05745811973405846	0.25933476358317953	Non-significant
HMGCR	0.08163680500319577	1.0850616492930671	0.8297728650707914	1.418892846858936	0.13685969706715626	0.5508412748369435	0.5245623941276115	0.528615308820294	4.61769435109976e-6	NS	0.9629080090271762	0.1177770137321299	0.25897352527363254	Non-significant
HTR1B	-0.10313094170945547	0.9020088551669387	0.6425117442020782	1.2663114443300783	0.1730844262611454	0.5512808947905606	0.5100578769057029	-0.778113507410151	0.00112143115789802	NS	0.962995519137156	-0.1487864981664401	0.25862705818426984	Non-significant
CEP85L	-0.08586542232380244	0.9177177272291974	0.6916941303541163	1.2175986319842733	0.1442608176191614	0.5517033797116083	0.5005646527385658	-0.514709974116828	3.8528180437087e-5	NS	0.962995519137156	-0.12387761897038631	0.2582943555644531	Non-significant
DLEU7	-0.11122165296182089	0.8947404050872446	0.6202980199521846	1.2906060744114538	0.18690832536561136	0.5518034192171588	0.5492306606437041	-0.58700701817314	9.2434677000871e-4	NS	0.962995519137156	-0.16045892716749233	0.25821561276849736	Non-significant
KRT16	-0.023740690314341166	0.9765389029247213	0.9030476993649179	1.056010916805471	0.03991869955064741	0.5520266091134006	0.536914172783738	0.781349908592024	0.00264196503802082	NS	0.962995519137156	-0.03425057618378064	0.2580399876465356	Non-significant
GPX2	0.02306208753523246	1.0233300736168602	0.948295399267701	1.1043019299443695	0.038853423225104024	0.5528021427058787	0.4888481084133258	3.09392862324963	2.7886103498531e-31	Up	0.9638528623849159	0.03327155931962696	0.2574302822700085	Non-significant
CHST4	-0.08863628633019931	0.9151783759340326	0.6823494253095805	1.2274524293726168	0.14978699328468126	0.5540187558428893	0.531444099378882	0.915838566722018	0.0189279491434547	NS	0.9654779859141877	-0.1278751307313928	0.25647553234523784	Non-significant
SLC41A2	-0.061032684656329744	0.9407924897942797	0.7683605784591572	1.151920769579627	0.10329958598997536	0.5546330976430304	0.5238565782044042	-0.576961192992364	1.101161238247e-4	NS	0.9656289738027752	-0.08805155148582684	0.2559942175298182	Non-significant
SERPING1	-0.043994480492475674	0.9569592394021922	0.826981854517093	1.1073652715294178	0.07447996299511864	0.5547289489205028	0.5200451722190853	-0.558419183513796	0.00112143115789802	NS	0.9656289738027752	-0.06347061883298091	0.2559191695666718	Non-significant
GPR149	0.07480833128242795	1.077677574009535	0.8406687601736469	1.381506020615281	0.12671962039925133	0.5549591803464226	0.5038466967814794	2.2167381772382	1.9434663747434e-4	Up	0.9656289738027752	0.1079256085583375	0.2557389599444631	Non-significant
CLVS1	-0.10733224266470699	0.8982271940128747	0.6286751572246922	1.2833529093561475	0.18204842488849726	0.5554717760675713	0.5041643139469226	0.591113890070616	0.0129523478027291	NS	0.9660254926690257	-0.15484769421986358	0.2553380029868623	Non-significant
TRO	-0.04768891976915595	0.9534303342786086	0.8132191042620128	1.1178160935453592	0.08115750406202883	0.5567944380841264	0.5270327498588367	-0.587660875717079	0.00707851617820119	NS	0.9669444165661559	-0.06880056805631289	0.25430511161846614	Non-significant
CALML6	-0.07687827821908992	0.9260025614277622	0.7162560215416589	1.1971707294343543	0.13104288025514108	0.5574286833089244	0.541113777526821	-0.822055326194701	0.00464551139537338	NS	0.9669444165661559	-0.110911910738763	0.25381068778940563	Non-significant
FBLN2	-0.04006718704652395	0.960724888716076	0.8402558260242059	1.098465828158301	0.06835926207407851	0.5577903911508745	0.5273856578204404	-0.687445721490746	6.8122444216767e-4	NS	0.9669444165661559	-0.05780473205439069	0.2535289714362228	Non-significant
FBLN1	-0.04846454203558323	0.9526911191947529	0.8100388620302318	1.1204652160980855	0.08276096596434786	0.5581466194886527	0.5196922642574817	-0.612730223623849	0.00119525423569825	NS	0.9669444165661559	-0.06991955445369061	0.2532517012943159	Non-significant
PCYT1B	-0.04537456460546952	0.95563946606769	0.820945587716193	1.1124327882030787	0.07751360940234725	0.5582952870296426	0.5477837380011292	0.686976766599204	0.0442627598605226	NS	0.9669444165661559	-0.06546165933880668	0.25313603832485065	Non-significant
MYH14	0.030740646736903465	1.0312180194432339	0.9303263050913595	1.1430512045125902	0.05253185070400096	0.5584259446878965	0.48708356860530777	0.692898484609061	0.00350529174269088	NS	0.9669444165661559	0.04434937860105008	0.2530344124245895	Non-significant
TMIGD3	0.07954153339821371	1.0827905305658205	0.8294740489244994	1.4134683714375358	0.1359744314405436	0.5585650690045971	0.5229390175042349	-0.61710817721198	3.985709301495e-4	NS	0.9669444165661559	0.11475417577830688	0.25292622726891073	Non-significant
GZMB	-0.03756287362454948	0.9631338601003924	0.8492153548518052	1.0923340318472696	0.06422546288371297	0.5586421767960631	0.512987012987013	-0.650871359150407	0.00714219916784987	NS	0.9669444165661559	-0.054191771499676314	0.25286627869889483	Non-significant
CGB7	-0.09916512943279852	0.9055931555920052	0.6492947558145583	1.263061123027628	0.16974973487645525	0.5590963256047639	0.48016657255787687	-0.532750886486189	0.00596814600746163	NS	0.9669444165661559	-0.14306504046181054	0.25251336192630136	Non-significant
LCK	-0.04992923653819963	0.9512967391694395	0.8045355248542809	1.1248297408847394	0.08549183588434499	0.5592045383409919	0.5273150762281197	-0.779496740344767	4.84780638306698e-6	NS	0.9669444165661559	-0.07203266194903263	0.25242931264068	Non-significant
NKX1-2	0.04916898115019724	1.0503978331780277	0.8903443281452447	1.2392234926048802	0.08434644104412374	0.5599331587747455	0.49971767363071706	0.803039990829444	0.00228486350303425	NS	0.9669444165661559	0.07093584527095252	0.25186381318640166	Non-significant
TMPRSS3	0.04534300530144326	1.046386714551127	0.898401502760125	1.2187481354663863	0.07779796432808174	0.5600075936343331	0.5087521174477696	-1.35355563836817	3.06229664758744e-7	Down	0.9669444165661559	0.06541612888739409	0.25180608397392645	Non-significant
SLC27A5	-0.05425209898957214	0.9471932899290342	0.7891719356391262	1.1368563528047821	0.09312363310457111	0.5601751119715566	0.5292913608131	0.681311985951969	0.00144064121044514	NS	0.9669444165661559	-0.07826923417007282	0.2516761903598722	Non-significant
DAPL1	-0.027507361805310656	0.9728675204658124	0.8868185571349293	1.0672659077355011	0.047249599702497806	0.5604512897895156	0.5527597402597403	1.23372890894194	2.844058566245e-4	Up	0.9669444165661559	-0.03968473446446012	0.25146212703849485	Non-significant
PYCARD	-0.057710922647689934	0.9439227746973022	0.77717849110236	1.1464421812915357	0.09917239071878235	0.56061700204358	0.4949181253529079	0.53553815222428	7.0829305944336e-4	NS	0.9669444165661559	-0.08325926190894879	0.25133373536321096	Non-significant
PCARE	0.08374887842827507	1.0873558010227393	0.8200875853192867	1.4417272730174044	0.14392765056713847	0.5606463095268974	0.47127329192546585	1.00568434485098	1.8009923367748e-4	Up	0.9669444165661559	0.12082409158848499	0.25131103226010437	Non-significant
ZNF334	-0.05613955450678993	0.9454071908496132	0.7823288696763765	1.1424795775207557	0.096604082713451	0.5611526740833346	0.5357142857142857	-0.651032925642087	0.0131913944877667	NS	0.9669444165661559	-0.08099225688466144	0.250918963180277	Non-significant
CLDN20	0.06255180996007666	1.0645496117619988	0.8616551931720299	1.3152196898282549	0.10788560804791045	0.5620511578877361	0.4840132693393563	1.96269690014629	1.2037635600310698e-11	Up	0.9669444165661559	0.0902431860280315	0.2502241531547883	Non-significant
ESRRB	-0.07050267690576716	0.9319252448463988	0.7339221682794524	1.1833470898120237	0.1218642886985091	0.5629034140301608	0.5227625635234331	-0.620138994229573	0.0260474638746758	NS	0.9669444165661559	-0.10171386234134709	0.24956611731961026	Non-significant
CEACAM6	-0.025147425543964	0.9751661370323323	0.8954608872407442	1.0619659756941449	0.04350554937248628	0.5632452177383338	0.5335968379446641	1.25504342912264	8.49687858359595e-6	Up	0.9669444165661559	-0.036280066123401254	0.24930248698747765	Non-significant
RABGGTA	-0.07649296361923827	0.926359432483579	0.7146116893397156	1.200850491186621	0.13241213311893837	0.5634744596754995	0.4981648785996612	0.514747649726385	7.90869504048645e-7	NS	0.9669444165661559	-0.11035601927637496	0.24912576422013563	Non-significant
DIRAS2	0.056267111519398345	1.0578802179932236	0.8740027199642871	1.280442875128717	0.09741959764039504	0.5635511767578485	0.4754023150762281	2.90310506581172	2.1930967066069e-19	Up	0.9669444165661559	0.08117628275418212	0.24906663902456547	Non-significant
ICAM3	-0.06423551410853459	0.9377841121315345	0.7540558697496813	1.1662783571438435	0.11125372890496042	0.5636837766910284	0.5421372106154715	-0.89288369143905	1.81414531687524e-5	NS	0.9669444165661559	-0.09267225765333592	0.24896446437256375	Non-significant
FPR3	0.044350848149617934	1.0453490493373128	0.8992165517122989	1.2152296717287812	0.07682908573634732	0.5637595217949489	0.5107989836250706	-0.641077086482386	6.9328458077479e-4	NS	0.9669444165661559	0.06398474868467333	0.24890610989787304	Non-significant
NEBL	0.046355694751180135	1.0474469160741398	0.8948128934230437	1.2261167111664817	0.08035674950368936	0.5640247837349667	0.48454263128176167	0.563245862380301	0.00143759264199215	NS	0.9669444165661559	0.06687713093449024	0.2487018123236504	Non-significant
MYADML2	0.042849862853471504	1.0437811727591249	0.9022985295647497	1.2074486446652604	0.07431754544354113	0.5642245540780214	0.5153514963297572	-1.17654122787205	0.00477096524901947	Down	0.9669444165661559	0.06181928464147542	0.24854801802369286	Non-significant
LILRB5	-0.048541055601657196	0.9526182281884673	0.8074921609891309	1.1238269948841642	0.08432852715044846	0.5648731114220154	0.5201863354037267	-0.79020098881655	2.0578686012353e-4	NS	0.9669444165661559	-0.07002994019602624	0.24804909766404962	Non-significant
ACBD7	0.05224370888209037	1.0536324908226447	0.8819013707707939	1.2588045131927301	0.09077654693482849	0.5649397385100264	0.5224449463579899	-1.36989260140515	1.15585892665532e-7	Down	0.9669444165661559	0.07537173972183833	0.2479978754165707	Non-significant
ANK2	0.040068687033578805	1.0408822668522657	0.9081094499914613	1.1930675244682218	0.06962324620091975	0.5649482492429916	0.4969649915302089	-0.706885793480141	0.0050972580525258	NS	0.9669444165661559	0.05780689607827617	0.2479913328842067	Non-significant
MAOA	-0.039747999365035834	0.9610315892107593	0.839207075450474	1.1005409063849854	0.06915932764822687	0.565473337932827	0.5153162055335969	0.663819123795113	6.3229297278097e-4	NS	0.9669444165661559	-0.05734424156919483	0.24758786724007226	Non-significant
MYL7	-0.06471015237436165	0.9373391095228196	0.7516451584272672	1.1689087548696697	0.11264532387110532	0.5656570437577021	0.5273856578204404	-1.59380316726707	3.1651789684793e-4	Down	0.9669444165661559	-0.0933570159256608	0.24744680051950732	Non-significant
COL6A3	-0.03512840195969802	0.9654814385894821	0.8564142266669291	1.088438724200857	0.06116066887714779	0.5657224430169501	0.5141869000564653	-0.795586242267161	4.7903804578277e-4	NS	0.9669444165661559	-0.050679571301610465	0.24739659183572685	Non-significant
TVP23A	-0.11212277510851003	0.8939344978576438	0.60965818551778606	1.3107654509408442	0.19527606547418805	0.5658488991289641	0.53027950310559	-0.739420333785774	1.77811221037553e-7	NS	0.9669444165661559	-0.16175897161975591	0.2472995247046786	Non-significant
FAM117B	-0.07056121477259611	0.931870693527196	0.7322268186394016	1.1859480796789936	0.1230143709874042	0.5662375677287816	0.5455957086391869	0.519212189658413	7.30837506199299e-5	NS	0.9669444165661559	-0.10179831463152543	0.24700132021277207	Non-significant
ZDHHC11	0.05319809475661895	1.0546385427933616	0.8791926013391005	1.2650953320708285	0.09283302516747734	0.5666098942864731	0.49872953133822695	0.755887634581341	0.0018334658147213	NS	0.9669444165661559	0.07674862749011546	0.24671584598836757	Non-significant
SHC3	-0.055484876328811744	0.9460263309534098	0.7825000332382416	1.1437262374974078	0.09682649235341279	0.5666216445156195	0.5239977413890458	-1.03010955269368	4.22608788832426e-7	Down	0.9669444165661559	-0.08004775592391414	0.24670683978000713	Non-significant
FDXR	-0.06533792726424242	0.9367508562312	0.749150061993279	1.1713302997200565	0.1140215025582209	0.5666232791158117	0.4932241671372106	0.60613564101532	3.37477835645619e-6	NS	0.9669444165661559	-0.09426270364608631	0.24670558692137295	Non-significant
KMO	0.07480570388738414	1.077674742528538	0.8342756534310121	1.3920852729043325	0.1306131732206294	0.5668294855732638	0.5060700169395822	-0.721365243725561	4.52652223050495e-5	NS	0.9669444165661559	0.10792181802853743	0.2465475665249661	Non-significant
SRRM3	-0.04298389780929229	0.9579268146630991	0.8264572029062747	1.1103101032016243	0.0753193668529231	0.5682108036957813	0.5485601355166573	0.823961624043409	4.30234552203693e-5	NS	0.9681539725554369	-0.06201265620754401	0.24549051306141792	Non-significant
FYB1	0.03638069323674422	1.037050569489935	0.9152206071541008	1.1750979766764746	0.06376180188735925	0.5682898625773937	0.5105872388481084	-0.576744608633428	0.00829407274750898	NS	0.9681539725554369	0.052486245716753484	0.24543009103597788	Non-significant
GJB6	0.026935523296791147	1.0273015636100484	0.9364483444872381	1.1269692651050787	0.047243949733413386	0.5685847884400201	0.5141163184641446	0.74462345283403	0.00354443093579944	NS	0.9681539725554369	0.03885974588402985	0.2452047633317004	Non-significant
CDH20	0.06788710170502181	1.070244472881638	0.8472279063195414	1.3519658915740274	0.1192229292553214	0.5690758062052763	0.5023291925465838	-0.877719880209003	6.5045455969659e-4	NS	0.9681539725554369	0.09794038497015958	0.24482987767562303	Non-significant
FIBCD1	0.03951076794479796	1.040301700735934	0.9079762876993747	1.1919117748066081	0.06941340994441658	0.5692140176227731	0.5011293054771315	0.850309674276498	0.0035185765891253	NS	0.9681539725554369	0.05700198897567456	0.2447244133993142	Non-significant
KLF4	-0.04998710881378809	0.9512416870553948	0.8007653007211752	1.1299949515508092	0.08785889701657783	0.569391699267116	0.5315499717673631	0.673403016308564	1.57320251984743e-5	NS	0.9681539725554369	-0.07211615399402901	0.24458886839518273	Non-significant
DOK2	-0.05107444353174395	0.9502079310651321	0.7967825976949992	1.133176245152757	0.08984806407146884	0.5697270939696736	0.53027950310559	-0.711997708512669	3.09355238149576e-5	NS	0.9681539725554369	-0.07368484639941036	0.24433312672248922	Non-significant
CREB3L1	-0.03936623446998319	0.9613985473759724	0.8393095759626517	1.1012470170336286	0.06929179571475956	0.569951729439188	0.5083286278938453	-0.905004323835235	2.11037604872716e-5	NS	0.9681539725554369	-0.05679347124831695	0.24416192419751565	Non-significant
SULF2	-0.05279119907849711	0.9485780557779312	0.7905799447455308	1.1381522310094327	0.092959512486883	0.5701065833085066	0.5079757199322417	-0.584077204308674	5.50562823384119e-5	NS	0.9681539725554369	-0.0761616011131298	0.24404394394929846	Non-significant
TMPRSS11E	0.0236591842894231	1.0239412831397345	0.9435485157466689	1.1111837216851106	0.04171845982619136	0.5706357276361278	0.5136222473178995	1.83811317505193	1.4522429585427e-9	Up	0.9685677958326071	0.03413298784582891	0.24364104054877847	Non-significant
FILIP1	0.04721911938040314	1.0483516980886096	0.8902542950163806	1.2345251115750575	0.08340319158912932	0.5712885360906883	0.5044466403162056	-0.820394080736055	4.9248659588715e-4	NS	0.9689700717590379	0.06812278936525142	0.24314449073466907	Non-significant
MAGEL2	-0.06806884592841737	0.9341961557615618	0.7379351425778261	1.1826546902089552	0.12032389210272748	0.5715885803005452	0.5143633540372671	-0.711459715059646	0.00564826961684678	NS	0.9689700717590379	-0.09820258645996258	0.24291645651157937	Non-significant
CDH15	0.038651875276498	1.0394085768360413	0.9090888354703467	1.188409919302727	0.06835040700887186	0.5717365087399081	0.529785431959345	-0.80188456570159	0.00817953343354029	NS	0.9689700717590379	0.05576286878246226	0.2428040746424046	Non-significant
FFAR2	0.047284408374111624	1.0484201461504588	0.8897290301772715	1.2354152394410973	0.08373762617941871	0.5722959439996506	0.5256916996047432	0.696417480956864	0.00262455504157913	NS	0.9689700717590379	0.068216981472699445	0.24237933203117487	Non-significant
ITGA9	-0.05696730742203455	0.9446249510865806	0.7751478493279926	1.1511562587561976	0.10088664313983954	0.5723006259372567	0.5316205533596838	-0.728084522124926	1.01398458782613e-5	NS	0.9689700717590379	-0.08218645191056623	0.2423757790943229	Non-significant
ARHGAP40	0.03749399221996352	1.0382057597512517	0.9113176018649054	1.1827613088729283	0.06651030620926442	0.5729364921924723	0.5486307171089779	1.04541152809485	1.7940527636667e-4	Up	0.969154112053512	0.05409239663887088	0.24189351523843808	Non-significant
SUSD3	-0.05893120485425257	0.9427716250375403	0.7680285885024258	1.1572724639183365	0.10459228775502435	0.5731370877425875	0.5443252399774139	-0.648253096063865	8.66802981785526e-5	NS	0.969154112053512	-0.08501975699684178	0.24174148740545387	Non-significant
ARHGEF17	0.06689535481681486	1.0691835874079245	0.847115223626284	1.3494664146028807	0.11878479038205061	0.5733230015435786	0.5218097120271034	-0.665537730979901	1.08904954873648e-7	NS	0.969154112053512	0.09650959665272636	0.2416006341139309	Non-significant
GOLGA7B	-0.03268482733666088	0.9678435493534345	0.8637215998698888	1.0845174372924815	0.05807247379891418	0.5735518588280142	0.5064229249011858	0.512320301604243	0.0192111944508207	NS	0.969154112053512	-0.04715423831091263	0.24142730839108653	Non-significant
RBP7	-0.04819344911869554	0.9529494220195996	0.8051430656028992	1.1278897375182448	0.08599231838902499	0.5751800347781346	0.5210333145115753	0.642230602374221	0.00557558527774059	NS	0.9694207018960088	-0.06952845004687656	0.24019619727081237	Non-significant
DOCK8	-0.05072681724513331	0.95053830573985	0.7959737106413814	1.1351167238309186	0.09054365522542963	0.5753109272664527	0.5217391304347826	-0.556781945793777	7.4716717426174e-4	NS	0.9694207018960088	-0.07318332767963454	0.24009737704967238	Non-significant
VEGFC	0.03653082307066305	1.037206273407307	0.9127650566659619	1.1786131006428036	0.06520915012970968	0.5753361537957911	0.5489130434782609	-0.662188361288089	0.00148860107860328	NS	0.9694207018960088	0.05270283728363759	0.24007833429942987	Non-significant
CRYBB1	0.1377974662126125	1.1477430699815052	0.7084424530164561	1.8594511792476822	0.24616978518863075	0.5756390846395741	0.5063170525127048	-0.666273622960826	3.8251091544295e-4	NS	0.9694207018960088	0.1987997211520006	0.2398497260852863	Non-significant
ILK	-0.14772729810968957	0.8626663336081825	0.5139672486275094	1.4479389593953047	0.26422344499990963	0.5760935522164692	0.5059288537549407	-0.595539795704323	6.06344249488767e-5	NS	0.9694207018960088	-0.2131254403867746	0.23950698547904242	Non-significant
RANBP3L	0.06059743467845762	1.062471114058564	0.8588497825807268	1.3143682295835495	0.10855234249579632	0.5766856990472105	0.5181747600225861	-1.48489036999496	1.13034934577635e-5	Down	0.9694207018960088	0.08742361850120381	0.23906081831667586	Non-significant
GASK1B	0.04370292188725702	1.0446719596107084	0.8958556843928198	1.2182090510890153	0.07840902618881755	0.5772739354077139	0.5170101637492942	-0.721384341027701	6.38870247365311e-5	NS	0.9694207018960088	0.06304998867910351	0.23861805096169827	Non-significant
FAM89A	-0.056186952504984324	0.9453623815032334	0.7756402270558653	1.152222385053136	0.10096080350968595	0.5778537598777785	0.5169395821569734	0.659604519346062	3.07044464581866e-6	NS	0.9694207018960088	-0.08106063774160462	0.23818205658636046	Non-significant
ALDH1A1	0.02800046786862136	1.0283961655756086	0.9318208552319259	1.1349806858608926	0.05031478477929712	0.5778651534903317	0.4658385093167702	1.01384178302822	4.0092234434598e-4	Up	0.9694207018960088	0.04039613613663074	0.23817349363389215	Non-significant
LAG3	-0.03688767027274439	0.9637843909065448	0.8460355359234558	1.0979212015500244	0.06648399989771439	0.5790073171483563	0.5186335403726707	-1.07797900560968	5.5903409369535e-6	Down	0.9694207018960088	-0.05321765897243552	0.23731594788383362	Non-significant
RTL5	-0.0555518045252186	0.9459630172360858	0.7772640127882314	1.1512768058929848	0.10021786040670976	0.5793664187533347	0.5551242236024845	-0.578369705616436	0.00324085286935865	NS	0.9694207018960088	-0.08014431290096599	0.23704668098724038	Non-significant
APBB1IP	-0.04826907680056767	0.9528773553890213	0.8029589320095669	1.1307866669354856	0.08733968281762834	0.5804968153500961	0.5385375494071146	-0.833434876397666	1.50018062441396e-6	NS	0.9694207018960088	-0.06963755772846753	0.23620015849159834	Non-significant
SCN2A	0.03778102339565091	1.0385037999424456	0.908245144638415	1.1874438843537785	0.06837981625711595	0.5805940656623215	0.5141163184641446	0.918100607027256	0.0163422380645978	NS	0.9694207018960088	0.0545064950926156	0.23612740746968902	Non-significant
GRAP	-0.11009115067135589	0.8957524831350536	0.6058116799615527	1.3244586355507975	0.199541906260193	0.5811405823645122	0.5153162055335969	-0.634497585344033	6.41642893792572e-6	NS	0.9694207018960088	-0.15882795711932485	0.2357187957338827	Non-significant
DPYSL5	-0.06398975057951352	0.9380146135876573	0.747144939988539	1.177644882822199	0.11607679245630449	0.5814480266146395	0.530067758328628	-0.835578284090055	0.0150004071656425	NS	0.9694207018960088	-0.09231769582878585	0.23548909910103352	Non-significant
DHRS9	0.03133635795679485	1.0318325105990362	0.9230000676023523	1.1534975644094925	0.05686958029499414	0.5816189781512222	0.5191981931112366	1.36754911590704	1.42340834482529e-7	Up	0.9694207018960088	0.04520880822378926	0.23536143094564574	Non-significant
CCSER1	0.05489826705650465	1.0564331351560377	0.8689232857788484	1.2844067909346644	0.09969504794314037	0.5818654497229313	0.47314370412196505	1.14664825461046	3.80023980936261e-5	Up	0.9694207018960088	0.07920145763581728	0.23517742978056602	Non-significant
KCNA6	-0.07796392945173762	0.9249977911192635	0.7007704963296327	1.220971656279668	0.14164082246942353	0.5820217097514301	0.5157396950875212	-0.945476362653542	0.00328638371370153	NS	0.9694207018960088	-0.11247817438823894	0.23506081560886669	Non-significant
SLC39A4	-0.05175696087388558	0.9495596189408405	0.7891619429020554	1.142558226524846	0.09440314666824548	0.5835170855674663	0.49421230942970074	0.51062448087657	0.00190723828093229	NS	0.9694207018960088	-0.07466951078423889	0.2339464231506808	Non-significant
SPATA9	0.16007597677684443	1.1736000339524943	0.6619120728065636	2.080845925431258	0.2921984963472117	0.5838065820372171	0.5073757763975155	-0.751619706773942	4.25025482061482e-6	NS	0.9694207018960088	0.2309408178614103	0.23373101293428583	Non-significant
NAA20	0.08364920795271374	1.0872474291537746	0.8060132792154502	1.4666097974863648	0.15270906581519	0.5838509061805085	0.5225861095426313	0.769546311715791	2.4956059948899696e-19	NS	0.9694207018960088	0.12068029748766963	0.23369804139759806	Non-significant
HAL	-0.029816761030669825	0.9706233732809537	0.8723042845336773	1.0800241950696567	0.05449090166990792	0.5842496611116954	0.48927159796725017	1.23933406908478	2.5643148408088e-4	Up	0.9694207018960088	-0.04301649327431865	0.23340153084393123	Non-significant
SERPINF1	0.04218058547285539	1.0430828273493453	0.8964318692796012	1.213725015806801	0.077304262646949215	0.5853108650717883	0.5199040090344438	-0.846552492193235	3.16449925986109e-6	NS	0.9694207018960088	0.06085372148348164	0.2326134140424451	Non-significant
LMOD1	0.049297317425301516	1.0505326459738162	0.8799996930402966	1.2541127559304857	0.0903746391006565	0.5854252635895001	0.5007763975155279	-0.618469212644231	0.00275181638798932	NS	0.9694207018960088	0.07112099537861144	0.23252853984420016	Non-significant
NMUR1	-0.11508486188889777	0.8912905041016737	0.5893062617277725	1.3480236242064314	0.21108775613457278	0.5856165669202195	0.5501129305477132	-0.705600462886288	0.00648503785670678	NS	0.9694207018960088	-0.16603235952850412	0.23238664571287942	Non-significant
DSC2	-0.036407250952601077	0.964247522788233	0.8458627404635194	1.099201135983059	0.06683333364017718	0.5859276074236701	0.5177159796725015	0.793129082248809	8.37724379149137e-5	NS	0.9694207018960088	-0.05252456040171755	0.23215603865523843	Non-significant
SH3KBP1	-0.05406742515498732	0.947368227898714	0.7798711974320012	1.1508394747585295	0.09926666041381922	0.5859815185209557	0.50042348955392435	-0.718408908676731	8.79670741934705e-8	NS	0.9694207018960088	-0.07800280614473541	0.2321160811336821	Non-significant
SYTL3	-0.06820177548610835	0.934071981733162	0.7306725574461291	1.1940922895865609	0.12530234426128725	0.5862366420473026	0.49738848108413325	-0.643933638167234	3.16449925986109e-6	NS	0.9694207018960088	-0.09839436327363091	0.23192703997193811	Non-significant
NID2	0.03372558288720585	1.0343007379584037	0.9159483043836161	1.167945845220164	0.06200161636069229	0.5864780595497933	0.5152456239412762	-0.736797180164659	0.00130911481745749	NS	0.9694207018960088	0.04865573118246148	0.2317482304277159	Non-significant
CTHRC1	0.03654336661624773	1.037219283733076	0.9091168012287082	1.1833725227536613	0.06725892236510408	0.5869069485980029	0.5144692264257482	-0.87272811321385	1.39293294230918e-5	NS	0.9694207018960088	0.05272093379464792	0.23143074869071092	Non-significant
SYNPO2L	0.026176024490296403	1.0265216255170933	0.9340158798620953	1.1281892207334183	0.04818346874705801	0.5869526115671896	0.527738565782044	-0.797954400658275	0.0238068282204878	NS	0.9694207018960088	0.03776402072233872	0.23139696070409294	Non-significant
SLC52A3	0.04988948785805084	1.0511549245747098	0.8778729381513064	1.2586407752635649	0.09191133228269328	0.5872673881521846	0.5065640880858272	0.704720187145593	1.71606488792728e-5	NS	0.9694207018960088	0.07197531672530011	0.23116411551800678	Non-significant
IRF8	-0.03940738263275617	0.9613589884059504	0.8338372801850175	1.1083830461308255	0.07260828354039243	0.5873091819593107	0.5206098249576511	-0.86585085984202	1.32479117379085e-5	NS	0.9694207018960088	-0.05685283549869118	0.23113320936802537	Non-significant
ASB9	-0.06877150539553771	0.9335399645550486	0.7282309126577541	1.1967314903466861	0.12671946521756697	0.587331746292961	0.5235036702428006	-1.04269318450394	1.20318246322228e-7	Down	0.9694207018960088	-0.0992163097886109	0.23111652415749392	Non-significant
MPIG6B	-0.06748184243032532	0.934744693153831	0.732368738736704	1.193043333453059	0.12448662827817251	0.5877626711056527	0.5185629587803501	0.540804252902455	0.00960775847204456	NS	0.9694207018960088	-0.0973557194242808	0.2307979994944788	Non-significant
BTBD19	-0.07038990597543232	0.9320303448492638	0.7225184867470963	1.2022952763891044	0.12991175764589558	0.5879365860553843	0.4918831168831169	-0.52929740322208	2.9296231232471e-4	NS	0.9694207018960088	-0.1015511682793966	0.23066951373916375	Non-significant
GAMT	-0.04355670850100475	0.9573782610654639	0.8178003377868737	1.1207786209053865	0.08039961486551409	0.5879888792625723	0.5513128176171654	0.629220955447347	0.00190443088606958	NS	0.9694207018960088	-0.06283904735184571	0.2306308877343573	Non-significant
ZNF781	0.12253389636882231	1.1303574344371472	0.7252131562436539	1.7618377694709813	0.22644475031032926	0.5884245296152922	0.4971767363071711	-0.648615036219554	7.9290544991452e-4	NS	0.9694207018960088	0.1767790446321021	0.23030923116117222	Non-significant
TNS3	0.05009529269036774	1.0513712796003922	0.8768726243411673	1.2605953668574015	0.09259804337435608	0.5885094344972415	0.5107989836250706	-0.709845941409698	4.15569936331015e-7	NS	0.9694207018960088	0.07227223033627467	0.23024657051426162	Non-significant
NOTUM	-0.04775185997708576	0.9533703270635756	0.8018625441553174	1.133504722411945	0.08830071293164948	0.5886545421871144	0.5311264822134387	0.522794698720303	0.0207752545900764	NS	0.9694207018960088	-0.06889137158216573	0.2301395005213618	Non-significant
PI3	-0.017640727370400067	0.982513959329791	0.9216166220518593	1.047435188537195	0.03264612322312508	0.588947346650067	0.5016233766233766	1.86421456828278	1.58283208969058e-9	Up	0.9694207018960088	-0.025450189894950348	0.2299235304785775	Non-significant
SH2D6	-0.11688794738181756	0.8896848790983324	0.5818507550384969	1.360381811387086	0.21666385441020133	0.5895489080295958	0.4897656691134952	-0.643029027264378	0.0404659692959799	NS	0.9694207018960088	-0.1686336620274382	0.2294801607023755	Non-significant
GIMAP4	-0.04719654450660661	0.9538998953804204	0.8034313774912787	1.1325485111721996	0.08758679179335639	0.5899871947365976	0.521880293619424	-0.859247811993158	1.1004909538093e-7	NS	0.9694207018960088	-0.06809022070677662	0.22915741431647643	Non-significant
DNM3	0.060766870020193826	1.062651149466609	0.8517967197736465	1.3257006504589295	0.11284607482593231	0.5902364389321573	0.5294325239977413	-0.634819400868716	1.8170727058287e-4	NS	0.9694207018960088	0.08766806202847784	0.22897398233409744	Non-significant
AXL	0.044807649574974906	1.0458266753548628	0.8882711021901616	1.231328399839866	0.08331068233235117	0.5906889048544378	0.5206098249576511	-0.983453997607338	7.68092164273881e-9	NS	0.9694207018960088	0.06464377383570664	0.2286411865922748	Non-significant
GALNT8	-0.07705148964451607	0.9258421810944031	0.6990326925270877	1.226242711474364	0.14337318439983415	0.5909781436383131	0.5185276679841897	-0.767468396860498	0.00867194888957959	NS	0.9694207018960088	-0.11116180200325056	0.228428580494037	Non-significant
NAP1L3	-0.05741467063376899	0.9442024551461947	0.7657023530420315	1.1643144007096502	0.1069137437355516	0.5912547554749604	0.5278444381705252	-0.801184991727195	6.6238533815954e-4	NS	0.9694207018960088	-0.08283186059761175	0.2282253532000456	Non-significant
S100P	0.024418151933200873	1.0247187164288027	0.9372824210092372	1.1203116843574563	0.04550531793788779	0.5915439695169937	0.5404432523997742	0.849730437853449	0.00622947832779713	NS	0.9694207018960088	0.03522794670170217	0.22801296868796714	Non-significant
TMEM132E	-0.12148805888372553	0.8856016283577456	0.5677069548651246	1.3815054359096615	0.2268724642660698	0.5923106959007073	0.53027950310559	-0.639147972131139	0.00169133249921808	NS	0.9694207018960088	-0.17527022007877724	0.2274504248321025	Non-significant
EHF	-0.03810907537610279	0.9626079383417931	0.8372646554739507	1.106715823844384	0.07117783229017807	0.5923687836578979	0.530067758328628	0.618995947915996	6.9371277639898e-4	NS	0.9694207018960088	-0.054979774057967265	0.22740783577258128	Non-significant
FCGR1A	0.050945551341045274	1.0522655972727368	0.873225378235615	1.2680150105589194	0.09515845395899393	0.5923898905216813	0.5176453980801807	-0.864170394721126	3.5513916557621e-5	NS	0.9694207018960088	0.07349889427508	0.22739236157573062	Non-significant
PZP	-0.10534619746707613	0.9000128864639304	0.6119052123301911	1.3237723416613711	0.19685652178048477	0.5925516526983927	0.5197628458498024	-0.890484100367194	9.5676841545908e-5	NS	0.9694207018960088	-0.15198243666226013	0.22727378623914157	Non-significant
DHCR24	0.07030529375343976	1.0728356612887273	0.8292251882110072	1.3880142239962203	0.13141507606579914	0.5926591810838966	0.5093167701863355	0.588951322808281	2.58181529666439e-8	NS	0.9694207018960088	0.10142909864632932	0.22719498340800073	Non-significant
SOX11	-0.04288867159547378	0.958018038750168	0.8186314490524736	1.1211376787845446	0.08022220163822484	0.5929102528042063	0.4980237154150198	-1.05777670449502	7.7607823541756e-6	Down	0.9694207018960088	-0.061875273821105435	0.22701103962334204	Non-significant
GSTM2	-0.03857595222249104	0.9621586238786533	0.8351678747859053	1.1084588445662842	0.0722189670753499	0.5932359297349273	0.5614059853190287	1.40462274280413	4.7892122280587e-8	Up	0.9694207018960088	-0.05565333496895739	0.22677255350833925	Non-significant
OIT3	0.07973227833097324	1.082997087071943	0.8081968418201251	1.4512339444000877	0.14933025027818028	0.59338821483734006	0.514751552795031	-0.787015246427354	9.8533422530073e-4	NS	0.9694207018960088	0.11502936254687356	0.2266610833679085	Non-significant
OTOF	-0.06596945069209212	0.9361594628784654	0.7346538539087063	1.1929353331151304	0.1236687964587633	0.5937314525222102	0.5537831733483907	-0.715132545690025	0.00247492442915769	NS	0.9694207018960088	-0.09517379936365036	0.22640994400803952	Non-significant
RPS29	-0.06099039211030276	0.9408322791453466	0.7518737052968606	1.1772793372689363	0.11438808257638657	0.5939032106162591	0.5103754940711462	0.596795500851141	3.96632166274731e-5	NS	0.9694207018960088	-0.08799053623940721	0.2262843269385771	Non-significant
SLC16A6	0.05164675707866018	1.0530037107014814	0.8708991093691112	1.27318630002312	0.09687723882484003	0.5939536339408761	0.5175042348955392	0.707728175139971	1.3309871905221e-4	NS	0.9694207018960088	0.07451052031537996	0.22624745621336492	Non-significant
B3GAT1	-0.07375953215861054	0.9288950363711365	0.707982953648198	1.2187383667201819	0.13856159211592337	0.5945022563150486	0.5278091473743647	-0.724837698407941	0.00434684634242393	NS	0.9694207018960088	-0.10641251126351749	0.22584649276385055	Non-significant
HLA-DOA	-0.03437806822415481	0.9662061437352554	0.8513039758161286	1.09661688270253	0.06459707861450405	0.5945928113251304	0.5280914737436477	-1.28978836593921	1.9403444880656604e-9	Down	0.9694207018960088	-0.0495970685423306	0.22578034575452638	Non-significant
CFAP92	-0.06441331348655359	0.9376173895217088	0.7394705154872584	1.188859259052705	0.12112852934449429	0.5948807543671992	0.5428430265386788	0.755380220161106	1.62615533223659e-5	NS	0.9694207018960088	-0.09292876793427697	0.22557008117980615	Non-significant
ANGPTL2	-0.042717484416752	0.9581820531935706	0.818472490344217	1.1217394083411707	0.08040862454833933	0.5952420793409898	0.5057171089779786	-0.74641043473453506	2.77481364470756e-5	NS	0.9694207018960088	-0.061628302927299684	0.22530637487543492	Non-significant
MYLK4	0.060078723626420256	1.0619201414593735	0.8507471648794086	1.3255106021974705	0.11312402854212576	0.5953583534388649	0.47769621682665164	0.665065730816794	8.2068954046617e-4	NS	0.9694207018960088	0.0866752766387752	0.22522154843347225	Non-significant
MATN3	0.042795629659658975	1.0437245667074622	0.891071164815258	1.2225297082467395	0.08067832617515953	0.5958015862607758	0.5387492941840768	-0.61387641350609	0.00883347733135369	NS	0.9694207018960088	0.0617410426817106	0.2248983448548041	Non-significant
C1QC	0.03777302055308511	1.0384954889932863	0.9031054598167955	1.1941826604372254	0.0712711895521321	0.5961188369007757	0.5089638622247318	-0.906007182925979	1.48342253977973e-6	NS	0.9694207018960088	0.05449494943133284	0.22466715457916397	Non-significant
PDCD1	-0.045187443980681564	0.9558183026531376	0.8085504153433659	1.1299092924202538	0.0853713652946262	0.5965942656430322	0.5167278373800113	-0.987206489457675	4.62461750081483e-6	NS	0.9694207018960088	-0.06519170134137706	0.22432092531448072	Non-significant
MAP3K9	-0.05385960025583187	0.9475651350655374	0.7758040995350407	1.1573536228152088	0.10204046658205726	0.5976201847889293	0.497459062676454	0.592287519654436	2.5843127101295e-5	NS	0.9694207018960088	-0.07770297819335066	0.22357474252731416	Non-significant
CHRM5	-0.11994127661133883	0.8869725212199486	0.5681234242596589	1.38476996336575	0.2272874984117628	0.5977024920028957	0.5501835121400338	-0.60036500270268	0.00977448290429013	NS	0.9694207018960088	-0.17303868496507002	0.2235149334571828	Non-significant
LAMA4	-0.047399495592149156	0.9537063200049848	0.7996769408437793	1.1374039919892307	0.08987306022744108	0.597912416398411	0.5018351214003388	-0.611097657609248	1.5151243369473e-4	NS	0.9694207018960088	-0.06838301723143185	0.2233624278186442	Non-significant
SLC34A3	-0.08625570295455698	0.917359629659578	0.6657499592833614	1.2640611965414656	0.1635669915474615	0.5979562890754844	0.5178571428571428	0.772499244265145	7.0034735523305e-4	NS	0.9694207018960088	-0.12444067490093079	0.22333056201016432	Non-significant
ZNF366	-0.05454520360044638	0.9469157038912279	0.77315540122216	1.1597272021361391	0.10343557947421433	0.5979609576608945	0.5202569169960474	-0.596622245998559	0.00621450647140847	NS	0.9694207018960088	-0.07869209473864278	0.22332717123895926	Non-significant
IGSF10	-0.03763603800619113	0.9630633955848578	0.8372508334942964	1.107781642980896	0.07142760524793094	0.5982549367802695	0.5518421795595709	0.762854747047728	0.022724279227383	NS	0.9694207018960088	-0.05429732539024045	0.22311370891580673	Non-significant
GSTP1	0.053308997254692146	1.054755511328253	0.8650155107472095	1.2861147284125891	0.10118391946502645	0.5982960469329138	0.5494776962168266	0.685154026673228	7.51972897725286e-7	NS	0.9694207018960088	0.07690862597410769	0.22308386662292717	Non-significant
UGT1A6	0.04497719443783012	1.0460040049273405	0.8847253605081872	1.236682508677687	0.08543789835105008	0.598588487474316	0.4727202145680407	2.25480772233557	9.8763751826222e-9	Up	0.9694207018960088	0.0648883753685561	0.22287164010935448	Non-significant
HSD11B2	0.05795471869722847	1.0596670115211166	0.8539227207718294	1.3149833679225116	0.11013942122793627	0.5987533209456262	0.4940711462450593	0.573742964847737	1.4077403865403e-4	NS	0.9694207018960088	0.08361098526060626	0.22275206478512916	Non-significant
ZNF835	-0.10392641800040883	0.9012916138204878	0.6118498135605515	1.3276568124062165	0.19762710657936	0.5989776500976415	0.5288325804630152	-0.518496292194846	0.0111329181360124	NS	0.9694207018960088	-0.1499341278665434	0.2225893823191249	Non-significant
CASQ1	0.023494405600573184	1.023772573337911	0.9379381785666542	1.1174620096184142	0.04467717067795987	0.5989781943115131	0.5157396950875212	-1.44566418005624	3.3804135919113e-4	Down	0.9694207018960088	0.03389526244858078	0.22258898773182434	Non-significant
FOXI3	0.04086464701797038	1.0417110972993187	0.8945427280429561	1.2130913104739263	0.07770921194351717	0.598981183350126	0.5148927159796726	1.47991334793765	7.7908478731152e-4	Up	0.9694207018960088	0.05895522360050376	0.22258682050812717	Non-significant
TMEM169	-0.07895314449258901	0.924083221818967	0.6883495408956058	1.240546771827989	0.15026060390264273	0.5992763688308561	0.5130928853754941	-0.709769669731601	1.269813969731e-4	NS	0.9694207018960088	-0.11390531002204797	0.22237284743067148	Non-significant
HOXD11	-0.04561243449263243	0.9554121752496204	0.805928491994574	1.132622104420347	0.0868117102510596	0.5992926486949891	0.5375141163184641	0.82757806271129	9.13334062214137e-5	NS	0.9694207018960088	-0.06580483304539342	0.22236104960333547	Non-significant
SLC16A14	0.04683362167875672	1.0479476388054458	0.8799147026781876	1.2480689893410648	0.08916690716760173	0.5994195157742412	0.4750846979107849	0.873880082618892	2.72674454349934e-6	NS	0.9694207018960088	0.06756663374281219	0.22226912149199526	Non-significant
PDE1B	0.08353943495941053	1.0871280852995011	0.7957761889365705	1.485150586657176	0.15917472962323662	0.5997024157331553	0.5113636363636364	-0.645272041235199	1.43446285409125e-6	NS	0.9694207018960088	0.12052192853460761	0.2220642017250587	Non-significant
SLCO2A1	-0.038558559846269644	0.9621753582489492	0.8329051134793953	1.1115088682240346	0.07361206327448434	0.600412351213607	0.5003529079616036	-0.575592300677965	0.00433439256788279	NS	0.9694207018960088	-0.05562824307403358	0.22155038237023741	Non-significant
GPC3	0.027347051506683595	1.027724414185043	0.9276768062315013	1.1385619047679534	0.05225551505913394	0.6007423266198585	0.4721908526256352	1.01124868768846	7.8587932187616e-4	Up	0.9694207018960088	0.039453455591627606	0.22131176780319045	Non-significant
PCDH10	-0.04142536110898314	0.9594209427842768	0.8215369982880071	1.1204468543367707	0.0791611198756821	0.6007624503569651	0.5149632975719932	-0.992254896077416	0.00846223988802453	NS	0.9694207018960088	-0.059764163038964466	0.22129721999922172	Non-significant
PRPH2	-0.07567206801539436	0.927120189077435	0.6981413443430557	1.2312003177577295	0.14472798065842268	0.6010736246402854	0.5429841897233202	-0.647531062840017	0.00259335218251904	NS	0.9694207018960088	-0.10917171725962176	0.22107232863510395	Non-significant
HHIPL2	-0.0447637887507709	0.956223325864944	0.8084969674666469	1.130941841121915	0.08562124781844377	0.6011053080067326	0.5260093167701864	1.48962269106817	1.15531939004184e-5	Up	0.9694207018960088	-0.0645804960421383	0.22104943701581892	Non-significant
PRF1	-0.03679463303295964	0.9638740629173758	0.8395986736579475	1.106544398310169	0.07042815012094583	0.6013625263726384	0.512210615471485	-0.824601990541421	8.16414442468181e-5	NS	0.9694207018960088	-0.0530834346079802	0.22086363825186517	Non-significant
RHBDL2	-0.055787606902309085	0.9457399832049926	0.7670902713199962	1.1659959059231315	0.10681991366204811	0.6014903661072928	0.5155985319028797	0.659378371968635	1.34756344165097e-6	NS	0.9694207018960088	-0.08048450382102422	0.22077132423427498	Non-significant
MYO1F	-0.04894772389986394	0.9522309073156672	0.7923440185648245	1.1443813288192757	0.09378330017946018	0.6017234794390567	0.5209627329192547	-0.575420812300092	2.790574205149e-4	NS	0.9694207018960088	-0.07061663853313586	0.22060304187069582	Non-significant
PCSK9	-0.03330713673951384	0.9672414385812104	0.8534788585674666	1.0961677505157494	0.0638416683062598	0.6018689890725811	0.5086109542631282	0.611296019067218	0.00937747491344998	NS	0.9694207018960088	-0.048052041000307265	0.2204980328533339	Non-significant
EFEMP2	-0.04378340722893279	0.9571612492306172	0.8119721069680688	1.1283117353004641	0.08393311535501853	0.6019165525008967	0.5060700169395822	-0.645710735684754	2.5327475031042e-4	NS	0.9694207018960088	-0.06316610448240337	0.2204637135601455	Non-significant
GFAP	-0.048911157092942886	0.9522657279960359	0.7922580481865367	1.1445892140717167	0.09385731889756502	0.6022814643829447	0.5200804630152456	1.48797644766618	8.69444846227935e-7	Up	0.9694207018960088	-0.0705638837821297	0.22020050232846536	Non-significant
MUC7	-0.03134603723248009	0.9691401564684259	0.8613581479359117	1.0904089606981087	0.06015358309495197	0.6022970521033684	0.5357495765104461	1.51001965768616	0.0142599189827636	Up	0.9694207018960088	-0.045222772466819904	0.22018926244518144	Non-significant
FUT6	-0.027789635421045213	0.9725929443877941	0.8760234472919356	1.0798078960067885	0.05335444298608224	0.6024716110178073	0.5184923771880294	1.7799129230475501	1.00384876955359e-7	Up	0.9694207018960088	-0.04009196921005417	0.220063412601707	Non-significant
ATP5MPL	-0.060640384531833215	0.941161635208313	0.7489704530211262	1.1826704511706556	0.11654059058372294	0.6028286922948607	0.4796019198193111	0.578750839660506	9.97858182571827e-6	NS	0.9694207018960088	-0.08748558204167564	0.21980608514177677	Non-significant
XK	0.04422830011336943	1.0452209517133386	0.8846341216000138	1.2349589635143012	0.08510842179072695	0.6032935461408843	0.4815076228119707	0.709874705243225	0.00127199678711654	NS	0.9694207018960088	0.06380794924050684	0.21947132061496155	Non-significant
FAM163A	-0.07357713600536614	0.9290644787048836	0.7035791604756578	1.2268140588581864	0.14183819252319982	0.6039421030143335	0.5046936758893281	-1.37630075012554	6.6824712392697e-7	Down	0.9694207018960088	-0.10614936923775446	0.2190046930785172	Non-significant
MAP3K7CL	0.04893622425289995	1.0501533742882994	0.8727331967766825	1.2636417562689486	0.09442092410216642	0.6042647890105556	0.5436900056465274	-0.855540465761077	7.29816441233065e-8	NS	0.9694207018960088	0.07060004804948898	0.21877271169883153	Non-significant
GLP2R	-0.09112952229007981	0.9128994624125394	0.6466980588572336	1.288677794929153	0.1758941759010736	0.6043934592718243	0.5058582721626199	-0.862800101397874	0.00224969994625579	NS	0.9694207018960088	-0.13147210988647845	0.21868024422964483	Non-significant
TRIM16L	0.038064491686069374	1.0387982245672593	0.8994781048732079	1.1996976307902483	0.07347331897496634	0.6044078227326544	0.4949181253529079	1.79472436853582	9.838846780812399e-24	Up	0.9694207018960088	0.05491545338945159	0.21866992330779822	Non-significant
ST8SIA4	-0.056338622298925174	0.9452190094585105	0.7637169629495378	1.1698561367436342	0.1087874089432536	0.6045432864791968	0.5328910220214569	-0.682773103581113	2.22837586017035e-6	NS	0.9694207018960088	-0.0812794510011757	0.21857259735736195	Non-significant
P2RY13	-0.043958686371010816	0.9569934935304888	0.8102584370926941	1.130301771303762	0.08492163070679941	0.6047106721914217	0.5266092603049125	-0.869290169809211	4.89947200518948e-5	NS	0.9694207018960088	-0.06341897883145063	0.21845236671248905	Non-significant
SCG2	0.034450160795897425	1.0350504410004027	0.9084322358964199	1.1793168197713337	0.06657527625494263	0.6048338442000729	0.5195511010728402	-0.68638493613399	0.00788353973800833	NS	0.9694207018960088	0.04970107613806861	0.21836391536052618	Non-significant
SLC16A5	0.06447578054102247	1.0665997454630414	0.8353158317759107	1.361922010508496	0.12470696730542453	0.6051434048768567	0.5068464144551101	0.644749489028725	4.17136135348733e-7	NS	0.9694207018960088	0.09301888884397813	0.21814169548527276	Non-significant
ZNF804A	-0.08988303984076348	0.914038085059575	0.6498400803952145	1.2856480327148614	0.17405724767097772	0.6055755586638312	0.5317617165443252	-1.00962450168885	5.43033845288155e-5	Down	0.9694207018960088	-0.12967381583829468	0.21783166149945274	Non-significant
FAM189A1	-0.05169787958350328	0.949615721805721	0.7803614015330645	1.1555799881042574	0.10015503002669532	0.6057297003413672	0.5076933935629588	-0.615683964069457	0.0473281749534538	NS	0.9694207018960088	-0.07458427449959504	0.21772113134225432	Non-significant
CD86	0.054186399784384116	1.0556813625948245	0.8593509146401395	1.2968661816072615	0.10498372752149798	0.6057559761339416	0.4971061547148503	-0.59652734917772	4.76067924282659e-5	NS	0.9694207018960088	0.07817445025255763	0.21770229260243912	Non-significant
TECRL	0.07173420118704657	1.0743697399073318	0.8177478928062265	1.4115234636282499	0.13925530914135884	0.6064641181395888	0.5424901185770751	-1.03556837825228	0.0422245128981889	Down	0.9694207018960088	0.10349057631468328	0.21719488936454096	Non-significant
CCL23	0.09201475385771156	1.0963809978107288	0.772202856497957	1.5566522219458143	0.17884142393068442	0.60689917252534	0.5141869000564653	-0.611595628322568	0.0166386054096833	NS	0.9694207018960088	0.1327492290791391	0.21688345464649736	Non-significant
UGT1A10	0.030968095455602196	1.0314525953364373	0.9164002937979392	1.1609494929525357	0.06034299823427447	0.6078106289432149	0.4872247317899492	4.07031244092682	8.34344812425603e-15	Up	0.9694207018960088	0.04467751773957344	0.21623170956863752	Non-significant
DCLK3	0.07763259986897271	1.0807255270212082	0.8031064717166341	1.454312355693942	0.15148267193257567	0.6083116030068911	0.5146103896103896	-0.617456776641409	1.5935188169991e-4	NS	0.9694207018960088	0.112000166842284	0.21587389967416762	Non-significant
HPX	0.09092750330750601	1.0951896047563647	0.7732320303210781	1.551203549946508	0.1776071463038568	0.6086799949127725	0.5088932806324111	-0.771430613116434	3.4794816392083e-4	NS	0.9694207018960088	0.13118065810215385	0.21561097168507992	Non-significant
ASIC4	-0.09877551323168246	0.9059460581008467	0.6202696373474978	1.323195930882967	0.19328185940813455	0.609320324431354	0.5165866741953699	0.652278772025461	0.0344577333115083	NS	0.9694207018960088	-0.1425029431006105	0.21515433534808873	Non-significant
KRT76	-0.031471984106163434	0.9690181039817837	0.8587112608587743	1.0934945524126305	0.06165958374321641	0.6097606631822354	0.5177512704686618	1.39017060086072	2.2642487453653e-4	Up	0.9694207018960088	-0.045404475396898215	0.21484059622831592	Non-significant
SSTR2	-0.053598744896001325	0.9478123447513919	0.7714994258099498	1.164418547583507	0.1050124431664088	0.609768629515979	0.5266092603049125	-1.39160958999181	1.22933614816554e-13	Down	0.9694207018960088	-0.07732664345933372	0.21483492234281504	Non-significant
CCDC152	-0.059831957430246024	0.9419228034142374	0.7485346174893784	1.1852739297048283	0.11725004715573359	0.6098457334298781	0.5678642010163749	-0.59486165846999	0.0189750147528075	NS	0.9694207018960088	-0.0863192682712955	0.2147800102240314	Non-significant
FBXO27	-0.05211911670409681	0.9492157926518134	0.776831035363704	1.1598540480527622	0.10225355916891987	0.610258380285061	0.5577357425183512	0.68822913725512	2.05051237112573e-6	NS	0.9694207018960088	-0.07519199120451366	0.21448624798358149	Non-significant
ZEB2	-0.048163636793719246	0.9529778320809377	0.7917343349495751	1.1470599522446179	0.09457609618186348	0.6105713695197115	0.5173630717108978	-0.695132231787267	1.17361824893795e-5	NS	0.9694207018960088	-0.06948543995347602	0.21426356418921344	Non-significant
ADAMTS5	0.042007726296402516	1.0429025364937508	0.8871931369832631	1.225940164870344	0.08250167153030684	0.6106300942406169	0.5345143986448334	-1.07976766665284	2.7677833422723e-7	Down	0.9694207018960088	0.06060433840684071	0.21422179577832134	Non-significant
LYPD2	-0.02232898743599503	0.9779184592374955	0.897259656090544	1.0658280537032558	0.04391968443417106	0.6111693426938779	0.50194099378882	1.11348358102494	0.00333382083751281	Up	0.9694207018960088	-0.03221391944198202	0.21383843884468215	Non-significant
EPB41L4B	-0.04972670850536271	0.9514894229379413	0.7853775739478073	1.1527348780943685	0.09789158572486063	0.611469226244661	0.5206804065499717	0.533004685538935	6.3522439783908e-4	NS	0.9694207018960088	-0.0717404757604179	0.21362539506013437	Non-significant
CD226	-0.051948695349614105	0.9493775730779217	0.77691775474752	1.1601199364483974	0.10228355734821917	0.6115311778107237	0.5307029926595144	-0.805382989227041	2.28134446859554e-5	NS	0.9694207018960088	-0.07494612516153981	0.21358139634481083	Non-significant
MEGF10	-0.033011526242164455	0.9675274075695613	0.8516311750963512	1.099195651559335	0.06509824349923315	0.6120824244002115	0.525197628458498	-1.28250460801292	1.24713383348771e-6	Down	0.9694207018960088	-0.04762556520174646	0.2131900908415929	Non-significant
GPR25	-0.07025864551537363	0.9321526916105878	0.7103542529515021	1.223204671284183	0.13864175167954804	0.6123204345142788	0.5306324110671936	-1.15715006045755	1.08505224683443e-5	Down	0.9694207018960088	-0.1013617994646052	0.213021246935805	Non-significant
SERINC5	0.06675073442847215	1.0690289728427826	0.825291009537584	1.384751477442637	0.1320279109623206	0.6131511885459744	0.49774138904573684	0.514189941415161	1.47468785615254e-6	NS	0.9694207018960088	0.09630095353565289	0.21243242555428435	Non-significant
ACTG2	0.035690954195758774	1.036335521851166	0.9022604091881158	1.1903340797330806	0.07068652990161564	0.6136159054349664	0.5307735742518351	-1.01883429196796	2.3248110908809e-6	Down	0.9694207018960088	0.051491162622816375	0.2121033916387504	Non-significant
LDHD	-0.0442320372127885	0.9567319343038025	0.8056561465463181	1.1361372938573762	0.08768845184583628	0.6139644371675457	0.53613777526821	0.681522503737298	1.9895671100216e-4	NS	0.9694207018960088	-0.06381334073530608	0.2118567838900899	Non-significant
KLK13	0.019100267393472155	1.0192838444281578	0.9463722479563392	1.097812787468992	0.03786781722833739	0.6139851348263773	0.5359260304912479	1.56714166566513	1.32738182185351e-6	Up	0.9694207018960088	0.027555861048215564	0.2118421434207665	Non-significant
PLBD1	-0.03914153078684061	0.961614601443699	0.8257909761361455	1.1197780896521583	0.07769125526010716	0.6143958091729289	0.5388198757763976	0.636561344925884	3.1592698856236e-4	NS	0.9694207018960088	-0.05646929235897765	0.21155175531261036	Non-significant
ALDH3A1	-0.021358471195915215	0.9788680056842514	0.9007689519645637	1.063738454197918	0.04242323778922579	0.6146397714147914	0.5601355166572558	2.86214592296584	1.1719394937304099e-23	Up	0.9694207018960088	-0.030813760475316695	0.21137934133453085	Non-significant
BMPER	-0.054718378458125945	0.9467517360969315	0.7650826088633427	1.1715582597468972	0.10870255207021202	0.6146991492022696	0.5170101637492942	-0.924471414576526	4.19310227393881e-5	NS	0.9694207018960088	-0.07894193324702371	0.21133738798051757	Non-significant
AKR1B1	0.05463428307759583	1.0561542905404429	0.853330704130113	1.3071859245520647	0.10879913918752263	0.6155568694050279	0.49421230942970074	0.539589977292682	4.89084234134051e-5	NS	0.9694207018960088	0.07882060925857128	0.21073181774831348	Non-significant
TAF7L	-0.04933070570077108	0.9518662900332524	0.7851008306129444	1.154054866295704	0.0982734471786878	0.6156858794014255	0.4770609824957651	-0.876389155453018	0.00206296986830539	NS	0.9694207018960088	-0.07116916447805531	0.21064080672744823	Non-significant
SLCO2B1	0.03642910126170459	1.037100772274887	0.8995706141963833	1.1956571222749615	0.07258644915174853	0.61575761221343694	0.5191276115189158	-0.743060086821681	1.3858629811499e-4	NS	0.9694207018960088	0.05255608373430302	0.2105902105536484	Non-significant
SPI1	-0.04556175205316383	0.955460599096469	0.7996595302422524	1.1416170531341308	0.09082181022215965	0.6159060651272645	0.5299265951439864	-0.611288966817774	1.3330022703166e-4	NS	0.9694207018960088	-0.06573171374131204	0.21048551917921543	Non-significant
KLHL4	-0.04281866140949074	0.9580851121191182	0.8104418530106112	1.1326254667801376	0.08538780427190915	0.6160466552071459	0.5194452286843592	-0.974461130602359	0.00222052559802269	NS	0.9694207018960088	-0.061774270472975915	0.21038639606327103	Non-significant
MRC2	0.04542703001639867	1.0464746405904788	0.876204488663091	1.2498328729973578	0.09060513976664464	0.6161081777931658	0.5177865612648221	-0.661875514849461	2.74210999601069e-5	NS	0.9694207018960088	0.06553735092697247	0.21034302664422158	Non-significant
IL18BP	0.044295258392454406	1.045290940252659	0.8790110617411052	1.2430254832175256	0.088396040271314	0.616300726050946	0.5099520045172219	-0.503713031878969	0.00661134710176073	NS	0.9694207018960088	0.0639045496176893	0.21020732063581224	Non-significant
PEX5L	0.0769328603522143	1.0799695651822134	0.7993218879374661	1.4591546651242282	0.1535356841086026	0.6163184897911782	0.5313382269904009	-1.57776796774844	8.826218478447489e-11	Down	0.9694207018960088	0.1109906561115428	0.21019480307278515	Non-significant
KRT6A	0.030891661799013623	1.0313737606558278	0.9139429871242574	1.1638929880258737	0.061673964191067236	0.6164509385913503	0.4971061547148503	0.653449336204355	4.8074578488491e-4	NS	0.9694207018960088	0.04456724728225605	0.21010148183696212	Non-significant
PKHD1L1	-0.058711138607393305	0.9429791200811981	0.7493381501467181	1.1866600155550682	0.11727449674139331	0.6166315011908174	0.5606648785996612	-0.873333269561778	0.00228356163736064	NS	0.9694207018960088	-0.08470226851383082	0.20997429270731877	Non-significant
MMP10	-0.018632252305937028	0.9815402550454138	0.912398857880145	1.0559211730196765	0.03726894403076002	0.6171170155527959	0.49992941840767924	-0.780787297007358	0.023444286415006	NS	0.9694207018960088	-0.026880658002367285	0.2096324787698508	Non-significant
TMEM255A	0.046856733492162066	1.0479718590556184	0.871869298763208	1.259644099098806	0.09386523833603645	0.6176444493166245	0.48863636363636365	-0.545903202760427	0.0186229789060829	NS	0.9694207018960088	0.0675999770413981	0.2092614571698917	Non-significant
RASGRP3	-0.062008930645730605	0.9398744930674795	0.7367080782272656	1.199069331293995	0.12426484935728115	0.6177750141432103	0.5328910220214569	-0.619266870626144	4.34344742464916e-7	NS	0.9694207018960088	-0.08945997673342318	0.20916966068196982	Non-significant
CDK15	0.07771468640245423	1.0808142436745378	0.7959338619096411	1.4676589164419536	0.15610178220556686	0.6185924167174539	0.5072699040090345	-0.659264145137555	5.868385654628e-4	NS	0.9694207018960088	0.11211859267706162	0.20859540828685055	Non-significant
HEATR9	0.1270408237045738	1.13546337065653	0.6880747525609235	1.873745637816486	0.2555652158042208	0.6191203144999271	0.513481084133258	-0.72999594218633	0.00750573067993888	NS	0.9694207018960088	0.18328116634903768	0.2082249457359589	Non-significant
GOLGA8R	-0.14152354810859427	0.8680347347680235	0.496728383657208	1.5168939918757935	0.2847952157937266	0.619237767512989	0.512492941840768	-0.642233879228736	6.4490665365109e-4	NS	0.9694207018960088	-0.20417532102527958	0.20814256375557771	Non-significant
CDHR4	-0.08562896057480832	0.9179347580267907	0.6544569553354834	1.287486080061251	0.172615673113299	0.6198470531943088	0.5181747600225861	-0.762865937572137	0.00363892874868949	NS	0.9694207018960088	-0.12353647677775254	0.20771545912770323	Non-significant
CADPS	-0.07301644502737062	0.9295855428403986	0.6961781534379771	1.241247340483896	0.1475196692754588	0.6206278320839888	0.5178571428571428	-0.658401257895637	0.00326010764574772	NS	0.9694207018960088	-0.1053404631443292	0.20716875235890447	Non-significant
STAB1	0.045310855769184255	1.046353074248455	0.8744438102347821	1.2520584435210673	0.0915721397758263	0.6207338957178106	0.5043760587238848	-0.501383087667056	0.00242365321549793	NS	0.9694207018960088	0.06536974691663715	0.20709453893669258	Non-significant
ORM1	0.06411227855568279	1.066212104796347	0.826849995849291	1.3748663701045258	0.12971884405375128	0.6211364916922895	0.5237507058159232	-0.859123874411283	0.0448126040908062	NS	0.9694207018960088	0.09249446633237528	0.2068129552576704	Non-significant
OSGIN1	0.035030505108173154	1.0356513009727253	0.901282200855508	1.1900530335430994	0.07090302072945809	0.6212622255441913	0.4836956521739131	2.17776867558983	9.48104676986885e-33	Up	0.9694207018960088	0.05053833599939686	0.2067250518857524	Non-significant
TACSTD2	0.049730211265327236	1.050987513532583	0.8627502437370624	1.2802949192072774	0.10069585324747586	0.621401147526855	0.49435347261434215	0.506010004838479	2.4143963807976e-4	NS	0.9694207018960088	0.07174552917484806	0.2066279490789188	Non-significant
TGFBI	0.03289652141194061	1.0334435944241616	0.9068645662543393	1.1776903659027713	0.066663817813232	0.6216813032940329	0.5367730095990966	-0.652419965333271	0.00143850601375053	NS	0.9694207018960088	0.04745964830350436	0.20643219359103726	Non-significant
GLTP	-0.044234352898576926	0.9567297188158241	0.8025684402778931	1.1405030511148284	0.08964643853989007	0.6217079166685444	0.515527950310559	1.09349663820593	5.2960643692549e-13	Up	0.9694207018960088	-0.06381668156370929	0.20641360240251583	Non-significant
MPP7	0.044821449340915136	1.0458411076177776	0.875246523131213	1.249686338050388	0.09085429239012448	0.6217770915443316	0.4841897233201581	0.580367158187605	1.6491916928437e-4	NS	0.9694207018960088	0.0646636826895942	0.2063652829347727	Non-significant
ISLR	-0.030180276414133414	0.9702706008761994	0.8606253492837409	1.0938848590831842	0.06118261773283093	0.6218134330992409	0.5254093732354602	-0.568419761929724	0.0111653332383156	NS	0.9694207018960088	-0.043540935115328486	0.2063399000833395	Non-significant
ADGRG5	-0.04068525563965384	0.9601312783005966	0.8168000005973219	1.1286141906182563	0.08248914624758927	0.6218574994856968	0.5321852060982496	-0.660908406628586	0.00430183699838806	NS	0.9694207018960088	-0.05869641654862831	0.20630912379359628	Non-significant
SLC2A4	0.03787135736238599	1.038597616347504	0.8934452613295997	1.2073319489964598	0.07680833321964228	0.6219679798959195	0.4777667984189723	-0.663329153940161	0.0281495517752111	NS	0.9694207018960088	0.054636819458447956	0.20623197304626129	Non-significant
TNFSF8	-0.05349419446145583	0.9479114441242542	0.7662476179309758	1.1726445666845386	0.10855082424440751	0.6221516435149816	0.528514963297572	-0.876224859360749	3.10035275659834e-5	NS	0.9694207018960088	-0.07717580906589211	0.2061037472786364	Non-significant
SNCB	-0.06007374373620263	0.9416950869095791	0.74148869528624906	1.1959584041497733	0.12195204677546163	0.6222942889960704	0.5195863918690006	0.912005177740934	4.9907379387858e-4	NS	0.9694207018960088	-0.08666809217585401	0.20600418466372775	Non-significant
HGF	-0.04875308334525182	0.9524162681063643	0.7843351126369907	1.1565168167773718	0.09906601782293534	0.6226294149953988	0.5405138339920948	-0.723864475238705	0.00127199678711654	NS	0.9694207018960088	-0.07033583157024106	0.20577036571514543	Non-significant
STAP2	-0.05324108234713814	0.9481514023609496	0.7669383844158447	1.1721816251037838	0.10822021904150506	0.6227406745094356	0.5292207792207793	0.519751012495959	2.32362822479639e-5	NS	0.9694207018960088	-0.0768106454737771	0.20569276726703561	Non-significant
ADAMTS2	-0.033683077256817025	0.9668778816766004	0.8454202829237607	1.1057847285640936	0.06849019820589958	0.6228648885232365	0.5174336533032184	-0.724409302253799	2.8128508847141e-4	NS	0.9694207018960088	-0.04859440852028967	0.20560615002230162	Non-significant
SGIP1	-0.05433398170487751	0.94711573434581	0.7625537082798177	1.1763475864132051	0.11058792707297992	0.6232006392329844	0.5201863354037267	-0.523420899821053	0.00186809243907147	NS	0.9694207018960088	-0.07838736595737839	0.2053721098682015	Non-significant
PSCA	-0.02654719637659942	0.9738020828211128	0.8757549447299994	1.0828263114164902	0.05414475730198424	0.6239213412194894	0.5105872388481084	1.38019964455866	3.79357590519538e-6	Up	0.9694207018960088	-0.03829950856202541	0.204870159079771	Non-significant
PODN	0.03006289053204095	1.0305193418252807	0.9137716096556302	1.1621833099807406	0.061346795278038074	0.6240997463911344	0.4991530208921513	-0.802023302941008	0.00214455550401626	NS	0.9694207018960088	0.04337158308536339	0.20474599389877307	Non-significant
KLK14	-0.02030159684663116	0.9799030930530906	0.9034215298660037	1.0628594072995285	0.0414622043051823	0.6243879299767027	0.4945652173913043	1.7487519794488	7.49315987731924e-6	Up	0.9694207018960088	-0.029289013092761825	0.2045455008613499	Non-significant
SPAG8	-0.09912277218143266	0.9056315148413222	0.608488264863024	1.3478788138312165	0.2028888709426322	0.6251553827928032	0.5356084133258046	-0.563897559187805	0.00244841545441734	NS	0.9694207018960088	-0.14300393186531932	0.20401202505197652	Non-significant
GPBAR1	-0.0790081072180502	0.9240324330822993	0.6727630128865236	1.2691481562349392	0.16191830157130252	0.6255849425334759	0.5162337662337662	-0.72552618041271	3.2733118150451e-5	NS	0.9694207018960088	-0.11398460447350456	0.20371371303855643	Non-significant
CCN2	0.0326563277379287	1.0331953976191772	0.9060949420531236	1.1781245873005475	0.06697445190306932	0.6258375855530122	0.5128458498023716	-0.786290374628622	2.1423531721199e-4	NS	0.9694207018960088	0.047113122081154445	0.20353835824302718	Non-significant
GRHL1	0.03240864143400484	1.03293952095979	0.9067650878940066	1.1766708579823042	0.06647086573478089	0.6258604028265315	0.5077639751552795	0.993982793738673	7.0701434979269e-7	NS	0.9694207018960088	0.0467557862787875	0.20352252468561216	Non-significant
AC005324.2	0.0945393653218365	1.099152430770547	0.7515654227351651	1.6074928802233124	0.19395069791967184	0.6259464172215827	0.4954474872953134	1.06506449846464	9.14828108282297e-7	Up	0.9694207018960088	0.13639147351860356	0.20346284203075599	Non-significant
SFN	-0.03459353470910365	0.9659979811205676	0.8405115070562953	1.110219303001776	0.07099676416933516	0.6260775695130724	0.5052936194240543	0.775714225395491	1.58607537837442e-5	NS	0.9694207018960088	-0.04990792097164405	0.20337185540862296	Non-significant
DLG4	-0.06394789851436039	0.9380538722579023	0.7252916956534519	1.213229204927347	0.13124397679056563	0.6260851128779081	0.5103754940711462	-0.517979768036354	1.250824949331e-4	NS	0.9694207018960088	-0.09225731606193836	0.20336662279505083	Non-significant
C16orf74	0.044693737414210094	1.0457075497635433	0.8732497298173026	1.2522240114076548	0.09195446627085416	0.6269373515514097	0.5405138339920948	0.508399815834277	0.00180637631385807	NS	0.9694207018960088	0.06447943332627436	0.20277585507819645	Non-significant
NEUROD2	0.07638700300616937	1.0793802167262794	0.7932140162881525	1.4687860127736765	0.15717085485687024	0.6269582902492682	0.5473955392433654	1.29366778579581	2.8486552765471e-4	Up	0.9694207018960088	0.11020315042537102	0.20276135058414468	Non-significant
IL18RAP	0.058037977123385515	1.059755241401636	0.8384567044390938	1.339462330889885	0.11950745654608581	0.6272202002568278	0.5259034443817052	-0.627099956739998	0.00201956651880965	NS	0.9694207018960088	0.08373110177913533	0.20257996320818042	Non-significant
GAB3	-0.05605836515393801	0.9454839509636297	0.7539525352221447	1.1856713251403879	0.1154957439121513	0.627412705791777	0.5432665160926031	-0.50768151596035	0.00140347417407098	NS	0.9694207018960088	-0.08087512540792897	0.2024466906121608	Non-significant
CD8A	-0.028854008907781552	0.9715582929698484	0.8646113776697754	1.091733859878725	0.05950167420755642	0.6277276457947393	0.5158102766798419	-1.09649526125032	9.85947479683123e-6	Down	0.9694207018960088	-0.041627535561022444	0.20222874413611175	Non-significant
S100A9	-0.02213623436673456	0.9781069741898342	0.8943408082370631	1.0697188858514015	0.04568049490987526	0.627968399293625	0.506352343308865	1.1902421636368	4.54645399451855e-7	Up	0.9694207018960088	-0.03193583554484387	0.2020622103355871	Non-significant
GABRA2	0.063856957008254	1.0659399126216056	0.8229193272608077	1.3807281706480707	0.1320198049189969	0.628604291348957	0.4951298701298701	1.38086282305853	0.00260384326075099	Up	0.9694207018960088	0.09212611520206783	0.20162265847146082	Non-significant
C5	0.04764148452578927	1.0487945788280988	0.8646679593011727	1.2721300202544898	0.09849731621207682	0.6286108084633868	0.47663749294184077	-0.543866819061007	0.003465691000936	NS	0.9694207018960088	0.06873213346594446	0.20161815590569424	Non-significant
UGT1A8	-0.05645167194435151	0.9451121588244679	0.7517897898864451	1.1881472783672231	0.1167607459604597	0.6287538233869915	0.5163749294184077	2.64402544019587	1.81732164083889e-6	Up	0.9694207018960088	-0.08144254716400655	0.20151936102814505	Non-significant
CLCNKB	-0.08286273635266167	0.920477486646131	0.6577097266138465	1.2882260503953764	0.17149746436787858	0.6289737657537656	0.549018915866742	0.720885476108276	0.0367025754668859	NS	0.9694207018960088	-0.11954565881047455	0.20136746842751332	Non-significant
AKR1C1	0.020436078631248876	1.0206463250478908	0.9393323312935046	1.108999324444916	0.04235895212090059	0.6294862727824432	0.4860248447204969	4.09375556076966	2.69334277187658e-57	Up	0.9694207018960088	0.029483029296519737	0.20101373611980294	Non-significant
CHCHD10	0.03928431255411187	1.040066145480248	0.886522133213396	1.2202036998818548	0.08149818090017348	0.6297868627692662	0.5127752682100508	0.73280953826265	6.53133134947865e-5	NS	0.9694207018960088	0.05667528290654931	0.20080640290290744	Non-significant
ATP13A5	-0.03701587431856793	0.9636608377685043	0.8289231550642638	1.1202995170001022	0.07684424354457381	0.6300190557082308	0.5283385093167702	1.69589169599793	1.12402348921056e-5	Up	0.9694207018960088	-0.053402618313567025	0.20064631457217008	Non-significant
PGLYRP3	0.02803826738640595	1.0284350391894563	0.9174602114965668	1.1528332417896647	0.05825838357087516	0.6303215038528678	0.5013410502540938	1.02750039798095	9.15082848061654e-6	Up	0.9694207018960088	0.04045066931348672	0.20043787636584137	Non-significant
AKAP5	-0.060141037089062876	0.941631719221945	0.7369962300576659	1.2030866081574105	0.12501835079816886	0.6304755087593142	0.5357142857142857	-0.747379029604601	1.61609192411275e-6	NS	0.9694207018960088	-0.08676517596231025	0.20033177922138545	Non-significant
DUOXA1	-0.041234111202945165	0.9596044494966965	0.8111840699616794	1.1351809454756168	0.08572921445580979	0.6305301028042153	0.5160220214568041	0.629159568246546	1.032545687367e-4	NS	0.9694207018960088	-0.05948824774795306	0.20029417448395573	Non-significant
KLF5	0.04649174649999618	1.0475894327534654	0.8667527097294639	1.2661553950714135	0.09668203911208233	0.6306070257672851	0.4971767363071711	0.645444698639692	2.94359441662163e-6	NS	0.9694207018960088	0.06707341211781125	0.2002411949662214	Non-significant
ZFHX4	0.03341039330938243	1.0339747885160961	0.9022977604099834	1.1848681335539717	0.06950183598212606	0.630720927872081	0.5054347826086957	-0.517869765744774	0.0236391587184215	NS	0.9694207018960088	0.04820100874159573	0.20016275849681348	Non-significant
KIRREL3	-0.05489556075814064	0.9465840033068665	0.7566959300941872	1.1841232913793054	0.11423588637203352	0.6308394357252544	0.49820016939582157	-0.652982877250647	0.00487783397604753	NS	0.9694207018960088	-0.07919755327258822	0.2000811654025282	Non-significant
ATP6AP1L	-0.07445350375571866	0.9282506332238027	0.6845324916786251	1.2587411825659818	0.15539350022315185	0.631846991086707	0.49823546019198195	-0.531978269949996	2.66147434571368e-5	NS	0.9694207018960088	-0.10741370064518312	0.19938807831887834	Non-significant
G0S2	0.030645435823058412	1.0311198409071374	0.9095784125511445	1.1689021107375694	0.06399071949439242	0.6320066551086738	0.5235742518351214	-0.879720532911351	5.6174361692853e-4	NS	0.9694207018960088	0.04421201828780722	0.19927834851863402	Non-significant
PRAG1	-0.05877810968223893	0.9429159698706115	0.7411880771575836	1.199547798511075	0.12281999199010252	0.6322437182566624	0.5100931677018634	0.514865741581159	1.3979362791517e-5	NS	0.9694207018960088	-0.08479888735139374	0.19911547695393494	Non-significant
LAIR1	0.039311796576036104	1.0400947310738147	0.8852656791704419	1.2220026993718238	0.08223583413821302	0.6326236531347993	0.5062111801242236	-0.706153342108422	8.17308503647488e-5	NS	0.9694207018960088	0.056714933968682935	0.19885457430160636	Non-significant
KCNN4	0.0404448100029425	1.041273840216484	0.8821520390280246	1.2290978905561867	0.08461158944333162	0.6326462493429998	0.5324675324675325	-0.679178091196068	8.1955143126292e-4	NS	0.9694207018960088	0.05834952682094147	0.19883906234085355	Non-significant
CALHM2	-0.05942161940263338	0.9423093894696092	0.7383214591064038	1.202656342343451	0.12446879141472965	0.6330760650866896	0.5088226990400904	-0.572154194198265	1.4133624646206e-6	NS	0.9694207018960088	-0.08572727563377051	0.19854410568129763	Non-significant
MNS1	0.054401819441962616	1.0559088016090046	0.8444216771157381	1.3203633060719586	0.114035315405104	0.6333185735979235	0.506352343308865	-0.598467991218842	0.00116898091001731	NS	0.9694207018960088	0.07848523512425637	0.19837777505052323	Non-significant
OBP2A	-0.08362566885333929	0.9197754922766371	0.6523154491665853	1.2968985439078355	0.1753100312936018	0.6333508137349221	0.4894127611518916	-1.31693006357366	2.40390920713546e-6	Down	0.9694207018960088	-0.12064633774573519	0.19835566712917088	Non-significant
PRKD1	-0.04415800062026606	0.9568027700983639	0.7977421559365374	1.1475782419861624	0.09276285045024336	0.6340522302127013	0.5399491812535291	-0.569754497865765	0.00761556152981206	NS	0.9694207018960088	-0.0637065285104296	0.19787496552699263	Non-significant
ARHGEF40	0.045521596135780655	1.0465736063155997	0.8674354498630398	1.2627064222581406	0.09578531897832603	0.6346115955376929	0.5169395821569734	-0.815243409637671	6.96960020106274e-8	NS	0.9694207018960088	0.06567378099844107	0.1974919967927654	Non-significant
CILP	0.027101260628890483	1.027471839940645	0.9187332948982208	1.1490803563268785	0.05707281998818925	0.6348909935061825	0.5108695652173914	-0.894886624532698	0.00778753761331629	NS	0.9694207018960088	0.03909885431113948	0.19730083373571242	Non-significant
KCNK10	0.030147662730635617	1.03060670491851	0.9100057115337502	1.167190674476987	0.06349711871877292	0.6349381686506564	0.5044466403162056	0.584762237859379	0.0332718907281662	NS	0.9694207018960088	0.043493883515881064	0.19726856497775974	Non-significant
PRRT2	-0.07064536895586382	0.9317922760096984	0.6958117970677608	1.2478041465956662	0.1489979892863468	0.6354026492962526	0.5140104460756635	-1.01274245516386	1.75737424254405e-7	Down	0.9694207018960088	-0.10191972345439589	0.1969509787245705	Non-significant
CLDN11	-0.04982560108157104	0.951395332350179	0.7738621348886139	1.1696567613403013	0.10537741616898114	0.6363344866282841	0.5240683229813665	-0.516529204308872	0.0221547198662779	NS	0.9694207018960088	-0.07188314758969423	0.19631453920837508	Non-significant
FGFR3	-0.03557724593139069	0.9650481853048262	0.8325722712316023	1.118603191747503	0.07533709998684202	0.636754981598119	0.5170101637492942	0.577091303261323	9.1369642552673e-4	NS	0.9694207018960088	-0.051327116273704426	0.19602764868533473	Non-significant
RND2	0.04035422745373861	1.041179523249418	0.8804524854869552	1.2312473614454313	0.08554929803926611	0.6371357336806802	0.4858130999435347	1.16659989857177	4.69312168290538e-6	Up	0.9694207018960088	0.05821884382641397	0.19576803688132313	Non-significant
FAM43B	-0.051082540149891734	0.9502002376254988	0.7684431490253885	1.1749476753467993	0.10832145733766065	0.6372245797122088	0.5300324675324675	0.575851965291309	0.0333074652327757	NS	0.9694207018960088	-0.07369652735026014	0.19570748047370612	Non-significant
KLHL33	0.052704409962730646	1.0541180122813074	0.8464616426004182	1.312717231228908	0.11193818001964385	0.6377585876984189	0.4949887069452287	-1.19443419318635	1.0760627376428e-4	Down	0.9694207018960088	0.07603639088621053	0.19534368471358565	Non-significant
KLRC2	0.0812502164131615	1.0846422579111514	0.7733192520902354	1.5212977363058402	0.1726121146824173	0.6378479750465287	0.5017998306041784	-0.753770825371073	0.0103646235275278	NS	0.9694207018960088	0.11721928429042328	0.195282818874175	Non-significant
MAOB	-0.02852288027477989	0.9718800570089842	0.8630288642504927	1.0944603180011738	0.06060532882836239	0.6379026896712122	0.5371964991530209	-0.794552310256023	0.00472134306888444	NS	0.9694207018960088	-0.04114981792429458	0.19524556667395876	Non-significant
TLCD4	-0.03790308405638032	0.9628062476456839	0.8221347141234303	1.1275474135573218	0.08058715810511441	0.6381146047160664	0.554206662902315	-0.551368550197461	0.030069622844025	NS	0.9694207018960088	-0.05468259140253746	0.19510131543870765	Non-significant
SDC2	-0.034692843917097246	0.9659020533894714	0.8357547591513302	1.1163164391542097	0.07384177283613114	0.6384787646877954	0.5157396950875212	-0.775871542746446	8.38165673268003e-5	NS	0.9694207018960088	-0.05005119387353097	0.19485354246051087	Non-significant
SAMSN1	0.046665006259681265	1.0477709535715054	0.8616346694179072	1.2741176859675303	0.09979209992504627	0.6400547508661509	0.5091050254093732	-0.71984811926584	2.16539407585337e-6	NS	0.9694207018960088	0.06732337311389446	0.19378287448170042	Non-significant
MRPL12	-0.04289773711790408	0.9580093538555158	0.8002489509815509	1.1468705094195386	0.09180509198017822	0.6403069370940212	0.48341332580463015	0.651023996726249	6.3709395090546e-4	NS	0.9694207018960088	-0.06188835260535857	0.1936117929980505	Non-significant
FOXH1	0.05794331295057526	1.059654925296573	0.8309224256928838	1.3513518542587846	0.12406460215739153	0.6404702154308053	0.5005293619424054	1.53481745273107	1.54974115163917e-5	Up	0.9694207018960088	0.083594530246472315	0.19350106197677328	Non-significant
OR51B5	0.06361865719606577	1.0656859296038785	0.8156168727298034	1.392426442521514	0.13644598181162731	0.6410327965637599	0.4822840203274986	1.92518995345322	5.4041334609991e-4	Up	0.9694207018960088	0.09178232124477909	0.19311975050879562	Non-significant
COL14A1	-0.0334583762710023	0.9670951645006937	0.839876835429146	1.1135835848154256	0.07196134583381489	0.6419677754013717	0.5232919254658386	-0.589911545506108	0.0067389595160687	NS	0.9694207018960088	-0.048270233522372	0.1924867714897289	Non-significant
NHSL1	0.06497816661895142	1.0671357249489275	0.8113524492880886	1.4035560704370593	0.1398142527110024	0.6421130964760445	0.5054347826086957	0.501183298082925	8.57485676097817e-7	NS	0.9694207018960088	0.09374367874721805	0.19238847216530736	Non-significant
TWIST1	-0.04420019725752704	0.9567623970907523	0.7939906838255626	1.152903054323433	0.0951463165825707	0.642253926995851	0.4993647656691135	-0.802495391502454	7.0701434979269e-7	NS	0.9694207018960088	-0.06376740538974827	0.1922932316043728	Non-significant
ASPA	0.06443455411538776	1.0665557742743468	0.812661226739977	1.3997729708371145	0.13871454160005833	0.6422810417015201	0.512492941840768	-0.523055304118794	0.0433507607266114	NS	0.9694207018960088	0.09295941168416141	0.1922748969270939	Non-significant
RHOJ	-0.053567597468083865	0.9478418671278499	0.756033527645655	1.1883126504694925	0.11536026139445463	0.642396633494069	0.5108695652173914	-0.570230646187699	5.36739515781683e-5	NS	0.9694207018960088	-0.07728170721954082	0.19219674366147405	Non-significant
CCDC80	0.032663042368529786	1.0332023351679025	0.9000822056276162	1.186010631831175	0.07037487611982346	0.6425551068915278	0.49943534726143424	-0.540641145566846	0.00940970411828092	NS	0.9694207018960088	0.047122809245424044	0.19208962038169522	Non-significant
ABCA13	-0.024214025797784554	0.9760767817887979	0.8811047830906817	1.0812855658384546	0.052227846322281085	0.6429179414867834	0.5439723320158103	0.628259052412228	0.0407750076309869	NS	0.9694207018960088	-0.034933454938421225	0.19184445449984874	Non-significant
GPR65	-0.05447105674565256	0.9469859173154465	0.7520438208979183	1.192460203346988	0.11759890963908312	0.6432256371870717	0.5179983060417843	-0.852132806452147	3.80407626937568e-7	NS	0.9694207018960088	-0.07858512343893422	0.19163665414302106	Non-significant
SLC24A4	-0.08097623334399766	0.9222156091652945	0.6544850520501112	1.299466851265837	0.17496765348020146	0.6435028011956054	0.4944946357989837	-0.641948736138273	3.5620249692362e-4	NS	0.9694207018960088	-0.11682401027525302	0.1914495582527626	Non-significant
VGLL1	0.0311552899299303	1.0316456956359061	0.9040191025931077	1.1772902124205702	0.06737882869162819	0.6438017401676025	0.519833427442123	0.921710473274599	0.00476788347918283	NS	0.9694207018960088	0.04494758227936818	0.19124785377006048	Non-significant
FETUB	-0.025894048046954738	0.9744383277834604	0.8730564200743376	1.0875930040954027	0.05605258578462705	0.644110062821171	0.5373376623376623	1.98505577650296	2.44836325687766e-7	Up	0.9694207018960088	-0.03735721470588222	0.19103991588279542	Non-significant
NKG7	-0.029191494124911378	0.9712304617306012	0.8579499636897017	1.0994680922145246	0.06327565477018769	0.644555784571543	0.5107989836250706	-1.04637175888707	1.62781624966431e-5	Down	0.9694207018960088	-0.042114423810148995	0.19073948966328838	Non-significant
DUSP2	0.044306312342874535	1.0453024949107492	0.8657863676603641	1.2620403215857414	0.09613615520253209	0.6448915592620472	0.4988706945228685	-0.501167549061965	0.00394131348574001	NS	0.9694207018960088	0.0639204970971426	0.19051330733914426	Non-significant
ADAMTS9	0.04273833323266701	1.043664766732205	0.8701859306773516	1.251728058244205	0.0927500257205245	0.6449488987742528	0.5116459627329193	-0.686131638285666	1.5655599839683e-4	NS	0.9694207018960088	0.061658381410628745	0.19047469444929863	Non-significant
RXFP3	-0.11456044687721958	0.8917580328006103	0.5477810315244249	1.4517340749301866	0.2486368149432096	0.6449749928514776	0.4871541501976284	-0.860058405491683	0.0031210486026113	NS	0.9694207018960088	-0.16527578859178815	0.19045712362388134	Non-significant
TMEM178B	-0.026046551410229223	0.9742897339919844	0.8720597545171228	1.0885039480898706	0.05655755976268103	0.6451345945142258	0.5297148503670243	-2.01113025514021	1.2541006380816701e-9	Down	0.9694207018960088	-0.03757723055179714	0.1903496689975976	Non-significant
TGM3	-0.07338551546499583	0.9292425236003166	0.6799250600626663	1.2699806469664465	0.15938414158339645	0.6452063664748992	0.49520045172219085	2.8877045877525	8.32783363323539e-10	Up	0.9694207018960088	-0.1058729192344299	0.19030135592771869	Non-significant
CYP24A1	0.0264021549952116	1.0267537796181505	0.9171852266409473	1.1494115837660097	0.057576563158193705	0.6465520852928512	0.5083286278938453	-0.548591965498513	0.0426238010869096	NS	0.9694207018960088	0.038090258080373494	0.1893964832443486	Non-significant
HS6ST3	0.07067350101638034	1.0732307599057818	0.7929442310084457	1.4525917699698527	0.15442931085537157	0.6472089084443589	0.4856366459627329	0.946821470437553	0.0173833558246143	NS	0.9694207018960088	0.10196030943859291	0.1889555135502946	Non-significant
BPIFB1	-0.019694531957014157	0.980498138413409	0.9010531340066957	1.066947733878052	0.043111261003566645	0.6477929975904914	0.5047642574816488	1.15969615105885	0.0333186750287172	Up	0.9694207018960088	-0.028413203587013557	0.18856375086774713	Non-significant
ANKRD33B	0.034580402416482296	1.0351852564263249	0.8923735014601866	1.2008520124913704	0.07574165342820795	0.6479892990256421	0.5404432523997742	-0.861343182899831	1.81414531687524e-5	NS	0.9694207018960088	0.049888975078203765	0.18843216606225865	Non-significant
CXCR4	-0.03602160769393087	0.9646194500560981	0.826240573353162	1.1261740386946686	0.0790053747727569	0.6484340610374052	0.5182806324110671	-0.925185360801474	5.21374521602077e-7	NS	0.9694207018960088	-0.05196819478488181	0.18813418054148326	Non-significant
SPNS2	-0.03166086269544234	0.968835094493149	0.8455176975470986	1.1101381355406377	0.06946317268264822	0.6485384776796944	0.5101637492941841	0.611438979716294	0.00577887776860032	NS	0.9694207018960088	-0.045676969600980985	0.18806425219634204	Non-significant
SOST	0.034607261271919494	1.0352130606908716	0.8917851835347632	1.2017087756237508	0.07609183815990797	0.6492465749620886	0.47579051383399207	1.09883425487873	0.00112674325640622	Up	0.9694207018960088	0.04992772421574693	0.18759033277141862	Non-significant
SIGLEC12	0.035736134615759085	1.036382344983041	0.8883772590697365	1.2090453172082292	0.07862130158817712	0.64944379467116	0.5232213438735178	-0.637676279816133	0.0261919936117197	NS	0.9694207018960088	0.05155634419069608	0.1874584284560661	Non-significant
LMX1B	0.029105780642292658	1.0295334934295255	0.9079308052168914	1.1674229005149777	0.06413020373162867	0.6499335642697455	0.5153514963297572	-0.779794733022659	0.00661134710176073	NS	0.9694207018960088	0.04199076539383775	0.18713103435045197	Non-significant
PITX1	-0.04027595524527566	0.9605243408463	0.8067917170083397	1.143550423124488	0.08898825976385318	0.6508378600012887	0.5093873517786561	0.785132291946606	2.62422849801842e-7	NS	0.9694207018960088	-0.05810592089942501	0.18652719158121642	Non-significant
HLA-DPB1	-0.03246402750837324	0.968057272637105	0.8410177339245053	1.1142867091905018	0.07177606635689858	0.6510557591880268	0.5200451722190853	-0.841148215939421	9.05749203957875e-6	NS	0.9694207018960088	-0.046835691493612906	0.1863818150098893	Non-significant
FBP2	0.05005171394714407	1.0513254631596844	0.8463035194070613	1.3060151637586384	0.11068005809903732	0.6511106441819251	0.48422501411631846	-1.03436648945794	0.00149799749288439	Down	0.9694207018960088	0.07220935949953766	0.18634520486553025	Non-significant
FAM83G	-0.041631968601967814	0.9592227397043969	0.8005345296815322	1.1493673667418765	0.09226886063096766	0.6518433891979024	0.5209627329192547	0.530054738110231	2.9151169475156e-4	NS	0.9694207018960088	-0.06006223464450405	0.18585673460107532	Non-significant
AIF1	-0.03980624564640118	0.9609756143245934	0.8082127150740254	1.142612723238272	0.08833006606098183	0.6522393646323911	0.5180688876341051	-0.661130600052808	1.6974257786858e-4	NS	0.9694207018960088	-0.057428273190470794	0.18559299374421986	Non-significant
KLK11	-0.021700732937774334	0.9785330339428515	0.8903459724223495	1.0754548548271345	0.04818681697288494	0.6524610851412496	0.5023997741389046	1.4076713289738	2.02776149310059e-9	Up	0.9694207018960088	-0.031307539792982876	0.18544538592440854	Non-significant
ERMN	0.05620142353983042	1.0578107302613582	0.8279179256985569	1.3515392121893495	0.12502407112329855	0.6530531048766762	0.5210686053077358	-0.724111764052478	0.00137503236541644	NS	0.9694207018960088	0.08108151503181356	0.18505150139390908	Non-significant
CCIN	-0.07998863797307738	0.9231268349190015	0.6511931339529806	1.3086181486199513	0.17804427673817835	0.6532422205887675	0.5021174477696217	-0.827195203698682	2.4407421125559e-4	NS	0.9694207018960088	-0.1153992113312214	0.18492575354933655	Non-significant
TCIM	-0.032532032156389064	0.9679914424814238	0.8398908329371991	1.1156300271077373	0.07242547584688616	0.6533022429289254	0.5350790513833992	-1.32630744479933	3.56936342366279e-8	Down	0.9694207018960088	-0.04693380146206272	0.1848858507800582	Non-significant
ERV3-1	0.03130663588116583	1.0318018428508766	0.8999830501859706	1.1829278814645179	0.0697390288399168	0.6534956670787726	0.5119282891022021	0.613664393756177	0.00585881831087434	NS	0.9694207018960088	0.045165928332674424	0.1847572876090956	Non-significant
CBX2	0.041606901820291115	1.04248459939623	0.8692208293184027	1.250285431874095	0.09273893314370477	0.6536874304993288	0.5048701298701299	0.600055764522106	1.6301854198619e-4	NS	0.9694207018960088	0.06002607092288785	0.18462986583301824	Non-significant
PIR	0.039277026628503894	1.0400585676632903	0.8760403171342039	1.2347854351138294	0.08756293123814607	0.6537507572570935	0.49131846414455105	1.05177247967402	1.10583925473939e-10	Up	0.9694207018960088	0.05666477153780626	0.18458779506939343	Non-significant
KREMEN2	0.029812702578166022	1.0302615505492014	0.9044206006373962	1.1736119918011476	0.06646727399414022	0.6537692618982058	0.5284443817052513	-0.503013656749942	0.0401980879200027	NS	0.9694207018960088	0.04301063816501773	0.18457550238796985	Non-significant
NXPH3	-0.058950405461170474	0.9427535234239361	0.72852026598253	1.2199855617325537	0.13152763597916492	0.654010404375721	0.5317617165443252	-0.949386625103943	3.29081416031176e-7	NS	0.9694207018960088	-0.0850474576172243	0.1844153426130093	Non-significant
TMEM273	-0.05128073062724317	0.9500119356472702	0.7588882867306476	1.18926947964952	0.11460412965334589	0.6545431719573981	0.5241389045736872	-0.591640432897175	8.21501446535446e-5	NS	0.9694207018960088	-0.07398245576908649	0.18406170323923224	Non-significant
ELOVL4	-0.028152219110091716	0.9722403619742562	0.8592226641321337	1.100123822276724	0.0630496066561575	0.6552295866925764	0.5157396950875212	0.675410202609637	0.00514050551513169	NS	0.9694207018960088	-0.040615066900148745	0.18360650036971463	Non-significant
WNT11	-0.027589221786308873	0.9727878848086043	0.8617688167299828	1.098109203372239	0.06182716494138617	0.6554301102246484	0.5212450592885376	-0.674928020548101	0.0207731913233868	NS	0.9694207018960088	-0.039802833453093635	0.18347361116231023	Non-significant
FRRS1L	-0.051590385734219424	0.9497178051415655	0.7569889058952182	1.1915153608971936	0.1157247260987144	0.6557398313371796	0.5464779785431959	1.2507331085305	0.00119798866190329	Up	0.9694207018960088	-0.07442919365630705	0.18326843535963303	Non-significant
WNT2B	0.035732738570512824	1.0363788253876813	0.8856682300564257	1.2127352356802057	0.08017779739305146	0.6558365426562653	0.48073122529644263	1.17647149090417	5.10713984900543e-10	Up	0.9694207018960088	0.051551444733060704	0.18320438847204729	Non-significant
KCNIP3	-0.046477629548735085	0.9545859148488033	0.7777865087126139	1.1715737655773877	0.10450476382380892	0.6565064079550358	0.525197628458498	-0.788704520552668	7.76876864102703e-6	NS	0.9694207018960088	-0.0670530456622345	0.18276103054033493	Non-significant
CD80	-0.05856841075391501	0.9431137190721661	0.7285651840816281	1.2208427008810754	0.13169107775047856	0.656506995783706	0.5136222473178995	-0.680460374112906	5.25407888324999e-5	NS	0.9694207018960088	-0.08449635574742105	0.1827606416779714	Non-significant
ADAM22	-0.03829151102246554	0.9624323403585208	0.8129503203534252	1.1394005101877402	0.086120851294575	0.6565905467089265	0.5122811970638057	-1.38657468968488	1.01242941185438e-8	Down	0.9694207018960088	-0.05524297306025603	0.18270537433543832	Non-significant
CYBB	0.030518663842717796	1.03098913208822	0.9010734971063764	1.179635838694006	0.06871917891896215	0.656965273640255	0.5033879164313947	-0.604137255258838	0.0036714663558588302	NS	0.9694207018960088	0.044029124980446185	0.18245758609471008	Non-significant
PLA2G7	0.03811651362012846	1.038852266265663	0.8779613347121725	1.2292272887838613	0.08585322953757096	0.6570621237791956	0.5053642010163749	-0.577459561873318	0.00135280225096126	NS	0.9694207018960088	0.054990505175735865	0.18239356691052533	Non-significant
KLK6	-0.0181170410236927	0.9820460859524961	0.9065412363251857	1.063839653719483	0.040817953710440384	0.6571511730202264	0.48860107284020327	0.794671350497011	0.0184970783775936	NS	0.9694207018960088	-0.026137365240463437	0.1823347125462441	Non-significant
SEMA3D	0.030334149924899922	1.030798917793363	0.901446189814992	1.17871307342487	0.06841405184717951	0.6574832081727298	0.5073404856013551	-0.66164480406585	0.0153020448282624	NS	0.9694207018960088	0.043762927666235484	0.18211533438352556	Non-significant
FRMPD2	0.08652730077155152	1.090381135557721	0.743772813372066	1.5985136850994208	0.19518060175611274	0.6575348977499058	0.5095638057594579	-1.08771743515017	0.00282854130414662	Down	0.9694207018960088	0.12483250772462527	0.1820811926511039	Non-significant
FOXP2	-0.030193984811477302	0.9702573001124378	0.8489078175768058	1.1089534210071086	0.06816997274248192	0.6578221099712752	0.544819311123659	1.01736942520399	5.60719572198574e-6	Up	0.9694207018960088	-0.04356071215219503	0.1818915335940934	Non-significant
LRRN2	0.03667596214457889	1.0373568234903747	0.8818191819599698	1.220328613004577	0.0828812246215674	0.6581185245528728	0.48221343873517786	-0.52145264033771	0.047815519813872	NS	0.9694207018960088	0.05291222870581527	0.18169588461731842	Non-significant
ALG1L	-0.04360875870152272	0.9573284306318571	0.7891149279408533	1.1613995523916225	0.0985908663512812	0.6582573176138953	0.5134105025409373	0.791586328314255	6.7686134243164e-7	NS	0.9694207018960088	-0.06291413991801029	0.18160430429683383	Non-significant
OVOL1	0.03100857364102314	1.0314943475108647	0.8990645760827302	1.1834306647723587	0.07010791565552005	0.6582737559190336	0.5071993224167137	0.86684081406245606	1.21124363868005e-5	NS	0.9694207018960088	0.04473591541694442	0.1815934590302734	Non-significant
REEP4	-0.06311468645760743	0.9388357957629602	0.7097651869597352	1.2418369731282313	0.14270996915665618	0.6583022108539816	0.5131281761716544	0.564379997574824	1.29717409990374e-8	NS	0.9694207018960088	-0.0910552451596521	0.1815746863630751	Non-significant
ATP1A4	0.10876243525812064	1.114897458551256	0.687871050980098	1.8070194134685467	0.24639040491740963	0.658906666446269	0.4964356295878035	-0.710546268052195	0.00734340503561548	NS	0.9694207018960088	0.15691102598189766	0.18117609848345084	Non-significant
CCL3	0.055921076689805886	1.0575142179202996	0.8249511248978849	1.355639488632753	0.1267126414562512	0.6589798994663006	0.5071993224167137	-0.552757043510569	0.00400757085729666	NS	0.9694207018960088	0.08067706002155428	0.1811278322709433	Non-significant
NDRG4	-0.026336432773751278	0.9740073464868442	0.8664820999586905	1.0948758330444126	0.05968344115263837	0.6590185037444442	0.5471485036702428	1.17749504767241	1.66310184435979e-7	Up	0.9694207018960088	-0.03799544095739658	0.18110239123104593	Non-significant
GIPC1	-0.06088299008958726	0.940933331859817	0.717779336722556	1.2334647846612974	0.1381199346953909	0.6593592462015331	0.5049407114624507	0.537461940730844	1.21103513464255e-7	NS	0.9694207018960088	-0.08783558787673942	0.18087789931715406	Non-significant
SGCE	0.03478959976187769	1.0354018370872216	0.886894533191147	1.2087761555888847	0.07899063837580596	0.6596279660203849	0.4986589497459063	-0.530417648898375	0.010398291974271	NS	0.9694207018960088	0.05019078305097291	0.18070094000316125	Non-significant
RNASE6	-0.04015661403700294	0.9606389778220334	0.8034156934377045	1.1486298478466501	0.09118861920011465	0.6596700879841579	0.5338791643139469	-0.707214750405986	2.99129153001256e-5	NS	0.9694207018960088	-0.05793374793007634	0.18067320807953072	Non-significant
PAX7	0.031797735380133856	1.0323086846636285	0.8960158542376342	1.1893329960535772	0.07224362702535499	0.6598314483378601	0.4822840203274986	-0.937864671125574	0.0344459308807689	NS	0.9694207018960088	0.0458744351444186	0.1805669893148971	Non-significant
SERPINB3	0.01874626606263502	1.018923080449961	0.9372908315871435	1.1076649945626955	0.04260686712920335	0.6599499495999775	0.5234330886504799	1.0837629585785	1.7754401484295e-4	Up	0.9694207018960088	0.027045145083748497	0.1804889999683964	Non-significant
VWA3B	-0.08335927081602935	0.9200205513027179	0.6345952604841067	1.3338230956431099	0.18949766448957972	0.6600124094109431	0.5326792772444946	-0.622646142284129	0.00267890842635238	NS	0.9694207018960088	-0.12026200661840565	0.18044789887020504	Non-significant
RAB42	-0.04592537116616562	0.9551132385182174	0.7783509669681158	1.1720179419140184	0.10441639367786185	0.6600608708812259	0.5141163184641446	-1.45939454874203	7.20959894809828e-15	Down	0.9694207018960088	-0.06625630523241206	0.180416011929605	Non-significant
PLXNC1	-0.0377060536875297	0.9629959684055511	0.8138064999704964	1.1395353013265017	0.08588249779203129	0.660630850026228	0.5261151891586674	-0.787871379603358	3.69227435686579e-6	NS	0.9694207018960088	-0.054398336666492096	0.18004114956176495	Non-significant
AC093512.2	0.09462269051381589	1.0992440216737174	0.7202777173473076	1.6775993343728066	0.21568820481025397	0.6608780029084461	0.5107284020327498	-0.593650798778672	1.01108478886752e-5	NS	0.9694207018960088	0.13651168635985347	0.1798787032278688	Non-significant
C1QTNF3	-0.03489732784351102	0.9657045621376447	0.8261595237244296	1.1288198883543092	0.07962904905388156	0.6612060035555367	0.5136222473178995	-0.789290172775818	0.00274304301467773	NS	0.9694207018960088	-0.05034620182010966	0.17966321181685668	Non-significant
SLC44A4	-0.0309334170567939	0.9695401257620778	0.8441925163708214	1.1134996309891905	0.07063461087387674	0.6614329027271276	0.5237154150197628	0.634188672652248	0.0429034090623734	NS	0.9694207018960088	-0.04462748738558666	0.17951420507182758	Non-significant
PDE2A	-0.048080008815855654	0.9530575310224677	0.7683392236652747	1.182184417327559	0.1099223958995136	0.6618215951571668	0.48877752682100506	-0.672320567858632	1.01398458782613e-5	NS	0.9694207018960088	-0.06936479028453253	0.17925906596948782	Non-significant
AXDND1	0.06087903146121757	1.0627703446352648	0.8086415744753389	1.396763215110461	0.13943038817812203	0.6623820897270895	0.4865542066629023	0.90419517016	0.00248402072578937	NS	0.9694207018960088	0.08782987678322171	0.17889141903394526	Non-significant
CYP4F22	-0.020266384382299447	0.9799375984633101	0.8947029070478598	1.0732922507769072	0.04642798519873814	0.6624651117596768	0.514751552795031	1.40317845065745	2.43382099537816e-5	Up	0.9694207018960088	-0.029238212245092886	0.17883698858998792	Non-significant
SCEL	-0.019682018439836777	0.980510407970474	0.8974607891043828	1.0712453087759424	0.04515584513417218	0.6629320129653631	0.5067758328627894	1.08772178379373	1.0177496784713e-4	Up	0.9694207018960088	-0.0283951503978377	0.1785310084096652	Non-significant
IMPA2	-0.04529517864925693	0.95571533343186	0.7796001377751179	1.1716157479954765	0.10391974423034743	0.6629332885736888	0.5285855448898927	0.669158761112238	3.80407626937568e-7	NS	0.9694207018960088	-0.06534712961346266	0.17853017274459984	Non-significant
NECTIN4	0.03684237052618626	1.0375294627244305	0.8790230490037085	1.2246179292355552	0.08458651874596347	0.663157143685183	0.48680124223602483	0.704110283789406	3.40479488256891e-6	NS	0.9694207018960088	0.05315230525272255	0.1783835476906424	Non-significant
MYL3	0.02239145025999433	1.0226440203967646	0.9244148076976014	1.1313111643656897	0.051524330576745284	0.6638672206383739	0.5160573122529644	-1.25001587108097	3.962500119058e-4	Down	0.9694207018960088	0.03230403424840558	0.1779187747140184	Non-significant
RASSF8	-0.04344509899894987	0.9574851195395592	0.7868242128305636	1.1651621025255672	0.10015761599917901	0.6644574272325169	0.4963297571993224	-0.6738162800253	2.42015331192144e-6	NS	0.9694207018960088	-0.06267802887671504	0.17753283971793415	Non-significant
VASH1	-0.04385628105940988	0.9570914997654878	0.785034846370556	1.1668579339610161	0.10110945527964896	0.6644695998759564	0.5245623941276115	-0.63159781422716	2.23756888744763e-5	NS	0.9694207018960088	-0.06327123919624315	0.17752488365749097	Non-significant
NES	-0.030335522570116562	0.9701199817869698	0.8456571943468105	1.1129010494486313	0.07005520899135163	0.6649980005074425	0.4985177865612648	-0.878523229116378	1.39502289522261e-5	NS	0.9694207018960088	-0.04376490797468241	0.1771796605162786	Non-significant
FABP5	0.024258985012151166	1.024555628085246	0.9179686651361529	1.143518591547413	0.05604746243373581	0.665138771592451	0.5032467532467533	0.692475699599139	0.0020588513568111	NS	0.9694207018960088	0.03499831737403032	0.17708773597597363	Non-significant
BCL2L10	-0.03429929689437777	0.9662822560757319	0.8272162852774091	1.1287270512254086	0.07928196258817516	0.665287794026041	0.5350084697910784	0.688115925594762	0.00435987658654306	NS	0.9694207018960088	-0.04948342553549703	0.17699044444176787	Non-significant
NFKBIZ	0.03554234859626732	1.0361815280321223	0.8820508700015934	1.2172451675412377	0.08216880451189504	0.665339667026922	0.502258610954263	0.594785763180058	4.9248659588715e-4	NS	0.9694207018960088	0.05127677006138157	0.1769565834871232	Non-significant
SPRR2D	-0.016082405100807613	0.9840462262855845	0.9148584845770927	1.058466409604905	0.037196337691197165	0.6654759457232639	0.5081874647092038	1.69171593886812	5.031894600217e-9	Up	0.9694207018960088	-0.023202006084502496	0.1768676379029836	Non-significant
ABCA3	-0.028089961728602186	0.972300892997603	0.8559937106749592	1.1044111828561263	0.06500236202606527	0.6656414418487745	0.5436900056465274	-1.90416816027894	2.80083758101445e-12	Down	0.9694207018960088	-0.04052524848461522	0.17675964734538585	Non-significant
AGR3	-0.0494844368822439	0.9517199697511645	0.7599170880062857	1.191933850572479	0.11482941078234454	0.666512943942525	0.5439017504234895	1.32391474484039	0.00587548781020633	Up	0.9694207018960088	-0.07139095169119626	0.1761914119992193	Non-significant
HSPA1B	0.04639968283421368	1.0474929922694516	0.8481009149767736	1.293762982066419	0.10773429066045281	0.666696482904971	0.5016233766233766	0.607924203832885	2.55553569536293e-5	NS	0.9694207018960088	0.06694059232374094	0.176071835948371	Non-significant
TAFA5	-0.03572614718100622	0.9649044991218867	0.8200643119520485	1.1353264358126336	0.08298436435126375	0.6668198871509784	0.5102343308865048	-0.568911894068812	0.0173769266072244	NS	0.9694207018960088	-0.05154193536810686	0.1759914563078343	Non-significant
LRFN5	-0.06065592840741306	0.9411470060226522	0.7135102921282951	1.2414084235608132	0.14127937610032465	0.6676807500288735	0.5032467532467533	-1.09398240611294	6.16757874484881e-5	Down	0.9694207018960088	-0.08750800711389083	0.17543114477408384	Non-significant
IFIT2	-0.025534961480957477	0.9747882983274602	0.8675274373577552	1.0953108635390543	0.05947720418422626	0.6676878171101119	0.5091050254093732	-0.706901483555494	0.00169595301932429	NS	0.9694207018960088	-0.03683916229786813	0.1754265479991401	Non-significant
HOXC4	0.047876476775029986	1.0490410663853675	0.842686041002309	1.305927837197832	0.11175577686875565	0.6683579578234026	0.5355731225296443	-0.70469876208641	6.05545780293418e-5	NS	0.9694207018960088	0.06907115561857138	0.17499087664154378	Non-significant
C4A	0.03667876503367981	1.037359731090584	0.8770839618384191	1.2269238277173924	0.08562979727788514	0.6684027705786741	0.48542490118577075	-0.827828219188992	3.8854924103111e-4	NS	0.9694207018960088	0.052916272420021476	0.17496175859232657	Non-significant
GIMAP6	-0.0365971493774719	0.9640644310874329	0.8152420406097712	1.1400543409080859	0.08554906081623724	0.668803025267182	0.5209627329192547	-0.779781479321006	6.84109155721541e-6	NS	0.9694207018960088	-0.052798525917551374	0.17470177107461435	Non-significant
PLCL2	-0.041435965544237986	0.9594107687209521	0.7935020147309246	1.1600084260023686	0.09687077718207705	0.6688369719013758	0.5432665160926031	-0.742050727527883	1.57262734565634e-5	NS	0.9694207018960088	-0.059779462005118064	0.17467972801976564	Non-significant
FCRL6	0.055204662009716174	1.0567568705299646	0.8203140593782561	1.3613506566725138	0.1292231269630713	0.6692306056627474	0.4970002823263693	-0.965185564057788	3.03816854265233e-5	NS	0.9694207018960088	0.07964349211536889	0.17442420583500834	Non-significant
FAS	-0.050525090762401505	0.9507300738306697	0.7537313404835113	1.199217313567239	0.11846860345073378	0.6697544240454762	0.5115753811405985	-0.624640591836177	8.18303024227972e-8	NS	0.9694207018960088	-0.07289229788338139	0.1740844089893432	Non-significant
SH3BP5	-0.042579847914430625	0.9583139430961836	0.7879569207885837	1.165502312757732	0.09986510634795548	0.6698356132792121	0.5365612648221344	-0.789775593612961	1.48507932468075e-5	NS	0.9694207018960088	-0.061429735427955316	0.17403176596384703	Non-significant
AKT3	-0.039364978262329424	0.9613997550929445	0.8022298940728505	1.1521503946957616	0.09234612696653775	0.6699064232474655	0.5202569169960474	-0.738888713179296	3.16449925986109e-6	NS	0.9694207018960088	-0.056791658923764546	0.1739858580537175	Non-significant
KIAA1755	-0.036353557065621454	0.9642992983757458	0.8158238869895044	1.1397964090991597	0.08530933034105083	0.6700072095611087	0.5230095990965556	-0.951534667088504	1.20676923071894e-6	NS	0.9694207018960088	-0.05244709649724602	0.17392052408162048	Non-significant
TSPAN2	0.03300298603784894	1.0335536254669422	0.8879762024949021	1.202997438123341	0.07745719950806589	0.6700493417215875	0.5076228119706381	-0.572112841830363	0.0137606467757186	NS	0.9694207018960088	0.0476132442913323	0.1738932151373896	Non-significant
BCAN	-0.04394642772624816	0.9570052250456723	0.7818218291930612	1.1714420940510193	0.10315596519700847	0.6700938134488842	0.5316911349520046	0.557911717547539	0.0298513156798162	NS	0.9694207018960088	-0.06340129334544342	0.1738643916110398	Non-significant
ADAM12	-0.027667427758730333	0.9727118099609056	0.8564348154490963	1.10477557447413	0.06495509258416701	0.6701464556271364	0.5068464144551101	-0.762877898149754	6.2841512924418e-4	NS	0.9694207018960088	-0.03991566082167398	0.17383027503049892	Non-significant
ASB4	0.056734922651073105	1.0583752219103233	0.8146801175504597	1.374966795214989	0.1335201367502322	0.6708974724521343	0.48320158102766797	-1.31002553608954	3.70724525062459e-5	Down	0.9694207018960088	0.08185119155392212	0.1733438442877297	Non-significant
CHRNA7	0.06139488987539261	1.063318725091056	0.8006648901502835	1.4121347458073852	0.14475147294669896	0.6714637145593638	0.5090697346132129	-1.00505507705457	3.84566124100292e-5	Down	0.9694207018960088	0.08857410315915308	0.17297745133841572	Non-significant
PABPC5	-0.07075869522174029	0.9316866854536904	0.6718290446319176	1.292055005343311	0.16683606232069625	0.6714774939878504	0.5116106719367589	-1.07360509364668	2.32525316379068e-6	Down	0.9694207018960088	-0.10208321869617835	0.1729685390647918	Non-significant
LGI3	0.024744763991330472	1.0250534565798886	0.9142856422990675	1.1492410470366732	0.058346481016206965	0.6714926181302181	0.4804136081309994	2.03541692110184	7.74168369275754e-12	Up	0.9694207018960088	0.03569914829826021	0.1729587572662025	Non-significant
FRMPD3	-0.06879012234184116	0.9335225850534336	0.6792188245221337	1.28303925825078	0.16225900516959724	0.6716004035912382	0.5297501411631846	-0.750832322429539	6.2151809634335e-4	NS	0.9694207018960088	-0.0992431683647193	0.17288905154918385	Non-significant
ADAM11	-0.06629058994022073	0.9358588736005189	0.6888185897048522	1.2714985402355532	0.1563736630735489	0.6716210483369467	0.5314793901750423	0.647934280118747	6.34706980511e-4	NS	0.9694207018960088	-0.09563710536436021	0.17287570170410904	Non-significant
COL8A1	-0.025652046034684607	0.9746741723558967	0.8656567348336116	1.0974208413456754	0.060518858509517784	0.6716616185235005	0.5187041219649915	-0.731959341379597	0.00202422356372282	NS	0.9694207018960088	-0.03700807960289491	0.17284946834520382	Non-significant
CR1L	-0.10137519514153799	0.9035939452196499	0.5653812800128707	1.4441263740091017	0.2392287573180331	0.6717420204586585	0.5338438735177866	-1.34770585467559	9.76149464903636e-6	Down	0.9694207018960088	-0.14625349129984785	0.17279748379521165	Non-significant
MYO3A	-0.026412439879104507	0.9739333178212329	0.8617114847019406	1.100769949573516	0.062461519677485026	0.6723978561603041	0.531055900621118	-1.42632242378267	0.00167326933281897	Down	0.9694207018960088	-0.0381050960313619	0.17237367991316488	Non-significant
DCC	-0.06790487548139998	0.9343493488820529	0.6820149257011738	1.2800434020689258	0.1606146149559424	0.6724547426136949	0.5495835686053077	-0.676064970250964	0.00862596845890988	NS	0.9694207018960088	-0.09796602710919829	0.172336939124115	Non-significant
GJA5	0.038757441538020215	1.0395183091056028	0.8685599138840076	1.2441263955339308	0.09167319050851672	0.6724569744899245	0.5008469791078487	-0.85870943753479	9.18760748789073e-6	NS	0.9694207018960088	0.0559151687044456	0.1723354977038069	Non-significant
PM20D1	0.09908285487259587	1.1041577806212428	0.6972555512278793	1.7485187494878436	0.23453805753651846	0.6726895803208275	0.4799195369847544	-1.0425343933703	1.47856429543086e-5	Down	0.9694207018960088	0.14294634336181494	0.17218529930428633	Non-significant
PCDHB4	-0.04277467546889682	0.9581272553207911	0.785628540886393	1.1685011294941006	0.10127559416894832	0.6727628784331481	0.5108695652173914	-0.668081114365077	0.00410811567834124	NS	0.9694207018960088	-0.06171081217461227	0.17213797995749092	Non-significant
GADL1	0.06503685993775628	1.067198360524367	0.7883859351063596	1.4446127080542706	0.15449488152997007	0.6737810077238057	0.5007058159232072	-1.01457698195392	0.00634711848494905	Down	0.9694207018960088	0.09382835530719112	0.17148123490580092	Non-significant
EVI2B	-0.03550783487418039	0.9651151726444313	0.8180322828397948	1.1386436892624527	0.08436157195431088	0.6738276790029849	0.5217391304347826	-0.829102922601656	3.37477835645619e-6	NS	0.9694207018960088	-0.05122697728568418	0.17145115335583963	Non-significant
S100A2	-0.026837723289663395	0.9735192082013902	0.8591152271751842	1.1031577822840823	0.06378408104690625	0.67393110621194	0.4730378317334839	0.573991401366707	0.0036030925079843	NS	0.9694207018960088	-0.0387186502987477	0.1713844977098757	Non-significant
RFX8	-0.060267972992655745	0.9415121999346188	0.7109965361359627	1.2467644743296078	0.14327801440904148	0.674020483048058	0.5023997741389046	-0.713714284232598	3.8409346518466e-4	NS	0.9694207018960088	-0.08694830576093435	0.17132690533474568	Non-significant
P2RY1	-0.024510488372025914	0.9757874544428955	0.8703417192845503	1.0940084051478698	0.0583474370931664	0.6744283022210789	0.5324675324675325	1.04647399950215	4.15569936331015e-7	Up	0.9694207018960088	-0.03536116002408842	0.17106421293768587	Non-significant
APOBEC3D	-0.07358653130824636	0.9290557499037159	0.6589135899250557	1.3099511068322771	0.1752972745958983	0.6746451706952753	0.5269268774703557	-0.528861491614319	0.00763405702179954	NS	0.9694207018960088	-0.10616292379462741	0.17092458409708614	Non-significant
TMEM119	-0.02696886609917938	0.9733915465284471	0.8581956520859072	1.1040502250857316	0.06426358221368425	0.6747337228518491	0.5266798418972332	-0.77153025029527	0.00126484230420176	NS	0.9694207018960088	-0.038907849379684625	0.17086758348265568	Non-significant
CFAP300	-0.038313251240355284	0.9624114170971761	0.8042819920537193	1.1516305784664764	0.09157927650050246	0.6756827689898396	0.5273150762281197	-0.757188893876634	8.966000706667e-4	NS	0.9694207018960088	-0.055274337564793476	0.17025715614983336	Non-significant
RUSC2	-0.04681408285304963	0.9542647952873983	0.7662186583965214	1.1884614000794143	0.11197839043390957	0.6759006577910652	0.4959768492377188	-0.534349044906258	1.3658236901532e-4	NS	0.9694207018960088	-0.06753844517585983	0.17011713089799088	Non-significant
C3AR1	0.036243208552285994	1.0369080007203573	0.874828770882903	1.2290155945291863	0.0867211398203848	0.6759996247912138	0.5038819875776397	-0.730999204484872	2.80529977919413e-5	NS	0.9694207018960088	0.052287897244287534	0.17005354511036205	Non-significant
FOLR2	-0.03310171083858337	0.9674401554352438	0.8283230681051135	1.1299219958821654	0.07921079785749122	0.676024677896933	0.5050112930547713	-0.702109579079458	7.9290544991452e-4	NS	0.9694207018960088	-0.047755674071764745	0.17003745009557866	Non-significant
NOTCH4	-0.0477897058182406	0.953334246644367	0.7618204103286573	1.1929926968390057	0.11441777961579673	0.6761830933053922	0.5039525691699605	-0.690371890716845	6.3447554570237e-7	NS	0.9694207018960088	-0.06894597158951822	0.1699356921564184	Non-significant
GPR182	-0.10406044517097365	0.90117082435035	0.5523401078713024	1.4703057827723678	0.24976522205620091	0.6769468344471407	0.5155985319028797	-0.719660129020503	2.4422194075379e-4	NS	0.9694207018960088	-0.15012748820086155	0.16944543827630879	Non-significant
RNF225	-0.04046687494141057	0.9603409753356162	0.7937898867196378	1.1618374135752851	0.09718015515254005	0.6771093607322985	0.5122459062676454	1.08132204835982	9.33679394529682e-5	Up	0.9694207018960088	-0.05838135979824683	0.16934118223523964	Non-significant
UGT1A1	0.032325275822748335	1.0328534129145088	0.88704933450505	1.202623271415211	0.07764426067659935	0.6771719280217309	0.48355448898927156	2.84971012355781	1.26822167531075e-13	Up	0.9694207018960088	0.04663551512484683	0.16930105374968338	Non-significant
PIK3R1	0.0402633131961711	1.0410848694888208	0.8612468444163661	1.258475096315788	0.09675557066903434	0.6773117207003795	0.4983060417843026	-0.557143022526629	2.0682706931824e-4	NS	0.9694207018960088	0.058087682277875335	0.16921140897734463	Non-significant
WNT10B	0.03712199155817897	1.0378196183484374	0.8712152524910941	1.2362840952901089	0.08928133016950958	0.6775660762465048	0.5307735742518351	-0.749435997130378	9.2780782984484e-4	NS	0.9694207018960088	0.05355571312890684	0.16904834598868196	Non-significant
SMKR1	0.05142564429536479	1.0527709038594208	0.82593675962194	1.3419024678357958	0.12380978263003424	0.6778783073789253	0.4900479954827781	0.899542056122282	6.12398899536666e-5	NS	0.9694207018960088	0.07419152199944275	0.16884826362171035	Non-significant
FZD8	-0.04569982910278915	0.9553286810235513	0.7699678364630781	1.1853130034347379	0.11005646452316573	0.6779663339840546	0.5166572557876905	-0.516363594113493	9.8511388014351e-4	NS	0.9694207018960088	-0.06593091681606697	0.16879187151341746	Non-significant
FKBP7	-0.04208453622378216	0.9587887247682602	0.7855258885948985	1.1702680103733971	0.10169438268693716	0.6789960920991015	0.5120694522868436	-0.594801463383513	2.5433684907698e-4	NS	0.9694207018960088	-0.060715151708162524	0.16813272525510953	Non-significant
MATN1	-0.11306564134213508	0.893092034432112	0.5227841331287394	1.5257031180203602	0.2732300237997365	0.6790123881277674	0.5030702992659515	-0.50399335731313	0.00555467066659925	NS	0.9694207018960088	-0.16311924005922837	0.16812230223429642	Non-significant
NOVA1	-0.04234334126318145	0.9585406175216586	0.7842375954029359	1.1715838679816537	0.10239979382414964	0.6792329793507116	0.5270327498588367	-0.978049334644466	7.77369593903437e-5	NS	0.9694207018960088	-0.061088528455060936	0.16798123559933179	Non-significant
DBNDD1	-0.0311683413010704	0.9693123840328116	0.8361634141934956	1.1236637263609681	0.07539060581758063	0.6792954547410626	0.5417137210615471	0.711929219782059	3.6102218188888e-4	NS	0.9694207018960088	-0.04496641142778901	0.1679412913234191	Non-significant
ZNF154	0.06817993270941261	1.0705579195367854	0.7748101455155132	1.4791936653338298	0.16496077908970452	0.6793795348317839	0.4995059288537549	-0.580254646661274	3.05636813814835e-5	NS	0.9694207018960088	0.09836285080801285	0.16788753966129966	Non-significant
KLHDC1	-0.07234196094096684	0.9302127449911526	0.6599436310219456	1.3111661515757558	0.1751353070353434	0.6795602660617598	0.521880293619424	-0.558484841028277	2.99627054153596e-5	NS	0.9694207018960088	-0.10436738829771601	0.16777202229062987	Non-significant
BDH1	-0.038480057898077374	0.9622508938538816	0.801437831540216	1.1553320123946897	0.09330162116514053	0.6800268678609197	0.5157396950875212	0.837722935149916	1.4522429585427e-9	NS	0.9694207018960088	-0.05551498870267642	0.16747392798020122	Non-significant
ANGPT1	-0.03814978973691147	0.9625687471727014	0.802801125456482	1.154132155092313	0.09260296201448508	0.6803602448853225	0.5439723320158103	-0.614458248025871	0.00472947254943943	NS	0.9694207018960088	-0.055038512464398844	0.16726107120784103	Non-significant
CDRT1	0.04192355358176141	1.0428147562505505	0.8542011853686324	1.273075517197507	0.10179375133254094	0.6804508318088364	0.501764539808018	1.08019217822389	1.94618382760744e-7	Up	0.9694207018960088	0.060482902848849884	0.1672032506892598	Non-significant
THSD7A	0.0431728778956114	1.0441183842378865	0.8499302201975999	1.2826737706185793	0.10498861523557	0.6809149986574279	0.4967532467532467	-0.610718541304017	0.00514702343268883	NS	0.9694207018960088	0.062285296840903226	0.16690709942069418	Non-significant
EPHX1	-0.039532720739864066	0.9612385010410792	0.7960465926031677	1.1607102705661705	0.09620831922280937	0.6811403565853718	0.5553359683794467	1.03595525099517	5.051422133996369e-11	Up	0.9694207018960088	-0.0570336601642502	0.16676338763236556	Non-significant
MEF2C	0.025297454928759365	1.0256201509247092	0.9089986701782434	1.1572037765209926	0.06158740856304148	0.6812507769373437	0.5130575945793336	-1.02790021584648	1.33502064621535e-5	Down	0.9694207018960088	0.03649651277283306	0.1666929894207562	Non-significant
NPAS3	-0.06526708290080743	0.936817222100103	0.6859364972888935	1.2794573711882935	0.1590351377110305	0.6815168704117048	0.5136575381140598	-0.536278457764871	0.0122311830012263	NS	0.9694207018960088	-0.09416049683428376	0.16652338907945227	Non-significant
PDZK1IP1	-0.02099208767491298	0.9792267124988907	0.8858052705447051	1.082500845678804	0.05115708787892737	0.6815524208632489	0.5174336533032184	0.780305619252199	6.8989609692833e-4	NS	0.9694207018960088	-0.030285180786503225	0.1665007352568813	Non-significant
GAST	0.029005966548598223	1.0294307366053257	0.896206679932187	1.1824589854072158	0.07071057972592748	0.6816541917430889	0.5152103331451158	0.672788203134586	0.0439150510683928	NS	0.9694207018960088	0.041846764095853944	0.16643589030791117	Non-significant
PLA2G4E	-0.017005478690111955	0.983138298310081	0.9062140492252605	1.0665922851564407	0.041569266258497356	0.6824752465631533	0.49385940146809715	1.20176457133086	3.90189767612541e-5	Up	0.9694207018960088	-0.024533719774167424	0.16591309590037137	Non-significant
BMP7	-0.023014343679655744	0.9772484663338014	0.8752134781606369	1.091178996647585	0.056262821424796376	0.6825024912674592	0.5479954827780915	0.738438232098654	0.00125145922715367	NS	0.9694207018960088	-0.03320267949595355	0.16589575902458975	Non-significant
FASLG	-0.03702415237689652	0.9636528605608982	0.8069805130143035	1.1507425776596691	0.09052799310008088	0.682554226947283	0.5178924336533033	-1.06882735235955	3.02655649178119e-5	Down	0.9694207018960088	-0.05341456102726596	0.16586283948362723	Non-significant
FMNL1	-0.044516075030883076	0.9564602248423896	0.7725596437780622	1.1841366153062467	0.10894587404151515	0.6828279022852242	0.5225861095426313	-0.73537974300862	2.02587969935729e-8	NS	0.9694207018960088	-0.06422312068689595	0.16568874069011308	Non-significant
CLDN6	-0.044732925871804656	0.9562528381251291	0.7714961995642231	1.1852546920372014	0.1095380369473162	0.682996172945509	0.48676595143986445	1.16725093876042	2.3185524044854e-4	Up	0.9694207018960088	-0.06453597031970626	0.1655817298079315	Non-significant
RPL38	-0.04347958196470676	0.9574521031822236	0.7769690039974755	1.1798598466239998	0.1065709579299456	0.6832831050295461	0.4691558441558441	0.540844051313063	2.5671029305734e-4	NS	0.9694207018960088	-0.0627277772804076	0.16539931758135507	Non-significant
ITK	-0.03149782659163918	0.9689930624690746	0.8328687057790062	1.1273656322997168	0.07723684718295575	0.6834144267530924	0.5250564652738565	-0.947607017898857	5.92836620459283e-6	NS	0.9694207018960088	-0.04544175822253843	0.16531585756370026	Non-significant
ZDHHC11B	0.031467387362109606	1.0319677198572854	0.8871079898560806	1.2004822265215054	0.07717281814219568	0.6834556004773525	0.48560135516657255	0.83085945802781	0.00126704360589024	NS	0.9694207018960088	0.04539784369704755	0.1652896933770625	Non-significant
C1orf210	-0.04151164070004844	0.9593381679086165	0.7857976938770435	1.171204404870992	0.10181016971813887	0.6834677256528767	0.5398080180688876	0.607572073124173	7.30837506199299e-5	NS	0.9694207018960088	-0.05988863817712427	0.16528198863353852	Non-significant
DSG4	-0.04655209820337071	0.9545148307667912	0.7630831117145362	1.1939702873342992	0.11420425561392335	0.6835516530011575	0.5142574816487859	1.2972959972381	7.6083579982544e-6	Up	0.9694207018960088	-0.06716048122097897	0.1652286621264618	Non-significant
CIDEC	0.06188066086779044	1.0638353799611935	0.7897585405765435	1.4330275109541382	0.15199702050519726	0.6839216238437099	0.5247741389045737	-1.19920707732775	4.1940746668741e-4	Down	0.9694207018960088	0.0892749225608931	0.16499366477473773	Non-significant
GRHL3	-0.023556060675843305	0.9767192175945514	0.8718255809171808	1.0942331251795836	0.05796526731331087	0.6844616972419623	0.5381140598531903	0.976235454629744	2.94359441662163e-6	NS	0.9694207018960088	-0.03398421191991864	0.16465085014780048	Non-significant
NFE2L3	0.03329497838605715	1.033855459281479	0.88022134584387	1.214304919703353	0.08208153487772842	0.6850122855793754	0.5091050254093732	-0.845769959470664	3.66022250275415e-6	NS	0.9694207018960088	0.04803450020406986	0.16430163943971562	Non-significant
IGDCC4	-0.03518195459409102	0.9654297358994081	0.814323133928852	1.1445758276102653	0.08684652782984677	0.6854003995772582	0.5254093732354602	-0.583703322300705	0.00793885743838462	NS	0.9694207018960088	-0.05075683142167581	0.16405564671947587	Non-significant
DACT3	-0.044270526467552834	0.9566951111132951	0.7721873371497672	1.1852894907684333	0.10931709404682426	0.6854969882327953	0.5062111801242236	-0.541248986001078	0.0026964235699466	NS	0.9694207018960088	-0.06386886899228209	0.16399444896600926	Non-significant
RAB10	0.06374545126379161	1.0658210608245486	0.7827759651588889	1.4512128428299211	0.15747952580278018	0.6856350822182836	0.5175042348955392	0.56500757100358	2.7362365378425903e-10	NS	0.9694207018960088	0.09196524641750116	0.16390696876278613	Non-significant
IDO2	-0.07049127945702155	0.9319358664771413	0.6622487423575077	1.311447502542251	0.17430053465998735	0.6859011231835358	0.511434217955957	-0.860365326019972	5.416911154333e-4	NS	0.9694207018960088	-0.10169741929856302	0.16373848597077048	Non-significant
SH3BGR	0.08276803976448682	1.0862898032831625	0.7270074639399602	1.623127127638987	0.2048948744293202	0.6862467768266689	0.4955886504799548	-0.769675091628222	0.0031196000699803	NS	0.9694207018960088	0.11940904051232558	0.16351968233737696	Non-significant
GDPD2	-0.019602252340622937	0.9805886225803521	0.8915940358537241	1.0784662167612187	0.04854278709453479	0.686349571702988	0.4949181253529079	1.06386028301599	0.00143102365202714	Up	0.9694207018960088	-0.028280072242070773	0.16345463299102744	Non-significant
ALOXE3	-0.02221483664491859	0.978030095774804	0.878030849014119	1.0894182924384823	0.05503096721099379	0.686448906558056	0.4983060417843026	1.30922549436633	4.81200425171582e-7	Up	0.9694207018960088	-0.03204923466178251	0.16339178242676017	Non-significant
ARMC4	0.06343248031422612	1.0654875419886514	0.7823093580113175	1.4511697840595106	0.1576240690831128	0.687368406582757	0.4880364201016375	-0.764861038075664	0.0160997362944159	NS	0.9694207018960088	0.09151372478062089	0.16281043315615887	Non-significant
LILRB2	-0.03323953201043013	0.9673068308870139	0.8226882553634517	1.1373475906342034	0.08262315527129196	0.6874611470349105	0.5119988706945229	-0.728883907411169	1.4137997882312e-4	NS	0.9694207018960088	-0.04795450799291753	0.16275184165065248	Non-significant
PDGFC	-0.034551080214343347	0.9660389929473575	0.8162889117820373	1.143261071447621	0.08593823623281288	0.6876505489227982	0.48595426312817613	-0.539751910899923	0.00160961042667265	NS	0.9694207018960088	-0.04984667208258996	0.1626322059940965	Non-significant
ZEB1	-0.03741766217331178	0.9632737283209415	0.8026375663704394	1.1560588671040066	0.09308046253213384	0.6876894325346756	0.5146809712027103	-0.680359691388951	1.7054330172604e-5	NS	0.9694207018960088	-0.05398227565909553	0.1626076492469547	Non-significant
MPZL3	-0.04316431095249818	0.9577540076643002	0.7759190962630169	1.182201525410182	0.10742172424358482	0.6878157228983603	0.5112930547713157	0.696609393195508	7.63350274883979e-7	NS	0.9694207018960088	-0.06227293735455836	0.1625279007879928	Non-significant
TMEM213	-0.05089510530598179	0.9503783549508964	0.7414006154363614	1.2182604097618266	0.12669572237973678	0.6878964959002928	0.5307735742518351	1.69913872798314	0.00107171490501822	Up	0.9694207018960088	-0.07342611603046142	0.16247690281241772	Non-significant
KCNJ8	-0.04861884270956172	0.9525441296535521	0.7513298488340024	1.2076457768123483	0.12106940228374388	0.6879944150208044	0.5053642010163749	-0.626966300708232	3.23223265210508e-5	NS	0.9694207018960088	-0.07014216327084528	0.16241508725212112	Non-significant
MMP2	-0.02746007304998149	0.9729135272477485	0.8506945142254183	1.1126917073910205	0.06849213331054994	0.6884767996957039	0.5178571428571428	-0.764098886983001	7.40304293285244e-5	NS	0.9696640607140803	-0.03961651121165698	0.16211069002419481	Non-significant
CEACAM5	-0.014947059340698326	0.9851640934591488	0.9155091067293353	1.0601186639294928	0.03741288558400109	0.6895127819014414	0.5278797289666854	1.23473037615337	3.7093584533648e-4	Up	0.9696640607140803	-0.021564048386698516	0.1614576786428641	Non-significant
ITIH4	-0.09969120491712527	0.905116870526007	0.554806170696678	1.476617587511807	0.2497215597666144	0.6897388854616658	0.5049407114624507	-0.821970208906675	5.6008237116698e-4	NS	0.9696640607140803	-0.14382400695418207	0.16131528906778167	Non-significant
IZUMO1	-0.0584897883133922	0.9431878718894496	0.7077545115663372	1.2569377476811283	0.1465170760495966	0.6897449805499553	0.5018351214003388	1.01932691431443	1.33719518806784e-5	Up	0.9696640607140803	-0.08438292754237624	0.16131145130892702	Non-significant
DENND2C	0.04127413422109711	1.0421377520118786	0.8509477557792418	1.2762841041561215	0.10340938898717578	0.6897949615779193	0.5160220214568041	0.6484456445327	5.15140406927924e-6	NS	0.9696640607140803	0.05954598875776234	0.16127998214447403	Non-significant
MAPK13	0.043688859474874345	1.0446572691060998	0.8428967276003475	1.294712358183041	0.10949165161426581	0.689881828047094	0.48962450592885376	0.741867635164651	1.29861181598698e-10	NS	0.9696640607140803	0.06302970090649594	0.16122529451247425	Non-significant
BAMBI	-0.03067778873843782	0.9697879993544102	0.8338691914742828	1.1278612680593736	0.07704271411745832	0.6904886977472547	0.5283032185206098	0.571905656033461	0.0132775771524644	NS	0.9699356471220474	-0.04425869367838346	0.16084342576916238	Non-significant
MYMX	0.08722449007754784	1.091141602688864	0.7100124517044625	1.6768579118018023	0.2192373252547415	0.6907376640903329	0.5124223602484472	-0.85838844574409	8.5210806202564e-4	NS	0.9699356471220474	0.12583833927894678	0.16068686242351987	Non-significant
CCL13	-0.031164469762404695	0.96931613677045	0.8312623992354657	1.1302974534488037	0.07839190015702246	0.6909640876351617	0.5051524562394127	-0.739734235285035	0.00167834681262637	NS	0.9699356471220474	-0.044960825978155296	0.16054452418467846	Non-significant
BDNF	-0.03924474755767127	0.9615153518119558	0.7921114110276958	1.1671486597707201	0.09888369405888435	0.6914575413466223	0.5236448334274422	0.816135899976239	7.6111741992259e-4	NS	0.9699356471220474	-0.056618202682391566	0.16023448240209792	Non-significant
PTPRM	0.038463259346407645	1.0392125463083988	0.8592244359147909	1.2569041000969456	0.09703666810616587	0.6918257454514471	0.5126341050254093	-0.608502207653485	3.26280573044967e-5	NS	0.9699356471220474	0.05549075351548826	0.16000328028140093	Non-significant
RUNX3	0.037369163236379316	1.038076169669978	0.8629187415473077	1.2487874954534355	0.0942894436532055	0.6918660730296733	0.5167278373800113	-0.624931693025042	1.75377257738059e-5	NS	0.9699356471220474	0.05391230648329475	0.1599779653312608	Non-significant
CCDC190	0.018271071439380976	1.0184390087038764	0.9303806094585932	1.1148319342696875	0.04613992462523811	0.6921104437715797	0.5187041219649915	1.81870785291902	2.5430137420163e-5	Up	0.9699356471220474	0.026359584157323056	0.15982459731588897	Non-significant
TTC22	-0.034725448274123646	0.9658705612874628	0.8130054677634309	1.1474780652191336	0.08790569476049637	0.6928202301716327	0.5387492941840768	0.863999929918953	5.26063510507311e-10	NS	0.9699356471220474	-0.050098232017724335	0.15937943951895095	Non-significant
LRRC75A	0.06465444016340476	1.0667903207943503	0.7739406634536048	1.4704506976828913	0.1637349018811006	0.69293685028817	0.4966826651609261	-0.607045403714316	1.4927920536528e-4	NS	0.9699356471220474	0.0932766401951962	0.1593063423305263	Non-significant
ENTPD3	0.036176434290915285	1.036838764266132	0.8663409976163521	1.2408908571137307	0.09166143967429226	0.6930831128181131	0.51270468661773	0.664902090830271	5.59379712553001e-5	NS	0.9699356471220474	0.05219156234854902	0.15921468274179001	Non-significant
FGFBP1	0.02101781989331338	1.021240249867683	0.9199494128529636	1.133683693232054	0.05329404886899047	0.6933044841318688	0.5208215697346132	0.688826021748701	0.00303743810220687	NS	0.9699356471220474	0.03032230453038066	0.15907599087662277	Non-significant
MYH8	0.018665450197986305	1.0188407386275116	0.9285210155511561	1.1179461027824884	0.04736194925143369	0.6935055587355415	0.5152456239412762	-1.03649231564131	0.02164421883131	Down	0.9699356471220474	0.02692855243659481	0.15895005352581254	Non-significant
TMEM26	-0.04678624118581472	0.9542913639801394	0.7557985436870022	1.2049136836445271	0.1189788055147385	0.694148338436494	0.506740542066629	-0.931081137230272	7.75488498235387e-7	NS	0.9699356471220474	-0.06749827814060982	0.15854771156181444	Non-significant
PDLIM2	0.040207875073100946	1.0410271552974975	0.8516236467961597	1.272554539958891	0.1024602775936119	0.6947449335109288	0.5390316205533596	0.668916207918069	1.41068378850074e-6	NS	0.9699356471220474	0.05800770197264556	0.15817461167008576	Non-significant
S100A11	-0.053265155695920254	0.9481285774562794	0.7260890453547196	1.2380682577990152	0.1361338606645014	0.6955973454636012	0.4799548277809147	0.508913634672434	8.57485676097817e-7	NS	0.9699356471220474	-0.07684537597468259	0.1576420840193967	Non-significant
BEST1	-0.06980710674925548	0.9325736897281236	0.6573595389047353	1.3230106742227752	0.17843035015114939	0.6956280600564256	0.5095990965556183	-0.54618047805206	5.62617075231391e-6	NS	0.9699356471220474	-0.10071036672595741	0.15762290786271238	Non-significant
CTAGE9	-0.07186082331422013	0.93066041302998	0.6490471683842268	1.3344620338415791	0.18387534969487082	0.6959356810685102	0.49908243929983065	0.681820952054522	0.00477855325620626	NS	0.9699356471220474	-0.10367325342962344	0.15743089637765592	Non-significant
HTRA4	-0.06159154894073939	0.9402668613638518	0.6902796382046331	1.280787845457115	0.15769011279210185	0.6961032824368248	0.5083286278938453	-0.556236528309006	0.0399685390575397	NS	0.9699356471220474	-0.08885782221747465	0.1573263183425887	Non-significant
PCSK2	-0.054965103947441064	0.9465181771252437	0.7183566394860722	1.2471474618365577	0.14072912518125272	0.6961123224876984	0.5752752682100508	1.63363670427119	7.27711638348298e-5	Up	0.9699356471220474	-0.07929788288691952	0.15732067834804092	Non-significant
ARHGAP8	-0.05620262178531249	0.945347568471121	0.7126630803712669	1.2540035394406719	0.14415769307048515	0.696633386530067	0.5207156973461321	0.58356362321922	0.00198320764385452	NS	0.9699356471220474	-0.08108324373462832	0.1569957155821721	Non-significant
SLC22A2	-0.07282023850813027	0.9297679514783923	0.6443216797597887	1.3416721348234173	0.18711412007557243	0.6971462971014146	0.5265386787125917	-1.24709842341619	1.12726308664705e-5	Down	0.9699356471220474	-0.10505739697203102	0.15667607504856762	Non-significant
NTRK2	-0.015936510766648003	0.9841898035278491	0.908245524439949	1.0664842746849446	0.0409721940984127	0.6973063475145662	0.551665725578769	1.19892276524832	2.4969082054476e-4	Up	0.9699356471220474	-0.022991525052116574	0.15657638143497427	Non-significant
SPARC	-0.029264431934256707	0.9711596248917265	0.8379758433201342	1.125510985236748	0.07525728775207964	0.697380863218062	0.5002117447769622	-0.697655113553763	1.5323960951812e-4	NS	0.9699356471220474	-0.04221965082598483	0.15652997424255846	Non-significant
DAAM2	-0.03414190740692874	0.9664343507134814	0.8135340397016765	1.1480716339558268	0.08787181990704479	0.6976148548031728	0.5136222473178995	-0.502001343115339	0.0105541099173217	NS	0.9699356471220474	-0.049256360502466214	0.15638428023953657	Non-significant
SRPK3	0.026018909711702645	1.0263603564683856	0.8997516491746426	1.1707848296763086	0.0671723612522705	0.6985004689129237	0.5153867871259176	-0.759306668054543	0.00883750153915081	NS	0.9699356471220474	0.03753735201041117	0.15583329800187243	Non-significant
DCHS2	0.031396468052796146	1.0318945360144638	0.8802827095031243	1.2096185940736421	0.08107732162954427	0.6985777545344	0.5006705251270469	-1.01879320403355	0.00134799459465501	Down	0.9699356471220474	0.04529552876119772	0.15578524812405098	Non-significant
PHC1	-0.04976015317384355	0.9514576012217645	0.7395251236985562	1.2241255069133787	0.12856709221335033	0.6987292107981804	0.5289384528514963	-0.567495611268557	4.16901265664884e-5	NS	0.9699356471220474	-0.07178872621777926	0.1556911004220799	Non-significant
NUGGC	-0.04036650161322819	0.9604373727932864	0.7828473434560382	1.1783139519714945	0.10431368415764378	0.6987767479833292	0.5250564652738565	-0.990202109539736	1.7345372347377e-4	NS	0.9699356471220474	-0.05823655169544065	0.15566155473453047	Non-significant
IL2RA	-0.034974293753217554	0.9656302386677353	0.8087585381404334	1.1529297235902538	0.09045093872224322	0.6990035630502672	0.512987012987013	-0.842793726509984	1.24713383348771e-6	NS	0.9699356471220474	-0.0504572401563609	0.15552061050735727	Non-significant
GBP4	0.022302906456506427	1.0225534756142334	0.9132311735954488	1.1449626783699183	0.057689394091022944	0.6990499616797586	0.5024703557312253	-0.938761208132149	2.32881654408854e-5	NS	0.9699356471220474	0.032176292542212125	0.15549178375872863	Non-significant
TFEC	0.0350412102187153	1.035662387793728	0.8668945937738074	1.2372860428409491	0.09075630829091408	0.6994209812026808	0.5019762845849802	-0.761105425217268	7.09433191145916e-5	NS	0.9699356471220474	0.050553780209288274	0.1552613438828284	Non-significant
GAN	0.04712244447421095	1.0482503536853498	0.825148056281403	1.3316747165998581	0.12210167786320716	0.6995500649659625	0.48708356860530777	0.627053855636904	8.3777855186023e-8	NS	0.9699356471220474	0.0679833169575096	0.1551811987412843	Non-significant
PDE4DIP	0.03449316497471901	1.0350949534517606	0.8683583160869823	1.2338472987618392	0.08961593647195747	0.700311580090733	0.507128740824393	-0.712576937246349	7.30030353084543e-5	NS	0.9699356471220474	0.04976311805359195	0.15470869226128334	Non-significant
ZNF683	0.028371646009642627	1.028777954604068	0.8903180861883283	1.188770728460132	0.0737503990105985	0.7004610263325007	0.5050112930547713	-0.758043795841247	0.00696578785029224	NS	0.9699356471220474	0.04093163299996865	0.1546160238608741	Non-significant
RUNX2	0.042796151974309374	1.0437251118602366	0.8389620564239395	1.298464097138135	0.1114234506334791	0.7009149435928882	0.5229390175042349	-0.574631819713752	3.10035275659834e-5	NS	0.9699356471220474	0.06174179622246642	0.1543346807059296	Non-significant
GABRB2	-0.050577151590401825	0.9506805793241949	0.7342345752398156	1.2309329938718696	0.13181342467310733	0.7011988975542034	0.5213156408808582	-0.70646836924474	0.0358318649718864	NS	0.9699356471220474	-0.07296740578176199	0.1541587753884287	Non-significant
DOCK2	-0.029997505115149075	0.9704479547013887	0.8324043750615664	1.131384289894504	0.07828685864183031	0.7015905998024936	0.519621682665161	-0.801306271183771	2.21621510619985e-5	NS	0.9699356471220474	-0.04327725186866696	0.15391623845794364	Non-significant
LILRB1	-0.0334336185695249	0.9671191078504665	0.8149102558834606	1.1477575131944853	0.08737082419170392	0.7019693388240984	0.5157396950875212	-0.75220599010029	1.0927228791217e-4	NS	0.9699356471220474	-0.048234515709226794	0.15368185691622246	Non-significant
ABCD2	-0.04530685094322318	0.9557041781066444	0.7576327349237163	1.205558358222815	0.11849691127788284	0.702204545331747	0.5314793901750423	-0.775839472436453	0.00148137732035188	NS	0.9699356471220474	-0.06536396917408348	0.15353636369705992	Non-significant
CTSS	0.02897176708414986	1.029395531227453	0.8872376074214228	1.1943307529430862	0.07582497597546459	0.7023965456668909	0.5059288537549407	-0.522650943798291	0.00536203465343449	NS	0.9699356471220474	0.0417974246980931	0.15341763292413046	Non-significant
GLT8D2	-0.03206162061511351	0.9684469039465888	0.8215606993618876	1.141594779901472	0.0839239070036583	0.7024376062692059	0.49809429700734054	-0.76210625372816	2.0070197230043e-5	NS	0.9699356471220474	-0.04625514106428769	0.1533922457380494	Non-significant
C10orf99	-0.01588419903783102	0.9842412895446052	0.9072062931713272	1.067817676460365	0.04158301413725053	0.702470503989345	0.5294325239977413	1.05929864704282	1.2307689238638e-4	Up	0.9699356471220474	-0.022916055180372034	0.1533719066166195	Non-significant
VSNL1	-0.03855176782370539	0.9621818933878866	0.7891526820595218	1.1731494006297636	0.10114660127132627	0.7030938497056117	0.5231507622811971	0.575346268369578	1.22573795711908e-5	NS	0.9699356471220474	-0.05561844425676242	0.15298670102723616	Non-significant
TMIGD2	-0.04986710272443333	0.9513558487001987	0.7360226529030233	1.229687628887866	0.13093469146671532	0.7033110106431192	0.5059994353472614	-0.687575957967158	0.00329889267248201	NS	0.9699356471220474	-0.07194302180404054	0.15285258346229746	Non-significant
SERPINA6	-0.06690936809107693	0.9352799637041189	0.6623275792721991	1.3207189884310697	0.17606733966946764	0.703929482713741	0.4737436476566912	-0.8606497437378	0.00116898091001731	NS	0.9699356471220474	-0.096529813534011	0.15247084483831108	Non-significant
L1CAM	0.020904174675621754	1.0211241973917005	0.9167305610710876	1.1374057665107	0.05502440450866702	0.704014205025886	0.5423489553924337	-0.886354871147734	0.00206330474789201	NS	0.9699356471220474	0.030158349138396004	0.15241857792874153	Non-significant
IGFBP1	0.06958102100337082	1.0720589169752786	0.7483452455785083	1.5358022627346724	0.18340738558040354	0.7044059954252364	0.5143280632411067	-0.770608056163074	0.014032611882766	NS	0.9699356471220474	0.10038419394155393	0.15217695626947392	Non-significant
MS4A14	0.060677758944930264	1.0625564596990662	0.7765119441741647	1.4539714920276654	0.16001366140630113	0.7045366668944087	0.5154573687182382	-0.79966777878218	5.90852058069828e-7	NS	0.9699356471220474	0.08753950192210677	0.1520963995517534	Non-significant
GPR85	0.041776549133530634	1.0426614691099227	0.8400017224859437	1.294215130832252	0.11027135570178619	0.7047975985550426	0.503811405985319	-0.504847364480118	0.0104694849987904	NS	0.9699356471220474	0.060270820260398615	0.15193558435774282	Non-significant
DLK1	0.029772048165109734	1.0302196667219563	0.8831176392985243	1.2018246657871647	0.0786080304504695	0.7048805430968803	0.48743647656691136	-1.14575714796189	0.0337767550820681	Down	0.9699356471220474	0.04295198624491109	0.15188447714993233	Non-significant
TBX21	-0.039682071776436983	0.9610949497945855	0.782560345357552	1.1803607325625687	0.10484997210053867	0.7050849976280839	0.5160926030491249	-0.891544748096556	7.27711638348298e-5	NS	0.9699356471220474	-0.057249128164065514	0.1517585258798346	Non-significant
PLD2	-0.044115838469303975	0.9568431118116384	0.7609142743856178	1.2032219284631214	0.11689946317528122	0.7058891997121057	0.5021880293619424	0.57033195606322	6.93603097230303e-6	NS	0.9699356471220474	-0.06364570138432347	0.15126346287173126	Non-significant
HNMT	-0.03731167776065151	0.9633758257315402	0.7933361241571003	1.1698609874723684	0.09908172135660458	0.7064896304153736	0.5274562394127611	-0.539187939188615	0.0013282586460645	NS	0.9699356471220474	-0.053829372472538876	0.15089420817696922	Non-significant
TIE1	-0.038721273877642834	0.9620188115540379	0.7859919464613461	1.1774677818907615	0.10310774103718481	0.707257513397716	0.5067758328627894	-0.603479841019427	2.36106009887283e-5	NS	0.9699356471220474	-0.055862989800178654	0.15042243021266644	Non-significant
JCAD	-0.03471979269638392	0.9658760238589557	0.8056494218369484	1.1579683025632388	0.09254598570825906	0.7075395424343724	0.5232213438735178	-0.647017978319313	1.1360374462065e-4	NS	0.9699356471220474	-0.050090072743765944	0.15024928360414916	Non-significant
ENTPD8	-0.05043093456382771	0.9508195951747199	0.7304500386740135	1.2376724686186003	0.13452467033785767	0.707747910720673	0.530561829474873	0.781473900060785	0.0324287626538263	NS	0.9699356471220474	-0.07275645920263002	0.15012140400287655	Non-significant
CARNS1	0.035092223221002375	1.035715221389074	0.8620963292894716	1.2442994864635704	0.09361421348276051	0.7077645955282156	0.5052936194240543	-0.620056941635257	0.00666953293709473	NS	0.9699356471220474	0.050627376414708616	0.15011116584557915	Non-significant
SRGN	0.03284038466007361	1.0333855818858657	0.8703163655877464	1.227008709790743	0.08762348739166878	0.7078168402069339	0.4976002258610954	-0.506756618329831	0.00280106603595995	NS	0.9699356471220474	0.04737866008997411	0.15007910894639456	Non-significant
ZNF525	0.028699912959236122	1.0291157238412403	0.8856888902070705	1.1957688357247787	0.07657765341879007	0.7078227297678436	0.48778938452851495	-0.551598114612177	0.00936298455924808	NS	0.9699356471220474	0.041405222100234756	0.1500754953093387	Non-significant
ASB16	0.04955059761547511	1.0507987587813008	0.8104763979486701	1.362381476192294	0.13249409593935582	0.7084166375921531	0.5024703557312253	-0.700644030031413	2.4323747748848e-4	NS	0.9699356471220474	0.07148640145293046	0.14971124769425162	Non-significant
PLEKHB1	-0.037008624450128785	0.9636678242081234	0.7935892525525057	1.1701968901759752	0.09907357626736638	0.7087414673447143	0.5329616036137775	-0.680096523290329	0.00231168282579278	NS	0.9699356471220474	-0.053392158964322894	0.14951215661037828	Non-significant
TEC	-0.04587917256933366	0.9551573644289223	0.7507512479100783	1.2152168822396407	0.12286028683806037	0.7088317319769454	0.5220920383963863	0.71211492591204	4.87699860534764e-6	NS	0.9699356471220474	-0.06618965474586656	0.14945684880438886	Non-significant
LMCD1	0.03249336223546615	1.0330270361309921	0.8708581771432105	1.225394542287329	0.08712889960718663	0.7091972826512916	0.5076933935629588	-0.520318833824318	0.0027867801959322	NS	0.9699356471220474	0.046878012558915785	0.14923293710356533	Non-significant
CFTR	0.032608013169478464	1.0331454804352898	0.8704232232749749	1.2262880346043654	0.087442288024377507	0.7092161990447707	0.49061264822134387	1.14452796616484	0.00135413524703154	Up	0.9699356471220474	0.04704341889284855	0.14922135333703743	Non-significant
TRAF5	-0.0503868332482709	0.9508615284943748	0.729605080493396	1.2392151186217548	0.13513770951489765	0.709256020943335	0.5346555618294748	-0.523401099011444	1.64098705675282e-6	NS	0.9699356471220474	-0.07269283445337958	0.14919696874837055	Non-significant
RCAN2	-0.031194362227336882	0.96928716195489	0.8223862612899433	1.1424286208975536	0.08385395299084601	0.7098867075851395	0.5160220214568041	-0.630214270620512	0.00117198005441222	NS	0.9699356471220474	-0.04500395168907284	0.1488109557831177	Non-significant
GNRHR	-0.041551210707937325	0.9593002076407932	0.7706694432661998	1.1941006567997527	0.11170844261908515	0.7099217089300657	0.5051877470355731	1.04299437254173	1.59290316165273e-5	Up	0.9699356471220474	-0.05994572563127361	0.14878954318859172	Non-significant
CCNB3	-0.05236308865286071	0.9489842388725447	0.7201463008568588	1.2505390704041213	0.14078718053119765	0.7099443726250879	0.5062111801242236	-0.793009267767847	1.8807778478817e-4	NS	0.9699356471220474	-0.07554396832511129	0.14877567889840776	Non-significant
BIRC3	0.025615784251078234	1.0259466878626933	0.8961325832642275	1.1745657127011062	0.06902304832083707	0.7105486887213798	0.5115753811405985	-0.945340775340207	3.28609746658903e-5	NS	0.9699356471220474	0.03695576490751207	0.148406157682261	Non-significant
KIAA0319	0.031270001799082424	1.0317640444298313	0.8746080612978305	1.2171589658098243	0.08431248024096043	0.7107252413416443	0.4720143986448334	2.56149801407221	1.2227801177267698e-19	Up	0.9699356471220474	0.04511307652412518	0.1482982603550548	Non-significant
KRT4	0.010011486891119482	1.0100617694871001	0.9579871897238622	1.0649670362225716	0.027006802321412036	0.7108591900349311	0.5027526821005082	1.64601414830558	2.0184819204192e-4	Up	0.9699356471220474	0.014443522489742837	0.1482164176206511	Non-significant
ZNF415	-0.04196247922947737	0.9589057587804433	0.7678231814300664	1.197541669046425	0.11338643331124638	0.7113200711854903	0.5145750988142292	-0.654081424081211	0.00202662201646439	NS	0.9699356471220474	-0.06053906068777322	0.14793493672303745	Non-significant
NEU2	-0.037888415859679336	0.9628203703806866	0.7877203165303094	1.176842904983438	0.10241196578653172	0.7114116760794694	0.5088932806324111	1.46431649628761	0.00115557587727432	Up	0.9699356471220474	-0.054661429667898165	0.14787901121198888	Non-significant
CBR1	-0.041792434050246706	0.9590688299464003	0.7685108496746093	1.1968770785268812	0.11301644612403303	0.7115384232299289	0.5330321852060982	0.822027890449229	1.8125772129656598e-11	NS	0.9699356471220474	-0.06029373735097003	0.1478016429497936	Non-significant
NKX2-1	0.05183675884224063	1.053203802271845	0.799703694807545	1.387061553325471	0.14048766325662945	0.7121446438839757	0.5048701298701299	1.38469407327969	0.00114525493999761	Up	0.9699356471220474	0.07478463491745763	0.14743178773852925	Non-significant
KANK2	-0.04884227706257683	0.9523313223473413	0.7344184001236168	1.2349022673876104	0.1325708586188958	0.7125571550022826	0.49618859401468096	-0.629786794357662	1.32465933921539e-8	NS	0.9699356471220474	-0.0704645109039044	0.14718029467864707	Non-significant
P2RY12	0.04631826540198508	1.047407711551459	0.8178490607347665	1.341400225161167	0.1262246393751503	0.7136555226018276	0.514751552795031	-0.706810012605433	0.0111653332383156	NS	0.9699356471220474	0.06682313179802266	0.14651136908377613	Non-significant
CTTNBP2	-0.029217086235003586	0.9712056062117537	0.830858088058344	1.1352604531315633	0.0796337005164727	0.7136984682284927	0.546972049689441	0.600827875560972	0.0356744495904721	NS	0.9699356471220474	-0.0421513454204649	0.14648523534427216	Non-significant
HS3ST6	-0.02864853650431265	0.9717579418978852	0.8337409821201379	1.1326221427190715	0.07815651846798768	0.7139521837591235	0.525585827216262	1.22145626319481	0.00127763833787464	Up	0.9699356471220474	-0.0413311015434983	0.1463308736929358	Non-significant
PGAP4	0.022245880784989517	1.0224951654782277	0.9076801585003195	1.1518334444522071	0.06077106135982004	0.714319984387366	0.48270750988142297	0.833087393553366	1.0175889948907e-4	NS	0.9699356471220474	0.0320940218887114	0.1461071995356155	Non-significant
F2R	-0.03572813512959187	0.964902580943259	0.7968466622616385	1.1684016948360683	0.09763693554114283	0.7144184462582837	0.4967532467532467	-0.537351785989716	1.8398894200333e-4	NS	0.9699356471220474	-0.05154480337167295	0.1460473405070237	Non-significant
ALDH3B1	0.036251084573755386	1.0369161674621934	0.8537524525311135	1.2593757536588743	0.0991676793813109	0.7146983365399168	0.5132693393562959	-0.501887591914977	8.3452283587709e-4	NS	0.9699356471220474	0.05229925994140335	0.14587722871788392	Non-significant
FGF2	-0.028052758350381363	0.9723370665483547	0.8364833174066709	1.1302549032477807	0.07678505570418212	0.7148565918956262	0.5312676453980802	-1.45015010322952	6.467813086866231e-10	Down	0.9699356471220474	-0.0404715753553516	0.14578107371658958	Non-significant
GJB2	0.019664644088585315	1.0198592668378836	0.9177187904803442	1.133367797351843	0.053842268870019486	0.7149420518147706	0.5261151891586674	0.826494693728976	3.5309137403687e-4	NS	0.9699356471220474	0.028370084507448608	0.1457291576352368	Non-significant
IL18R1	-0.03814175457096575	0.9625764816033927	0.7843428994141812	1.181311749781889	0.10447499525159776	0.7150515232526452	0.5171513269339356	-0.880168765390743	3.89779639591148e-9	NS	0.9699356471220474	-0.055026920170336266	0.14566266385188453	Non-significant
NRXN1	-0.03963451803355753	0.9611406545434181	0.77690803346252435	1.1890614049889485	0.10857280047836394	0.7150739648534411	0.5316205533596838	-1.05663583157209	0.00145599441366643	Down	0.9699356471220474	-0.05718052261503763	0.14564903391035477	Non-significant
HOXD13	0.021095752982805648	1.0213198413768347	0.9117100383540835	1.1441074184870315	0.0579240403094665	0.7157110195257134	0.4895892151326934	0.830986098677787	0.00886391525550644	NS	0.9699356471220474	0.03043473821211225	0.14526229607043895	Non-significant
COBLL1	0.04131867278565147	1.0421841683650723	0.8343749716342244	1.3017502654273598	0.11346690343792144	0.7157479764618423	0.5079757199322417	0.68144074654297	1.00925085007458e-7	NS	0.9699356471220474	0.05961024432397319	0.14523987112710854	Non-significant
GATA6	0.03970471605793985	1.0405034848550823	0.8401585348361813	1.288622869500065	0.1091190403239502	0.7159580246929957	0.5164455110107284	-0.771321520226505	5.01074954708091e-6	NS	0.9699356471220474	0.05728179695669425	0.1451124388354168	Non-significant
PDGFRL	-0.024452217103663965	0.9758443164722128	0.8552857944074103	1.1133964064618977	0.06728051503512833	0.7162785935687187	0.5182100508187465	-0.813722188765374	9.8202888933367e-4	NS	0.9699356471220474	-0.035277092354196245	0.144918027808152	Non-significant
EVC	-0.04008011488487679	0.9607124687002953	0.7739581839958991	1.1925301219130287	0.110286372360459	0.7162922375965171	0.5007763975155279	-0.58995786125107	5.67301667391313e-6	NS	0.9699356471220474	-0.05782338298267175	0.14490975523152955	Non-significant
CADPS2	-0.030841279505845427	0.9696294609303104	0.8209624813748546	1.145218341682918	0.08491818781962797	0.7164643393388067	0.5294325239977413	-0.601952190268688	6.6348832638676e-4	NS	0.9699356471220474	-0.04449456099775361	0.1448054209174318	Non-significant
SLC25A25	0.040066756154684496	1.0408802570366054	0.8378735622253405	1.293073034326399	0.1106932719932601	0.7173804405817827	0.4939299830604178	0.699544597761919	1.7361558548116e-7	NS	0.9699356471220474	0.057804110408870554	0.14425046856220178	Non-significant
SLC25A34	0.03940605491647843	1.0401927732976446	0.8402782719437463	1.287669860982769	0.10889395033840563	0.7174450540466467	0.5014822134387351	-0.560404756402437	0.00770305129530128	NS	0.9699356471220474	0.05685092000900154	0.14421135401988133	Non-significant
HDX	-0.049979400162594396	0.9512490198740242	0.7255730957886688	1.2471172140523339	0.13817297736768855	0.7175641422822092	0.5362789384528515	-0.684156147545277	1.2800336815494e-4	NS	0.9699356471220474	-0.07210503276117998	0.1441392717449866	Non-significant
TYROBP	-0.029464139764832507	0.9709656960750928	0.8276597801516437	1.1390844469715014	0.08147545774728206	0.7176269838616393	0.5215273856578204	-0.629727414893638	3.8637331033799e-4	NS	0.9699356471220474	-0.04250776832278315	0.14410123952655823	Non-significant
ST18	0.08077844827728484	1.084130678937861	0.6993824997689264	1.6805386600359544	0.22364488744593122	0.7179569111563197	0.5014116318464145	-0.605787459213255	0.00386390434451272	NS	0.9699356471220474	0.11653866674034438	0.1439016195579463	Non-significant
MMP1	-0.015448502316504307	0.9846702136810889	0.9054534090602218	1.0708175815662258	0.0427920893453565	0.7180896980756213	0.5048701298701299	-0.663466213231146	0.018384474755193	NS	0.9699356471220474	-0.022287477681182413	0.1438213037435218	Non-significant
SYT11	-0.03538696516940716	0.9652318328806231	0.7960705068182664	1.1703391637127651	0.09830821229675006	0.7188774949010832	0.5244212309429701	-0.624088349239126	2.52737820210504e-5	NS	0.9705100512019582	-0.05105259916201411	0.14334511215040965	Non-significant
UNC93A	0.02471945729661545	1.0250275161932305	0.8957255497729867	1.1729947964748229	0.0687975275799171	0.7193651767378688	0.5002470355731226	0.924490506996003	0.00428179930825862	NS	0.9705100512019582	0.035662638455293695	0.14305058947640734	Non-significant
INHBE	0.043481923821125014	1.0444411146369779	0.8236042084569423	1.324492068815312	0.12119973617131007	0.7197727468076363	0.495906267645398	-0.913593081555674	0.00146862558372986	NS	0.9705100512019582	0.06273115586504865	0.14280460132735617	Non-significant
ZP1	-0.06413805337552833	0.9378755137124646	0.6603961826661604	1.3319436155282487	0.1789712957381593	0.7200659788998177	0.497459062676454	-1.00523720301926	1.5314160662063e-4	Down	0.9705100512019582	-0.09253165153714642	0.1426277077919369	Non-significant
PDCD1LG2	-0.030050649063449914	0.9703963826358392	0.8232962017801239	1.1437792830777709	0.0838732702901299	0.7201290215199324	0.4878599661208357	-0.789841484770865	2.19576490141507e-5	NS	0.9705100512019582	-0.04335392237933374	0.14258968646558867	Non-significant
DCHS1	-0.024669915906669945	0.9756318994549007	0.8523793359003871	1.1167065684769437	0.06890621790341143	0.7203271325309338	0.5178571428571428	-0.729826623114803	9.9060960713293e-4	NS	0.9705100512019582	-0.03559116533770051	0.14247022636375534	Non-significant
GRK7	-0.09204080335024659	0.9120679333584895	0.5506262975471489	1.5107667737020771	0.2574833652179873	0.7207451416074689	0.5477131564088086	0.710940093006087	9.3116941641813e-4	NS	0.9705100512019582	-0.13278681055283711	0.14221827641832357	Non-significant
GBP1	0.021593517991621784	1.0218283452038883	0.9076074959612697	1.150423692739833	0.06047906284750993	0.7210609524524628	0.5190570299265951	-0.83675161862901	4.47778282256072e-5	NS	0.9705100512019582	0.03115286132185921	0.14202802211150023	Non-significant
LILRA1	0.044649932885468126	1.0456617440403804	0.8178427046915492	1.3369422710225813	0.12537739889451427	0.72174751289822	0.509281479390175	-0.670477064578942	9.94321416341e-4	NS	0.9705100512019582	0.06441623674988985	0.14161470399928902	Non-significant
HKDC1	0.023953246204035456	1.02424242954958	0.8974805092062238	1.1689084539757617	0.06740793344344158	0.7223292125459055	0.5116459627329193	1.7737687207184	2.45119554946359e-10	Up	0.9705100512019582	0.034557229511754335	0.14126482098223364	Non-significant
RASA3	0.037519000513552475	1.0382317238303544	0.8441201322665349	1.2769806940552741	0.10560370489079991	0.7223790125709315	0.5206098249576511	-0.547887561209082	7.27711638348298e-5	NS	0.9705100512019582	0.0541284759800125	0.14123488015999705	Non-significant
WFDC5	-0.019554800589196984	0.9806351543319197	0.8803209844952727	1.0923803054211436	0.055059114948339274	0.7224696567368024	0.4820016939582157	0.853028052379031	0.00148800198212782	NS	0.9705100512019582	-0.028211613835607004	0.1411803882786778	Non-significant
MMP13	-0.0119234580880307	0.9881473446544599	0.9251802822604934	1.0553998971551095	0.03359408802940111	0.7226440752556302	0.5179277244494636	-1.23991348808935	8.8173232855625e-4	Down	0.9705100512019582	-0.017201913853849282	0.14107555362247112	Non-significant
SLC17A9	-0.03224937927085059	0.9682650867271636	0.8102150206124635	1.1571462566394435	0.09092321651409878	0.7228232968985902	0.5120694522868436	-0.819056933047436	1.94413253310909e-5	NS	0.9705100512019582	-0.046526019545803515	0.1409678583918856	Non-significant
DNAH5	0.026711500952943976	1.0270714508820893	0.886007336544189	1.1905948423988346	0.07537972636524684	0.7230696928466602	0.5287267080745341	-1.08114715442663	2.89813574803055e-6	Down	0.9705100512019582	0.03853654995951313	0.14081984134995384	Non-significant
PDE4B	0.028437922367073994	1.028846140519037	0.8790506377809763	1.2041676956551612	0.08028244302828076	0.7231714456157025	0.5010587238848108	-0.751438911925674	1.8510567063508e-4	NS	0.9705100512019582	0.04102724957216308	0.14075873028761288	Non-significant
IL17C	-0.048618625287332774	0.9525443367578424	0.7275786388697815	1.2470689283826397	0.13745893697522288	0.7235669980734302	0.5103402032749859	1.31952385401616	4.1752399265839e-4	Up	0.9705100512019582	-0.07014184959687375	0.14052124955331113	Non-significant
KLK10	0.01610723421036262	1.0162376550058312	0.9294319492819734	1.1111507111947105	0.04555640899113982	0.7236635512941215	0.5242094861660079	1.3266367210863	6.18698338883721e-7	Up	0.9705100512019582	0.02323782691772716	0.14046330089953682	Non-significant
SMO	-0.02740617997531054	0.9729659619620421	0.8352325590562318	1.1334121890631281	0.07787842036789872	0.7249059032466773	0.544819311123659	0.51183927896766	0.00423202844756826	NS	0.9708604834234951	-0.03953875994009097	0.13971836357095682	Non-significant
CD84	-0.025816212695544752	0.9745141764849478	0.8436413458167538	1.1256891152610888	0.07357870290368693	0.7256894150259852	0.5245623941276115	-0.607678101076107	0.00480281530890083	NS	0.9708604834234951	-0.03724492203039703	0.13924921153239156	Non-significant
PROX2	0.08103199864152794	1.0844055955175196	0.6895161551552279	1.705450244780665	0.23102319940035262	0.7257739252667474	0.5248094297007341	-0.526188601806213	0.0042674311127123	NS	0.9708604834234951	0.11690446259345356	0.1391986386653408	Non-significant
LDLRAD1	0.04748821786184745	1.048633845899656	0.8035823122368962	1.3684135726000544	0.13580039067086844	0.7265703685862887	0.48238989271597965	1.34524293991058	2.2751053715893e-4	Up	0.9708604834234951	0.06851101640994196	0.13872231776132074	Non-significant
AGXT	0.07985800250760601	1.0831332545486034	0.6920652229530326	1.6951836448349726	0.22854148393773013	0.7267706140149577	0.5094226425748165	-1.39400449796153	6.1213402677225e-4	Down	0.9708604834234951	0.11521074419302159	0.1386026411179332	Non-significant
CCDC102B	0.048519600307891236	1.0497159463744379	0.7992926918206174	1.3785983274323226	0.13905749293059752	0.7271512061678872	0.4924477696216827	-0.520838020153057	1.0185868173715e-4	NS	0.9708604834234951	0.06999898675010922	0.13837527115435763	Non-significant
AC008687.4	-0.05644629010234419	0.9451172452824731	0.6882672409903828	1.2978194429898948	0.16180490927176647	0.7271989195275544	0.4821428571428571	-0.962014908432613	1.05263723517786e-6	NS	0.9708604834234951	-0.08143478280723175	0.13834677506052453	Non-significant
CDH5	0.03276054609068307	1.0333030811527932	0.8595579962065426	1.2421677911577422	0.09392903507330065	0.7272546613179786	0.5026821005081874	-0.527234714949104	6.5533817898377e-4	NS	0.9708604834234951	0.04726347738184274	0.13831348647390582	Non-significant
SHH	0.028144559843811458	1.0285443598869335	0.8780707390860942	1.2048044117223398	0.08070182985440184	0.7272788950777713	0.5220567476002258	1.50366765802682	8.7194406839757e-6	Up	0.9708604834234951	0.04060401691466942	0.13829901504681708	Non-significant
ZNF469	-0.024089025929314105	0.97619879888404	0.85246163398623	1.1178967556421853	0.06915333654021105	0.7275831991077671	0.5013410502540938	-0.655254150945937	0.0025849300287966	NS	0.9708604834234951	-0.03475311824806719	0.13811733794696887	Non-significant
SLC47A1	-0.02874571586580659	0.9716635116699739	0.8262845468949046	1.1426208846078174	0.08269047922808861	0.7281178499294664	0.560064935064935	1.26382104260362	8.787496822130081e-9	Up	0.9708604834234951	-0.04147130172640232	0.13779832201687348	Non-significant
ISL1	0.02925713275075905	1.0296893272870866	0.8730541780506121	1.2144264782012972	0.08419277063141672	0.7282144252614365	0.521386222473179	-2.02921547511281	1.39029053895398e-6	Down	0.9708604834234951	0.04220912033015006	0.13774072234056528	Non-significant
ZNF208	0.07051690586162307	1.0730627103270625	0.7206697005266123	1.5977688245434163	0.2031115207551064	0.7284536981846237	0.5107989836250706	-0.692060821459584	0.0033605572457807	NS	0.9708604834234951	0.1017343903853975	0.13759804754804247	Non-significant
TMEM200A	-0.024275910619603113	0.9760163793200929	0.8509173023559917	1.1195071131631171	0.06998313367647269	0.7286797418835913	0.4956239412761152	-1.40627823216326	1.6986051731392e-10	Down	0.9708604834234951	-0.035022735863965204	0.13746330418244718	Non-significant
PLAAT1	-0.02847348550500446	0.9719280639862865	0.8272484102465579	1.1419111235071262	0.08223455618642952	0.7291569392004306	0.5358554488989271	0.76843807420983	0.00780910650245345	NS	0.9708604834234951	-0.04107855633489369	0.1371789867804045	Non-significant
BHLHA15	-0.030025341058403883	0.9704209417431573	0.8185879406826373	1.1504161707883935	0.08681236336596962	0.729444320278611	0.5395256916996047	-0.75338516904154	0.00387477623492562	NS	0.9708604834234951	-0.04331741064595898	0.13700785293932075	Non-significant
C1QL1	-0.03386408191164936	0.9667028881171646	0.7976729015316085	1.1715509854975765	0.09805924139311394	0.729836452090563	0.525197628458498	-0.651519337043101	0.00843748558815515	NS	0.9708604834234951	-0.04885554303819414	0.1367744493484106	Non-significant
ELAVL4	-0.06843498172170757	0.9338541757203705	0.6330862878059486	1.377511467722202	0.19832689366911965	0.7300481125084632	0.5458780350084698	-0.85259880137758	4.12523291233126e-6	NS	0.9708604834234951	-0.09873080875323431	0.1366485175392737	Non-significant
PKIG	0.037303102019546015	1.03800759536012	0.8394478008353399	1.2835339695370118	0.10832550341021846	0.7305746527586745	0.5036702428006776	-0.543754514928946	6.18128427773204e-5	NS	0.9708604834234951	0.05381700029337407	0.13633539968227454	Non-significant
TRABD2B	0.03519218572585044	1.0358187592517791	0.8471082853743176	1.2665683012931412	0.10261358577784772	0.731629796300567	0.5206804065499717	-0.570641137177276	0.0102978216478911	NS	0.9708604834234951	0.05077159182472786	0.13570861579074162	Non-significant
ZNF239	-0.03653108385414929	0.9641281246125393	0.7823383269957305	1.1881599157214306	0.10660242054282075	0.731835212936273	0.5308441558441559	-0.86644571553301	3.56578146995546e-5	NS	0.9708604834234951	-0.0527032135146801	0.13558669786116898	Non-significant
SERPINB13	0.01738551184647895	1.017537519490057	0.921213957849424	1.1239328222805929	0.05073994826899006	0.7318696623256236	0.5026115189158668	1.02976939551526	6.86584022062043e-5	Up	0.9708604834234951	0.025081991724231614	0.13556625497004313	Non-significant
C1orf127	0.0571717010324037	1.0588375982972438	0.7633989829981467	1.4686121995666808	0.16691437928720892	0.7319587486505031	0.4722261434217956	-0.533582804013331	0.0386896642686343	NS	0.9708604834234951	0.08248132955863527	0.13551339399389878	Non-significant
KRT17	-0.01916898334737072	0.9810135732779848	0.8790902608817647	1.0947540585767888	0.05596976179888882	0.7319835176767266	0.4995059288537549	0.665355049047804	9.4973156800108e-4	NS	0.9708604834234951	-0.027654997214134867	0.13549869798892722	Non-significant
SCNN1A	0.020721421689389237	1.020937600946361	0.9067541057033842	1.1494997138364997	0.06051406838143934	0.7320324222253233	0.48673066064370407	0.980506504669075	2.90020625717542e-6	NS	0.9708604834234951	0.029894692311450862	0.13546968331084278	Non-significant
CARD18	-0.01981590777872743	0.980379136868272	0.8751763388627314	1.0982281048132065	0.05791635760494154	0.7322402715332187	0.49131846414455105	1.2151300846555	4.8827293553914e-4	Up	0.9708604834234951	-0.028588311883083112	0.13534638959857534	Non-significant
PPM1E	0.07164282354106946	1.0742715710148794	0.712600253648742	1.619504627428383	0.20943114089904286	0.7322884644787472	0.50042348955392435	-0.735795963164837	2.60651693799972e-5	NS	0.9708604834234951	0.10335874623798388	0.13531780712039984	Non-significant
LCP2	0.03176193766485998	1.0322717310326919	0.8605192008900815	1.238304648620319	0.09284930184251772	0.7322902951958434	0.5125635234330886	-0.744166317826473	2.7812324578598e-6	NS	0.9708604834234951	0.04582278995811786	0.135316721387963	Non-significant
ZNF423	-0.02896401825140779	0.9714514183584549	0.8228002369345792	1.1469586612499831	0.08473513610486885	0.7324876538955415	0.528232636928289	-0.512771949457361	0.0147776124906604	NS	0.9708604834234951	-0.04178624549552338	0.13519969096050974	Non-significant
TSHZ3	-0.03391699067417468	0.9666517424166645	0.7957971801626624	1.174188115276027	0.09923342227463099	0.7325089412213814	0.504305477131564	-0.610092558657977	3.38464249679329e-5	NS	0.9708604834234951	-0.04893187424750897	0.1351870698142515	Non-significant
GPR17	-0.05921686507980637	0.9425023511447379	0.6706379677947208	1.324575590067496	0.17363021285558125	0.7330647228989141	0.5124576510446075	-0.631762517950465	0.0287257979315847	NS	0.9709329947681952	-0.08543187758762752	0.13485767944217356	Non-significant
ARHGEF26	-0.020452180603886278	0.9797555466729158	0.8710813506874516	1.1019876966471396	0.05998463626506406	0.7331359659876557	0.5469367588932806	1.20786858566312	1.12402348921056e-5	Up	0.9709329947681952	-0.02950625953259221	0.13481547446904388	Non-significant
FEZF1	0.03171645691897306	1.0322247836120164	0.8599215396820992	1.2390525818166738	0.09318058147184943	0.7335732016428544	0.5237154150197628	1.3585465326798	0.00407593597502589	Up	0.9709393979042328	0.04575717511157079	0.13455654237512932	Non-significant
IRAK3	-0.030214079951605844	0.9702378028519321	0.8150230736436889	1.155011955519787	0.08894284606565474	0.734080809310012	0.5141163184641446	-0.577790977967681	0.00174410227799492	NS	0.9709393979042328	-0.04358970331120446	0.13425612931324507	Non-significant
CFH	0.026709817790497057	1.0270697221554477	0.8802142051301316	1.1984267102489163	0.07872583640183195	0.7344015249612472	0.5219508752117448	-0.546730485935952	0.00111025292496217	NS	0.9709393979042328	0.038534121669397875	0.1340664300072944	Non-significant
NKAIN2	0.02610605510564292	1.0264498029433422	0.8826835208241863	1.1936318885602974	0.07698846125857041	0.7345415618540886	0.4868718238283456	0.911858726924922	0.00648475769494928	NS	0.9709393979042328	0.03766307623808499	0.13398362591426452	Non-significant
SYN1	0.03950388516939887	1.0402945405976216	0.827904173118545	1.3071714895707593	0.11651323759709677	0.7345715987091558	0.5223037831733484	-0.696551221764325	5.8605987241692e-4	NS	0.9709393979042328	0.056992059229738934	0.1339658671183305	Non-significant
PRR9	-0.014200006402785752	0.9859003381621368	0.9080916405392878	1.070375976824294	0.04194463470508364	0.7349550357214102	0.4951298701298701	1.28254230882525	0.00306143058262021	Up	0.9710679268702277	-0.020486278817890505	0.133739230079631	Non-significant
BIN2	-0.030519569353395514	0.9699414507544624	0.8124616896421949	1.1579455744011635	0.09039296086233159	0.73564041434033145	0.5257622811970638	-0.75452846765534	9.3145994918185e-6	NS	0.9714459980257091	-0.04403043135621048	0.13333441966933018	Non-significant
PCDHA4	0.04073535467677819	1.0415764207392144	0.8220979459301395	1.3196498612004859	0.12073236647966323	0.7358137975025265	0.4988706945228685	0.879933398867361	0.0235872538974024	NS	0.9714459980257091	0.05876869418104084	0.1332320728204256	Non-significant
NRXN2	-0.032287370734451495	0.9682283016181297	0.8020277963193263	1.1688697678017597	0.0960857667360091	0.7368508294250772	0.5215273856578204	-0.560068887344288	0.01717926573522	NS	0.9718635852513694	-0.04658082964193666	0.1326204232870145	Non-significant
LRRC25	0.031220439332415403	1.0317129089259822	0.8592568319349326	1.2387815690072006	0.09332204724910013	0.7379682183365193	0.5052230378317335	-0.689553200268758	1.2032206624284e-4	NS	0.9718635852513694	0.04504157299925032	0.13196234129116652	Non-significant
RIPOR2	-0.02722560586855687	0.9731416702852345	0.8295615486310983	1.1415725716895107	0.08144658157959725	0.7381715921368004	0.519833427442123	-1.05419325117312	4.86286842083904e-8	Down	0.9718635852513694	-0.03927824657176446	0.13184267224741067	Non-significant
MYH3	0.014929678455916938	1.0150416828074653	0.9298508233132708	1.1080375389305805	0.04472571429269488	0.7385265178927176	0.5219508752117448	-1.15910969999866	2.1423531721199e-4	Down	0.9718635852513694	0.021538973070418306	0.13163390608295028	Non-significant
ENC1	0.03426439471617749	1.0348581815958564	0.8462258137682291	1.2655386288052868	0.10267200415325882	0.7385857587994503	0.5304912478825523	-0.712045883493042	1.21103513464255e-7	NS	0.9718635852513694	0.049433072336091205	0.13159907054699715	Non-significant
NPR3	-0.02094981017667063	0.979268112629648	0.8656008327091733	1.1078617304604983	0.06295095199945036	0.7392884558608245	0.537408243929983	0.682803267012835	0.0165619907018725	NS	0.9718635852513694	-0.030224187249447917	0.13118607534595061	Non-significant
TMEM176B	-0.026295052572863124	0.9740476519404265	0.8342015130640358	1.1373376976575058	0.07907555040810796	0.7394885196439536	0.5110107284020328	-0.747846623611667	2.12402600405667e-5	NS	0.9718635852513694	-0.03793574194678416	0.13106856391723487	Non-significant
ARTN	0.026507836873960106	1.0268622946205264	0.8781623316444486	1.2007417468462518	0.0798135335990035	0.7397970773227075	0.5131281761716544	0.788827607424269	2.06082715308841e-5	NS	0.9718635852513694	0.03824272480275581	0.13088738876153821	Non-significant
KRT83	0.04008475737813626	1.0408989943233453	0.8214956898931575	1.3189000620615143	0.12077433432156974	0.7399662971164392	0.4939299830604178	-0.780570724852567	0.0378570624242408	NS	0.9718635852513694	0.05783008068467431	0.13078806041724167	Non-significant
INO80C	-0.04371712131695839	0.9572246976397736	0.7390675332016109	1.2397772606818103	0.1319661271107806	0.7404365297251134	0.4782608695652174	0.560537250455413	4.61769435109976e-6	NS	0.9718635852513694	-0.06307047412591713	0.13051216330285687	Non-significant
MAPK10	0.024221283777112114	1.0245170018008347	0.8876562733740919	1.1824792078460482	0.07316051486988404	0.7405912799389164	0.4976708074534162	0.734770095686245	0.00177134818581368	NS	0.9718635852513694	0.034943925989204004	0.1304214058387039	Non-significant
ARHGAP27	0.050654042804644216	1.0519588975735328	0.7793403031251505	1.4199413500708127	0.15304440671082092	0.7406625289302458	0.5122811970638057	0.51729840047684	2.28992140112234e-8	NS	0.9718635852513694	0.07307833635523742	0.13037962630893782	Non-significant
TMPRSS11D	0.013788007494471696	1.0138835004509288	0.9342624006858509	1.1002901879942868	0.04172828961730169	0.7410799874938705	0.501764539808018	1.37883858273677	6.55780934818633e-7	Up	0.9718635852513694	0.019891890036014163	0.13013491448702172	Non-significant
SERPINB4	0.013527786291688566	1.0136197007915804	0.9353308421968297	1.0984614763901939	0.04101236414787914	0.7415159218436101	0.5219508752117448	0.755851440214169	0.0140087429339096	NS	0.9718635852513694	0.01951647019722473	0.12987951935632194	Non-significant
PDZRN4	0.033855123142991446	1.0344347302190666	0.8454581567628345	1.2656512951279761	0.10292624045268005	0.7422115733498555	0.5006352343308865	-0.752894112086123	0.0243483639824649	NS	0.9718635852513694	0.048842618267078926	0.12947227795437133	Non-significant
ATP6V1C2	0.02267604987088846	1.0229351059064995	0.8935568262615207	1.1710460937038252	0.06899177623739326	0.7423994042320337	0.5084697910784868	1.12659391404833	2.79287442690034e-5	Up	0.9718635852513694	0.032714624695681635	0.12936238530595634	Non-significant
CD200R1	-0.04022817313654468	0.9605702378213115	0.755196261830317	1.2217952185724785	0.1227315618199443	0.7430828048398088	0.5414313946922642	-0.657472947760311	9.5967100552164e-4	NS	0.9718635852513694	-0.05803698588811563	0.1289627882835047	Non-significant
SLC4A10	-0.0781532912575852	0.9248226484503216	0.5793657643072818	1.4762641905658718	0.23861050305316783	0.743263274876802	0.5254446640316206	-0.651932465986409	0.0337321576912816	NS	0.9718635852513694	-0.11275136572646895	0.1288573254405373	Non-significant
COMTD1	0.030792235429470977	1.031271220004871	0.8572730488389492	1.240585284525995	0.09428287353053202	0.7439748648223289	0.5373376623376623	0.580139697854952	2.3554619814603e-4	NS	0.9718635852513694	0.04442380535198333	0.12844173683767204	Non-significant
ITIH6	0.058597890989072594	1.060348779205048	0.7458166517808709	1.5075280645409603	0.17953053109306866	0.744125421852634	0.48623658949745907	0.588730572344985	0.0108505116140067	NS	0.9718635852513694	0.08453888673648723	0.1283538582339491	Non-significant
CCL2	-0.023567588670071176	0.9767079580459488	0.847732140233519	1.1253064382429887	0.07225794856516954	0.7443039717030674	0.5128458498023716	-0.816600754336283	1.9445436805635e-4	NS	0.9718635852513694	-0.03400084330002265	0.12824966354994788	Non-significant
PTPRN	0.02574942449363246	1.0260838047888725	0.8789351646261022	1.1978676207566337	0.07897776189352254	0.7443987376963054	0.5239977413890458	-1.05118165448212	2.3698511651603e-4	Down	0.9718635852513694	0.037148567022708245	0.12819437198940853	Non-significant
RNASE1	0.030387899076539986	1.0308543238497068	0.8586618956730898	1.2375774939525357	0.09325066033915339	0.7445202283210077	0.5075522303783173	-0.545308232665223	6.5393930746053e-4	NS	0.9718635852513694	0.04384047130075857	0.1281234981416941	Non-significant
ZNF385D	0.030737987237064595	1.0312152769227243	0.8568942522599042	1.2409990434108664	0.09448068924967763	0.7449266455297416	0.5088932806324111	-0.756552430330119	5.9974424337496e-4	NS	0.9718635852513694	0.04434554175382144	0.12788649102370556	Non-significant
STAT4	0.03599623650355674	1.036651945047674	0.834449380495502	1.2878519419991574	0.11070582644305257	0.7450659280986787	0.49555335968379444	-0.574227001037827	1.4157147286817e-4	NS	0.9718635852513694	0.05193159189434758	0.12780529645621377	Non-significant
WIPF3	0.028324415429812438	1.0287293659721992	0.8670402616730465	1.2205708952563417	0.0872435831181288	0.7454391598279272	0.49774138904573684	-0.561606598204429	0.0044083911769133	NS	0.9718635852513694	0.04086349367666926	0.12758779638166223	Non-significant
RHD	0.06393599369578006	1.0660241643108443	0.7246514074835627	1.5682126704768888	0.19694267535613086	0.7454515376286617	0.5056465273856579	-0.603861251645398	0.00172456782012634	NS	0.9718635852513694	0.09224014103920992	0.1275805851078024	Non-significant
CFP	0.06843577604343878	1.0708318496842946	0.7083564802746294	1.6187906544649953	0.2108424379702513	0.74549703627006	0.5002117447769622	-0.714114948420056	4.4718855556696e-4	NS	0.9718635852513694	0.09873195471725674	0.12755407874903799	Non-significant
OTX1	-0.03142123788116194	0.9690672792402376	0.8015892735967989	1.1715368738410061	0.09680672379597252	0.7455012220776117	0.5362083568605307	0.960853725153621	4.45990786541632e-8	NS	0.9718635852513694	-0.04533126406974481	0.12755164028459065	Non-significant
TLR1	-0.031019137741291742	0.9694570196808554	0.8037576232595651	1.1693163284685546	0.09563358439091883	0.7456700247100426	0.538466967814794	-0.828125194390569	1.61068284898652e-6	NS	0.9718635852513694	-0.04475115619201321	0.1274533148209438	Non-significant
DAB2	0.02873222938195451	1.0291489817173831	0.8651057985121897	1.2242983787548878	0.0885912699735411	0.7456931416425949	0.5028938452851497	-0.6405765986872	5.33021563514191e-5	NS	0.9718635852513694	0.04145184484303004	0.12743985122405027	Non-significant
PRDM8	-0.03716587015156869	0.9635163034984531	0.7695584083004934	1.2063589418216325	0.11468198190427406	0.7458792277654464	0.4980237154150198	-0.924426590747891	1.84527311033766e-8	NS	0.9718635852513694	-0.05361901655799129	0.12733148748871975	Non-significant
TMEM45B	0.016126211371161842	1.016256940494212	0.9218092507455475	1.12038164974734	0.049767840308888686	0.74591626378424	0.5081874647092038	1.52503401708004	1.8117079173822302e-9	Up	0.9718635852513694	0.023265205173502505	0.12730992348924638	Non-significant
ADAMTSL1	0.030406613940879505	1.0308736163290588	0.8573340326035563	1.239540683595795	0.09404983053461496	0.7464656084780007	0.4988706945228685	-0.712590431053246	6.7940912852167e-4	NS	0.9718635852513694	0.04386747114273197	0.12699019650197477	Non-significant
FAM83C	-0.016765430363923688	0.9833743273410555	0.888315814165183	1.0886050346658065	0.051869586927507955	0.7465265552160976	0.5204686617730097	0.744498957080852	0.00209927140233261	NS	0.9718635852513694	-0.024187403244401932	0.1269547390726542	Non-significant
SFMBT2	-0.03623029427611333	0.9644181679231298	0.7738332983795977	1.2019415610155768	0.11233293714599396	0.7470542346988917	0.527244494635799	-0.583804048971713	2.42529256228196e-5	NS	0.9718635852513694	-0.05226926588209646	0.12664786809697837	Non-significant
MUC5AC	-0.021436943682567353	0.9787911944915632	0.8592340517687264	1.1149839795596084	0.06646906851914669	0.7470663131647408	0.5147868435911914	-1.05418227347055	0.0308602323346732	Down	0.9718635852513694	-0.030926972342655974	0.1266408464265037	Non-significant
THEMIS	-0.02904721265505147	0.9713706023988001	0.813946933419612	1.1592412336274218	0.09021231828928294	0.747462384068584	0.5145750988142292	-0.725087991342733	0.00610415900852226	NS	0.9718635852513694	-0.04190626964908994	0.12641065825771594	Non-significant
COL1A2	-0.01868534705921217	0.9814881417912249	0.8759182773752097	1.0997817917026325	0.05806083014971936	0.7475863125163786	0.5051524562394127	-0.83199879688199	3.6810957266327e-4	NS	0.9718635852513694	-0.0269572575396146	0.1263386586749943	Non-significant
ACTN3	-0.045739609397296266	0.9552906785231494	0.7229250931061366	1.2623441753172597	0.1422016224044275	0.7477154226766949	0.5312323546019198	-1.24190152259067	7.070916379495e-5	Down	0.9718635852513694	-0.06598830764967747	0.126263661329639	Non-significant
CPZ	-0.0721911063046499	0.93035308248151	0.5988257076487096	1.4454236800912545	0.22479677819788363	0.7481047405019547	0.5234330886504799	-0.53463862375206	0.0317621093999407	NS	0.9718635852513694	-0.10414975106200637	0.1260375932618367	Non-significant
TMEM108	-0.02905424741363637	0.9713637690651513	0.8134361608327578	1.1599528239394923	0.09052900159737488	0.7482569516864682	0.5288678712591757	-0.605025145997714	0.0178368675732178	NS	0.9718635852513694	-0.04191641866041411	0.1259492396530919	Non-significant
NKX6-1	0.03678838893721165	1.037473456747084	0.8284428144343081	1.2992461938241529	0.11479591371166463	0.7486137690212467	0.49520045172219085	-0.581938523682219	0.0457235057460947	NS	0.9718635852513694	0.05307442628200952	0.12574218930420994	Non-significant
SEPTIN6	-0.03546038315233375	0.9651609701077292	0.7769021866436244	1.19903858456586	0.11070634002130049	0.748733101045411	0.5203274985883681	-0.628993869728985	3.55149035409106e-7	NS	0.9718635852513694	-0.051158518921894436	0.12567296654660487	Non-significant
CA3	0.016365876531257924	1.0165005310654747	0.9193977353655939	1.1238589023123016	0.051226622581747	0.749362626881646	0.523044889892716	-1.19594721945836	0.00139647139843836	Down	0.9720041438062279	0.023610968911446723	0.12530797036126332	Non-significant
CFAP53	-0.04126396038371734	0.9595758065175006	0.74442546178199	1.2369078916908005	0.12953227303260198	0.7500592558456113	0.5230801806888763	0.649054305348038	2.9151169475156e-4	NS	0.9720041438062279	-0.05953131101302762	0.12490442531468593	Non-significant
C1QA	0.020865598930054432	1.021084807524221	0.8979118552102473	1.1611542693270775	0.06558741498472609	0.7503831523801947	0.5036702428006776	-0.790083665611374	1.9744947177715e-4	NS	0.9720041438062279	0.0301026961015675	0.12471692530923292	Non-significant
RGS18	0.03885114978764063	1.039615725111068	0.8175621455674021	1.3219800620148787	0.12259383934616686	0.751312289084882	0.5040231507622812	-0.719765078037105	9.17797740449067e-5	NS	0.9720041438062279	0.05605036113146356	0.12417950742258393	Non-significant
CCRL2	0.04250067126365131	1.0434167567811852	0.802043145195457	1.357431373678092	0.1342338680198781	0.7515345363023995	0.5074816487859966	-0.567920640462285	1.1824741418073e-4	NS	0.9720041438062279	0.06131550766652197	0.12405105688556402	Non-significant
HAVCR2	0.02828307170826148	1.0286868353509342	0.8630089715698847	1.2261710365529261	0.08960025043960629	0.7522618052510132	0.4976708074534162	-0.700536484668668	2.1700765181769e-5	NS	0.9720041438062279	0.04080384729461564	0.1236309881473453	Non-significant
FSTL1	-0.02632497502006837	0.9740185064870397	0.8271404920193042	1.1469781254006146	0.0833973191003455	0.7522626181352148	0.5059288537549407	-0.616894030011532	1.9607873224864e-4	NS	0.9720041438062279	-0.037978910912978545	0.12363051885470012	Non-significant
AMZ1	0.03621903884494293	1.0368829392603034	0.8269797022997687	1.30006362518843	0.11540730781878379	0.7536451334664516	0.4976002258610954	-1.30489763608655	1.8744913763795e-9	Down	0.9720041438062279	0.05225302772736384	0.12283310088862728	Non-significant
KCNMB1	-0.04378751999367212	0.9571573126596766	0.7279340161540883	1.2585620411286897	0.13967468494825133	0.7539035058926297	0.5338791643139469	-0.748059118248324	2.94187043812839e-7	NS	0.9720041438062279	-0.0631720379476971	0.12268423707470556	Non-significant
HSPB9	0.0752142579003323	1.078115120822285	0.673319357215189	1.7262717925606517	0.24018287871362434	0.7541635738628849	0.4905773574251835	0.527095019729608	0.0115273295556504	NS	0.9720041438062279	0.10851123687695309	0.12253444786832676	Non-significant
COL19A1	-0.028899792882057358	0.9715138121882169	0.8106058520668497	1.1643625380521492	0.09238616318159476	0.7544210931752984	0.5032820440429135	-2.77619164321418	1.92876026398321e-14	Down	0.9720041438062279	-0.041693587873662376	0.12238617747967093	Non-significant
CD160	-0.06905871276569091	0.9332718834961666	0.6048495691175433	1.440021540885346	0.22128814029797286	0.7549827823978215	0.5000352907961604	-0.675431545066304	5.80645868960653e-5	NS	0.9720041438062279	-0.09963066243723763	0.12206295246999121	Non-significant
TLR8	0.024040825209304187	1.0243321356108404	0.8807232843221917	1.1913575384265866	0.07706907958234474	0.7550871429463142	0.5033879164313947	-0.738418556014978	0.00182698995168805	NS	0.9720041438062279	0.034683579308341386	0.12200292450751045	Non-significant
NPY1R	-0.03963954488428273	0.9611358230449655	0.7491739328624578	1.2330675559021644	0.1271169059200481	0.7551656570163527	0.5115400903444381	-1.17295920975838	4.9634961742109e-4	Down	0.9720041438062279	-0.05718777482765011	0.1219577688522439	Non-significant
FCGR2B	-0.029908745847750315	0.9705340947737049	0.8038090153090366	1.1718410856042378	0.09616749940711743	0.7557954553798427	0.5254799548277809	-0.610195642061489	5.094431662235e-4	NS	0.9720041438062279	-0.04314919931375784	0.12159572383656266	Non-significant
LRRC4	0.017839646984678686	1.0179997239757994	0.9096747444114696	1.1392241505894196	0.057403000748029474	0.7559686377253335	0.454686617730096	1.69837689068336	2.5920576903979097e-11	Up	0.9720041438062279	0.02573717023600575	0.12149622135772783	Non-significant
VEPH1	-0.03261165841785396	0.9679143680103456	0.7878649033751163	1.1891102393157527	0.10501059685032915	0.756138271595015	0.5057876905702993	-1.48769522133594	2.24741611826167e-9	Down	0.9720041438062279	-0.04704867787460279	0.1213987797636163	Non-significant
CFAP54	-0.059010619471802424	0.9426967581623026	0.6485351624554716	1.3702837244553123	0.19083434132607968	0.7571508950104642	0.5247035573122529	-0.604085473646003	1.97179880756612e-5	NS	0.9720041438062279	-0.08513432807175504	0.12081755994532965	Non-significant
SLCO4C1	0.027289024516563506	1.027664780160823	0.8642872194172058	1.221925855961545	0.08833792938129977	0.7573852125460517	0.484860248447205	1.19351441343353	5.01301334333477e-5	Up	0.9720041438062279	0.03936974034074342	0.1206831784498697	Non-significant
MMP28	-0.02020044383741134	0.9800022182130164	0.8620263695072109	1.1141240937344652	0.065444556576064	0.7575763730574301	0.48327216261998873	-0.635077638898439	0.00379935630966503	NS	0.9720041438062279	-0.029143080147989397	0.120573578369605	Non-significant
CD69	0.025370715737285793	1.0256952914386008	0.8730454012255032	1.205035648091773	0.08221499758028168	0.7576335246156966	0.49569452286843596	-1.01243589787397	1.06502941337413e-6	Down	0.9720041438062279	0.03660220577798586	0.12054081643155644	Non-significant
MMP23B	-0.08295885611625577	0.9203890148197346	0.5427628209390135	1.5607479103584843	0.2694559677477475	0.7581771669884607	0.5098108413325805	-0.731480576896381	9.6736571028889e-4	NS	0.9720041438062279	-0.11968433031674318	0.12022929878090115	Non-significant
SLC7A7	0.027066544614203446	1.0274361708323074	0.8647299267086258	1.2207569699276195	0.08796314127937786	0.7583081450956691	0.4998588368153586	-0.653772905643582	1.2667071849178e-4	NS	0.9720041438062279	0.03904876968891111	0.12015427916956839	Non-significant
XPNPEP2	0.02924256053252142	1.029674322538819	0.8545114807442603	1.240743084659717	0.09513843258955165	0.7585628760787559	0.48274280067758324	-0.940046706753507	0.0010304701890008	NS	0.9720041438062279	0.042188097063163926	0.12000841540156168	Non-significant
CHSY3	-0.031141112497817137	0.9693387776083385	0.7946974182198414	1.1823590265084976	0.10135529624960747	0.7586553601632078	0.5023291925465838	-0.579489071054477	9.3352884227665e-4	NS	0.9720041438062279	-0.04492712856836614	0.11995546938940388	Non-significant
PIM2	-0.026918733411823374	0.9734403464857505	0.8197412063019434	1.1559576374610894	0.08767908928487679	0.7588324947300094	0.527738565782044	-0.767488242815001	1.53450970521689e-5	NS	0.9720041438062279	-0.038835523200249564	0.11985408002405563	Non-significant
ST3GAL5	0.0338016368429332	1.0343794036123164	0.833564252928177	1.2835732180918766	0.11012759939046313	0.7588954596857372	0.5341614906832298	-0.658104483489957	1.24713383348771e-6	NS	0.9720041438062279	0.048765453847229405	0.11981804545967664	Non-significant
SIGLEC10	0.025300934652596713	1.0256237198058058	0.8724539581172231	1.205684271177281	0.08252515469294074	0.7591596404688808	0.5040231507622812	-0.934081146654537	2.74169989177962e-6	NS	0.9720041438062279	0.036501532953156945	0.11966688855174797	Non-significant
BMX	0.04224700012665316	1.0431521056347273	0.7959262170110551	1.3671698358882565	0.1380105919758718	0.7595177066222022	0.5060347261434218	-0.684359273385394	6.416219892033e-4	NS	0.9720041438062279	0.060949537575157954	0.11946209698397596	Non-significant
MSI1	-0.021698415671534875	0.9785353014670425	0.8515618669494509	1.1244413041266856	0.070911869051839	0.7596112626338103	0.5448546019198193	0.777844442281199	0.0166021712223276	NS	0.9720041438062279	-0.0313041966844708	0.11940860467296889	Non-significant
WNK4	-0.03772373926414488	0.9629789374171737	0.7562588886872423	1.2262050043720065	0.12329194756234214	0.7596268572568905	0.5067758328627894	0.938000820816511	1.8826490200041e-4	NS	0.9720041438062279	-0.05442385156017006	0.11939968881091585	Non-significant
DPF1	0.03042911124029729	1.0308968084623467	0.8482322800784471	1.2528976492141586	0.09950686762102254	0.7597576085744053	0.5031761716544325	0.739395326543287	3.11539583089816e-5	NS	0.9720041438062279	0.043899927885035654	0.11932494199453667	Non-significant
IL2RB	-0.02348177099973827	0.9767917804441739	0.8400900240548975	1.1357380221443387	0.0769220514166479	0.7601627367236732	0.5163043478260869	-0.81489171173156	1.04977212646302e-5	NS	0.9720041438062279	-0.03387703457261273	0.1190934233831808	Non-significant
PKIA	0.017761139115525952	1.017919806123803	0.9081661395818025	1.1409374194200392	0.058209785499180225	0.7602725433617562	0.4966826651609261	-1.06898135200263	3.41005915391651e-5	Down	0.9720041438062279	0.025623907322508178	0.11903069342985317	Non-significant
PYDC1	-0.033719559772788635	0.9668426081822763	0.7782615937293406	1.2011187967240238	0.11070255093018344	0.760673828558925	0.49989412761151897	-1.46896129888595	3.5178255069652e-4	Down	0.9720041438062279	-0.04864704166516113	0.11880152565107921	Non-significant
TMPRSS15	0.03466006438485699	1.0352677246062294	0.8278706635879146	1.294621622375611	0.11406250642480888	0.7612276652567888	0.4944240542066629	-1.47415941135977	0.00343143611220821	Down	0.9720041438062279	0.05000390300492538	0.11848543655680738	Non-significant
TEX11	0.04208069173243138	1.0429786351083123	0.7949826714998302	1.3683372887111167	0.13853094000452656	0.7613078093244738	0.5003176171654433	-0.634110888906283	0.00922870851078602	NS	0.9720041438062279	0.0607096052795561	0.11843971528861212	Non-significant
SERPINB11	0.016290759397994684	1.0164241773273934	0.9149473089647583	1.1291558520726377	0.053664027208278446	0.7614559267138836	0.5026115189158668	2.18163548862206	4.33366763649242e-8	Up	0.9720041438062279	0.023502597795802195	0.11835522868891832	Non-significant
ATOH8	-0.025723287284460848	0.9746047378230642	0.825359092488384	1.150837742785916	0.08480433199360492	0.761642076492599	0.5073404856013551	-0.974822698350382	4.1709387879047e-5	NS	0.9720041438062279	-0.037110859000653876	0.11824907160390355	Non-significant
FAM162A	-0.03665180590863116	0.9640117401097819	0.7605184322772545	1.2219541244868832	0.12097320485843159	0.7619092340537943	0.5166572557876905	0.621940846887357	1.42147834238851e-7	NS	0.9720041438062279	-0.05287737862400691	0.11809676290906419	Non-significant
TPPP	0.02635089447635974	1.0267011490356213	0.8654291250212078	1.218026085504383	0.08718562820549876	0.7624698986568137	0.4809429700734048	0.596207206909905	0.00134340792912404	NS	0.9720041438062279	0.03801630478403263	0.11777729703729457	Non-significant
TMEM176A	-0.02582740687457161	0.9745032676598497	0.8238779990330183	1.152666559605102	0.08566760099182322	0.7630454858088715	0.5125635234330886	-0.72011239835585	2.77188500485658e-5	NS	0.9720041438062279	-0.03726107181696594	0.11744957259950685	Non-significant
CAMK4	-0.026626839089045055	0.9737245296701643	0.8186045414466316	1.158238699733864	0.08853597790444051	0.7636082070001337	0.5257622811970638	-0.574048759537078	0.00219861401274988	NS	0.9720041438062279	-0.03841440870831374	0.11712941260456614	Non-significant
GLI2	0.01848211108364916	1.018653962391059	0.9030223237080712	1.1490921850459792	0.06147567822185685	0.7636882423043015	0.4918831168831169	1.2415993251933	3.82977434084165e-7	Up	0.9720041438062279	0.02666405000553969	0.11708389571620408	Non-significant
NR3C2	-0.025266160590755007	0.9750503575091023	0.8269313923289596	1.149700215154516	0.08406653785868595	0.7637580026085974	0.529785431959345	-0.556398320897947	0.0434020078478348	NS	0.9720041438062279	-0.03645136458658649	0.11704422621512207	Non-significant
COL2A1	-0.02388616431431226	0.9763968522369769	0.8354650493313305	1.1411019692820148	0.07953237956208817	0.7639234885159756	0.5003529079616036	-0.768439348219493	0.00544314849739898	NS	0.9720041438062279	-0.03446045080211717	0.11695013642336148	Non-significant
KCNK7	0.019451133344791535	1.019641539171681	0.897877506918435	1.1579183801725867	0.06488525344429688	0.764346946105844	0.523927159796725	1.10248235536644	3.91620067514264e-6	Up	0.9720041438062279	0.028062053616200656	0.11670946527623974	Non-significant
TNFRSF14	-0.03188160592371517	0.9686212543094811	0.7861889495102037	1.1933863162088307	0.10646956647484274	0.7646017738771369	0.5097402597402597	-0.552129849116158	7.53951272527215e-5	NS	0.9720041438062279	-0.04599543476172004	0.11656469875204369	Non-significant
BHMT2	-0.03766277445044538	0.9630376470382822	0.7521960428921013	1.2329784480746966	0.12607145905271375	0.7651373038658349	0.5214215132693394	-0.533768391210653	0.0124937668161665	NS	0.9720041438062279	-0.05433589792577708	0.11626062372137946	Non-significant
SLCO4A1	0.024410650770201967	1.0247110298755118	0.8726414069630605	1.2032808509543722	0.08196131105322772	0.7658318593642057	0.5364906832298136	0.695965215385773	2.077235623807e-4	NS	0.9720041438062279	0.03521712481104262	0.11586657053173072	Non-significant
CCDC158	-0.060614500507395246	0.9411859965743625	0.6315064745364275	1.4027268379123772	0.20359179416221407	0.7659125601461817	0.5166219649915302	-1.07426702298363	4.90168999963577e-6	Down	0.9720041438062279	-0.08744823928798072	0.11582080845303998	Non-significant
CCR1	0.024106370828101017	1.024399278294953	0.8740108858997043	1.2006645435439598	0.08100598797824723	0.7660180031176419	0.4998588368153586	-0.655944790299703	5.2059867804279e-4	NS	0.9720041438062279	0.03477814164753175	0.11576102336639035	Non-significant
RPL24	-0.03639187742422551	0.9642623467888339	0.758544004265863	1.2257718315690782	0.12243214237205213	0.7662823662609582	0.47917843026538676	0.507720073926302	6.36627662023992e-5	NS	0.9720041438062279	-0.0525023810885692	0.1156111683408426	Non-significant
SOX10	-0.027676862730952587	0.972702632495293	0.8102654423044825	1.1677042631514913	0.09322442512273885	0.7665548876132611	0.5053642010163749	-0.894171400089806	0.00447566557964049	NS	0.9720041438062279	-0.03992927260930991	0.11545674291772112	Non-significant
SCT	-0.028669275435967957	0.9717377888853194	0.804006200312795	1.1744615028843857	0.09667474711764633	0.7668070937935099	0.4925536420101637	-0.853919628629175	0.00144064121044514	NS	0.9720041438062279	-0.0413610214973508	0.11531387808254216	Non-significant
IDO1	0.013584970174860262	1.013677665159429	0.9266054267463945	1.1089319997305636	0.04582350506312531	0.766876579395722	0.5059288537549407	-0.806579702578117	0.00980099944909163	NS	0.9720041438062279	0.01959896910189537	0.11527452549092158	Non-significant
MEDAG	0.021996454358749775	1.0222401599671338	0.8837334986052069	1.1824548308951863	0.07428513455839589	0.7671472784520307	0.5168690005646528	-0.684101173018658	0.00166136108151112	NS	0.9720041438062279	0.03173417562050868	0.11512125133285664	Non-significant
LINGO3	-0.053480756333028706	0.9479241823655667	0.6651210873318251	1.3509724358884168	0.1807713892450993	0.7673465766636443	0.5064935064935066	-0.752907431346684	0.00213741348241118	NS	0.9720041438062279	-0.0771564219446515	0.11500844004494552	Non-significant
RBP1	0.018051834305662665	1.0182157535285477	0.9034425940464323	1.1475696713502794	0.06101874499775658	0.7673516633450981	0.5123517786561265	0.602184371988969	0.00358503913555279	NS	0.9720041438062279	0.026043291831728703	0.11500556114976078	Non-significant
GCAT	-0.027423582615001146	0.9729490299333063	0.811279384413531	1.1668357818958692	0.09271558522569268	0.7673967235166405	0.4967532467532467	0.520507364079864	0.00636948029149676	NS	0.9720041438062279	-0.03956386664207089	0.11498005940103426	Non-significant
TMPRSS11A	0.012396019198415856	1.0124731682953894	0.9325737703211169	1.099218044879309	0.0419410969671428	0.7675677897067545	0.4814370412196499	2.02752664959999	6.744504183947751e-10	Up	0.9720041438062279	0.017883675424318984	0.1148832583322482	Non-significant
NIPAL1	0.02583932044310405	1.026176049712902	0.8643788519143939	1.2182589644253194	0.08754418043876412	0.7678735751835347	0.5007058159232072	0.573678372101291	5.3068274165412e-4	NS	0.9720041438062279	0.037278259463207154	0.1147102775203408	Non-significant
LIPM	-0.030547905194388138	0.9699139670371306	0.7914954100679901	1.188551558843398	0.10371787191839862	0.7683538239739279	0.5192687747035574	1.06998552527914	0.00754734846279716	Up	0.9720041438062279	-0.04407131133348992	0.11443874297211276	Non-significant
SAMD9L	0.020120500221027383	1.0203242819208354	0.8922551235885817	1.1667757491716026	0.06843170363503637	0.7687402677439783	0.5061405985319029	-0.583466117018	0.00243285030931911	NS	0.9720041438062279	0.029027745889081417	0.11422036935225548	Non-significant
F12	-0.026630911049340022	0.9737205647106139	0.814976785904374	1.1633849632762505	0.09080000451757127	0.7692990006239615	0.5065640880858272	0.787190488126405	4.70682639898035e-6	NS	0.9720041438062279	-0.03842028330523797	0.1139048317423914	Non-significant
RDH8	-0.061511273115754064	0.940342345091573	0.6232935541024047	1.418663357181199	0.20981324499529772	0.7693910330755577	0.4926242236024845	-0.81692008791597	0.00253791566750336	NS	0.9720041438062279	-0.08874200868286493	0.11385287951672343	Non-significant
WSCD2	-0.022069368050467053	0.9781723787867717	0.843732577557839	1.134033730676685	0.0754352217411563	0.7698580908630521	0.5432312252964426	1.69990852766217	2.79347163917087e-6	Up	0.9720041438062279	-0.03183936784196222	0.11358932162617871	Non-significant
GJD3	-0.035782874531503445	0.9648497641986669	0.7591650407025957	1.2262617712383816	0.12232531192048059	0.769887356322678	0.538678712591756	-0.814059584657478	8.49384306284416e-7	NS	0.9720041438062279	-0.05162377563535207	0.11357281262769374	Non-significant
CNGA1	0.030502800560190994	1.030972777346056	0.8402626654108808	1.2649673862504527	0.10436086646497522	0.7700710363593919	0.5075522303783173	0.682420148239043	4.3131834291151e-4	NS	0.9720041438062279	0.04400623910141253	0.11346921083281669	Non-significant
VWA5B2	0.03925272540396899	1.0400332932736087	0.7991175749285546	1.3535796046210786	0.13444120347247304	0.7703099754694104	0.49756493506493504	0.727228770938806	0.00219415755422921	NS	0.9720041438062279	0.056629712281682364	0.11333447801408247	Non-significant
TRIM16	0.031764703004822294	1.0322745856189086	0.8338114284557573	1.277975791346725	0.10893705794957044	0.7706019031649675	0.5089638622247318	1.01856943422764	1.39451843840496e-18	Up	0.9720041438062279	0.04582677950036786	0.1131699227392872	Non-significant
COL11A2	0.03241627579784355	1.032947406826018	0.8304645806822841	1.284799340138019	0.11132157353002642	0.770902253754736	0.5061405985319029	-0.536099417493876	0.00368892720458844	NS	0.9720041438062279	0.04676680033763778	0.11300068465473455	Non-significant
ZFP36	0.027106047034446683	1.0274767578493382	0.8559514067923303	1.2333743242234336	0.09318932423904902	0.7711501857848606	0.5032467532467533	0.536994620178829	4.4253291998133e-4	NS	0.9720041438062279	0.03910575963469923	0.11286103244740732	Non-significant
KRTDAP	-0.00889947596280555	0.9911400071602205	0.9333949675368276	1.0524574783019736	0.030626767395399313	0.771373809455827	0.4967532467532467	1.27286752366025	4.5958648877604e-4	Up	0.9720041438062279	-0.012839229838050161	0.1127351108704287	Non-significant
CPEB1	-0.035550838419332056	0.9650736701629111	0.7590326900336454	1.2270448968415668	0.12253265678142718	0.7717140467368193	0.5180335968379446	-0.777940451527939	0.00287152931362034	NS	0.9720041438062279	-0.05128901828701524	0.1125435946512137	Non-significant
RLN2	-0.07192073133572037	0.9306046606759701	0.5723881800589194	1.5130030015341902	0.24797249021064488	0.7717893687408909	0.5145398080180689	-0.731804888326614	0.0115556605087054	NS	0.9720041438062279	-0.10375968243515124	0.1125012080514406	Non-significant
PRKAR2B	-0.028679110388724335	0.9717282319370703	0.8005281694895251	1.1795409490032944	0.09888163682407343	0.7717896562781875	0.5341614906832298	-0.537349034625432	0.00603007459728117	NS	0.9720041438062279	-0.041375210334919775	0.11250104625102837	Non-significant
CREB3L3	-0.06930638325251934	0.9330407682158363	0.5840641945175314	1.490529779645081	0.23900336971408798	0.7718309425269777	0.5134457933370977	-1.25156088655045	9.80378928347622e-6	Down	0.9720041438062279	-0.09998797542035953	0.11247781464859158	Non-significant
CTSE	0.030224841428715492	1.0306862488717379	0.8401766692414435	1.2643937668162195	0.10427126813260577	0.771917682120028	0.5206451157538114	-2.04065990221471	2.0528097850173002e-11	Down	0.9720041438062279	0.04360522884086326	0.11242901068392729	Non-significant
ANKRD62	-0.061768618438621054	0.9401003835223443	0.618959947867868	1.4278609369527815	0.2132417216971287	0.7720726958254577	0.5410784867306606	1.21214318400794	5.33146455176574e-5	Up	0.9720041438062279	-0.08911327950396121	0.11234180599913739	Non-significant
HFM1	0.06678551233778643	1.0690661520819589	0.6802161805295813	1.6802047205603385	0.23068287718350894	0.7721894284092885	0.5079404291360813	-0.976460341111455	0.00147212675336284	NS	0.9720041438062279	0.09635112745295311	0.11227614834126053	Non-significant
TDO2	0.02142545618461759	1.0216566293155909	0.8834908119077629	1.1814296811651122	0.07413393524515852	0.7725736470284087	0.5009175607001695	-0.595300708539906	0.0113419568816723	NS	0.9720041438062279	0.03091039938633171	0.11206010999567537	Non-significant
HOXC11	0.027047158202762708	1.0274162527250417	0.8552046961125027	1.2343058464972505	0.09360457013063583	0.7726186784100786	0.5235036702428006	-0.594038422439583	0.00271305369550333	NS	0.9720041438062279	0.03902080100926515	0.11203479679646348	Non-significant
CLCN1	-0.03416310051510725	0.9664138691827736	0.7662079648450402	1.2189324692516146	0.1184402125905019	0.7730086239949185	0.5501835121400338	0.745183434541342	0.00164603309377767	NS	0.972109431854973	-0.0492869356945365	0.11181566089084369	Non-significant
C3orf80	0.033124939456024786	1.033679678550582	0.8251157614369261	1.2949621468721788	0.1149799316881918	0.7732753777119281	0.5141163184641446	-0.543150702694407	0.00384380990506048	NS	0.972109431854973	0.04778918588295414	0.11166581821207858	Non-significant
POF1B	-0.012880242560429554	0.9872023527675243	0.9039687710915532	1.0780997269772188	0.04493971449154388	0.7744097469713964	0.5287267080745341	1.30758789694622	7.0874256709435e-6	Up	0.9731749153607214	-0.018582262067378633	0.11102918949453192	Non-significant
RAB3D	-0.029188573541918846	0.9712332982939118	0.7949054028457208	1.1866746864946771	0.10221799460460868	0.7752211161648345	0.5115753811405985	0.52072810021411	1.50110742975e-4	NS	0.9737185694768701	-0.04211021029954916	0.11057440609536323	Non-significant
SLC16A2	0.02078197355230344	1.0209994224917036	0.885103245440741	1.1777607031700632	0.07287529461899443	0.775512580730824	0.5254799548277809	-0.560578880548868	0.00303390765129592	NS	0.9737185694768701	0.029982050183793872	0.11041115246332632	Non-significant
PRDM13	0.030024808822341258	1.0304800986340938	0.8380167265303252	1.267145630944045	0.10548256452276446	0.7759181347546358	0.5023997741389046	1.09188174210058	0.0159135197229592	Up	0.9737185694768701	0.043316642791630784	0.11018409768490928	Non-significant
ME3	-0.02962789144525848	0.9708067118280486	0.7915182676271744	1.190706153321926	0.10417254109578933	0.7760948795038054	0.5074816487859966	-0.719804008523313	4.6314265439354e-5	NS	0.9737185694768701	-0.04274401206007092	0.11008518192982684	Non-significant
MYBPC3	-0.06095611615114826	0.9408645276267885	0.6176560509254488	1.4332022782259228	0.2147322172887419	0.7765097163428014	0.5183512140033879	-0.531250933368245	0.00783220790274377	NS	0.9737185694768701	-0.08794108648311327	0.1098531056435202	Non-significant
SLC16A4	0.0334158618564245	1.0339804428713282	0.8206817087170776	1.3027164427871458	0.11787757106272845	0.7768093789143333	0.48997741389045735	-0.641776090199841	9.1400807992729e-4	NS	0.9737185694768701	0.048208898187294444	0.10968553955454192	Non-significant
DMBT1	-0.013976604423000309	0.9861206148537618	0.8952681742758637	1.0861928246540349	0.04931486795991594	0.7768582475557394	0.4772374364765669	1.53918693784853	6.50452611184802e-5	Up	0.9737185694768701	-0.02016397788952924	0.10965821919213471	Non-significant
TM7SF2	-0.018264365188423715	0.9819014174899977	0.8652517606883701	1.1142772976293416	0.06452689814106097	0.7771381922025831	0.5184923771880294	1.37937518910728	9.23598613559069e-12	Up	0.9737185694768701	-0.02634990908232389	0.1095017472549189	Non-significant
GPLD1	0.02771024016963948	1.0280977398306352	0.8477926861073979	1.2467493291289875	0.09838414822898026	0.7782092093642519	0.47635516657255783	0.887484902511028	2.3611262677339e-4	NS	0.9744607088591477	0.03997742607458096	0.1089036340406151	Non-significant
SLC29A4	0.02181610980713765	1.0220558211465953	0.8778692743488046	1.1899244364310557	0.0775900463999707	0.7785788621966302	0.4666854884246189	0.835959133058731	2.8703738611726e-4	NS	0.9744607088591477	0.031473993430246684	0.10869739121120038	Non-significant
PODXL	-0.02836215314931574	0.972036277050906	0.7976554598580905	1.1845396558447467	0.10087755578123321	0.7785920959968021	0.5124223602484472	-0.69398598190704	3.04885343455078e-6	NS	0.9744607088591477	-0.040917937697451084	0.10869000940593465	Non-significant
KCNH1	0.0374877056032001	1.0381992329700342	0.7989456406203407	1.3491001046112043	0.13365045351197033	0.779101080543895	0.4720143986448334	1.32027165299312	9.23631207484174e-7	Up	0.9747381881583466	0.05408332696804224	0.10840619332280273	Non-significant
ADAMTS12	-0.018340555958457336	0.981826608514815	0.8635577870581727	1.1162929726702424	0.0654878899772776	0.7794312676056381	0.4957651044607566	-0.731723991686195	9.2807517956693e-4	NS	0.9747918507135754	-0.02645982912841288	0.10822217606935718	Non-significant
SLC48A1	-0.04258475853198684	0.9583092371944647	0.7108323600275555	1.291945394912292	0.1524180553091026	0.7799421308416133	0.5219508752117448	0.523520108286342	1.56872355221423e-7	NS	0.9750713522275586	-0.061436819951551334	0.10793761934606101	Non-significant
NRG1	-0.018746348177045867	0.9814282717435237	0.8603057882413361	1.1196035941435267	0.06720584565495834	0.7802914464165108	0.47494353472614337	0.56881733820063	0.00732446511629852	NS	0.975148757897319	-0.027045263549801885	0.10774315381042987	Non-significant
NR5A2	-0.04503010425097634	0.9559687026781637	0.6959096774733233	1.3132108807830214	0.16199547495145247	0.7810343357099673	0.4976002258610954	-0.500244475140049	3.7241242110392e-4	NS	0.9754864272811987	-0.06496470809359657	0.10732987331656536	Non-significant
CHRM4	-0.050045495684466895	0.9511861486514009	0.6678053011611572	1.3548186691736763	0.1804691924764697	0.7815438518485465	0.5129517221908526	-0.751042285762667	0.00107130229245982	NS	0.9754864272811987	-0.07220038844281043	0.10704664901837672	Non-significant
MYH6	0.015671378421666167	1.0157948184546532	0.909246821262973	1.134828397602825	0.056536788642955416	0.781634951416657	0.5145750988142292	-1.72511765384094	6.04422594817332e-5	Down	0.9754864272811987	0.0226090199328321	0.10699602903850455	Non-significant
TIMP1	0.025148315072074347	1.025467201488099	0.8581888945148004	1.2253514209390621	0.09085848690318123	0.7819447874163864	0.5408667419536985	-0.561428377090656	8.6244466182698e-4	NS	0.9754864272811987	0.036281349441194696	0.10682391109223448	Non-significant
SNED1	0.02276968541600726	1.023030893477253	0.8703266793692676	1.2025280091003758	0.08247923481084235	0.7824976259497508	0.495906267645398	-0.636791387274122	0.00307170310614254	NS	0.9754864272811987	0.0328497122322755	0.1065169714025836	Non-significant
COLGALT2	0.021166163493806324	1.0213917555604888	0.8788393711033244	1.1870668891599807	0.07669493070910059	0.7825644639453498	0.4855307735742518	1.41574942380937	1.61303540542679e-7	Up	0.9754864272811987	0.030536319107159485	0.10647987719031535	Non-significant
CRISPLD2	-0.02449333701657074	0.9758041906638995	0.8200009937094314	1.16121056659919	0.0887548910282932	0.78257413942217	0.5026821005081874	-0.507184853669837	0.0033680080852354	NS	0.9754864272811987	-0.0353364158486286	0.10647450768989691	Non-significant
IL20	0.019227152132749493	1.0194131841984555	0.8889092334381147	1.1690768877472606	0.06989276410878457	0.7832432287917431	0.5408667419536985	0.71404372883301	0.0175707724629796	NS	0.9759619079288961	0.027738917032335275	0.10610335094493971	Non-significant
ALPK2	-0.023543590102808407	0.9767313979188367	0.8256210982385556	1.1554988428903183	0.08575450404563795	0.7836647532452359	0.5025409373235461	-0.949488853360556	2.02133564485271e-6	NS	0.9760516897878739	-0.03396622068604409	0.10586968598100563	Non-significant
DHRS1	-0.02429309940629539	0.975999602926924	0.8204474665121867	1.1610435326993163	0.08857933036197266	0.7838906144037596	0.4800959909655562	0.513551942224673	0.001241546490997	NS	0.9760516897878739	-0.035047534041284925	0.10574453537066508	Non-significant
STMN2	-0.03309503416329406	0.9674466147405868	0.7632636257280231	1.2262512201865798	0.12094954957612652	0.7843714620442886	0.4969297007340485	-0.860575728590201	0.0152053995006567	NS	0.9762921389274657	-0.04774604166543516	0.10547821574641579	Non-significant
ITGA11	0.01668025324390761	1.016820145397857	0.901767984239855	1.1465512483884246	0.06126554869331191	0.7854209185545573	0.5	-0.643134812863541	0.0100411049503516	NS	0.9765868374945217	0.024064518635757443	0.10489753610375678	Non-significant
TCF15	-0.026468622674713768	0.9738786010617854	0.8048574263831635	1.1783944566034759	0.09725765685559919	0.7855070699443788	0.5201510446075663	1.13995738506566	5.9868970818673e-4	Up	0.9765868374945217	-0.03818615067197068	0.10484990174556952	Non-significant
UPK1B	-0.011445456288506333	0.988619793770168	0.9099748515341117	1.0740616567440726	0.04229305226792738	0.786681302455107	0.503317334839074	2.32059953398229	8.88365835213949e-8	Up	0.9765868374945217	-0.016512303028139552	0.10420117185587323	Non-significant
UBE2QL1	-0.022838318608327652	0.9774205017056181	0.8284079570743551	1.1532371568815256	0.0843950331997622	0.7866893753474801	0.5002823263692828	-0.753936489512393	4.5547270634601e-4	NS	0.9765868374945217	-0.032948728998476395	0.10419671516596525	Non-significant
SLC6A17	-0.022820491946420947	0.9774379260057507	0.8280675503084726	1.1537523706109756	0.08461382698258611	0.7873897619908707	0.5092461885940147	-1.0423563652396	8.26984305568024e-5	Down	0.9765868374945217	-0.03292301056174807	0.10381023640859964	Non-significant
APOE	0.016642178294995643	1.016781430759802	0.900906460331992	1.1475602889527168	0.061733799000476014	0.7874836283414032	0.4954827780914738	-0.51708576981295	0.0243950074193484	NS	0.9765868374945217	0.02400958809578024	0.10375846635727849	Non-significant
SNX31	-0.022956906472293873	0.9773045983686245	0.8270407278030527	1.1548697009513016	0.0851772952818739	0.7875302596394278	0.520998023715415	0.944633207819965	0.00301594492060124	NS	0.9765868374945217	-0.03311981512173005	0.1037327501200103	Non-significant
MXD1	0.023336235562456335	1.0236106559965368	0.8636125537302233	1.2132509775870712	0.08671959323745669	0.7878527923507689	0.5186335403726707	0.622679234284812	1.4150150503483e-4	NS	0.9765868374945217	0.03366707131897234	0.10355492139632452	Non-significant
SULT2B1	-0.013441347794220848	0.9866485837364551	0.8945632830868067	1.0882130377965544	0.04998983891105475	0.7880207979558659	0.49618859401468096	1.30980957481412	4.67766583188447e-8	Up	0.9765868374945217	-0.019391765805586294	0.10346232017761296	Non-significant
GPRIN3	-0.02449999865420257	0.9757976902316333	0.8161485918196916	1.1666761932877932	0.0911541464703492	0.7881024702614209	0.519339356295878	-0.747954008238221	9.21717871053327e-6	NS	0.9765868374945217	-0.035346026560204385	0.1034173112213037	Non-significant
CEACAM4	0.03645757742885654	1.0371303053503242	0.7934813161236098	1.355594956578022	0.13662642017506635	0.7895913209953407	0.5110107284020328	-0.505871238280565	0.0192111944508207	NS	0.9765868374945217	0.05259716615943675	0.1025976339763974	Non-significant
GPX8	0.02840252976208142	1.028809727618365	0.8348144014558325	1.2678859562033722	0.10660827645485947	0.7899161052065594	0.5184923771880294	-0.632016692268138	6.48030425408742e-6	NS	0.9765868374945217	0.040976188836456144	0.10241903146983151	Non-significant
LRRC32	0.02650227774497284	1.0268565861764454	0.8448079649840496	1.2481350700734124	0.0995672456793584	0.7901046978262968	0.5179983060417843	-0.557545110452081	3.0454113315498e-4	NS	0.9765868374945217	0.03823470467493417	0.10231535595579859	Non-significant
TUBB4A	-0.026665659062134285	0.9736867304438135	0.7996230469847404	1.1856409749786212	0.10048612939837162	0.7907270897978536	0.5537831733483907	1.15597107699696	6.35830121689492e-5	Up	0.9765868374945217	-0.038470414090976915	0.10197338230001753	Non-significant
RAB33A	-0.042009730017431364	0.9588604507981947	0.7020474625651631	1.3096171030168466	0.15905625776376334	0.7916884645958209	0.5268210050818747	-0.70139568261355	1.51898753400405e-7	NS	0.9765868374945217	-0.06060722916523242	0.10144568296085507	Non-significant
FAM107B	0.03002730645815778	1.0304826724013108	0.824644460347422	1.2876998381483964	0.11369099172568137	0.7916925923444379	0.4880011293054771	-0.570977637951552	2.39539474222613e-6	NS	0.9765868374945217	0.043320246118437475	0.10144341861843516	Non-significant
ZNF608	0.02136885141979922	1.021598800319077	0.8716386966197343	1.197358622168529	0.08099594295915631	0.7919138489951123	0.48764822134387353	-0.568525086294501	0.00356211157838111	NS	0.9765868374945217	0.03082873597283738	0.10132206202302214	Non-significant
PLA1A	0.02665416011355157	1.0270125594314385	0.8422054170510931	1.2523723736223917	0.10121894735251047	0.7922949085057807	0.49738848108413325	-0.719294075905891	9.9986556602358e-4	NS	0.9765868374945217	0.03845382461488139	0.10111313495432857	Non-significant
PLEK	0.019168587797470247	1.019353484691096	0.8838113568672497	1.1756824787079003	0.07279737038477498	0.7923083474429978	0.49618859401468096	-0.649109835112977	0.00199268001782975	NS	0.9765868374945217	0.027654426556255	0.10110576849682029	Non-significant
EMILIN1	-0.017798664882912933	0.982358795772441	0.8604356635886391	1.1215583505762792	0.06761234828798875	0.7923611528638033	0.502258610954263	-0.698363169102746	0.00102666676126701	NS	0.9765868374945217	-0.02567804556102296	0.10107682479231354	Non-significant
CHST10	0.023609941494812322	1.0238908626508685	0.8587763194761932	1.2207515214897604	0.08972446953501734	0.7924440094912284	0.4880717108977979	-0.504061749312368	0.0092639294940186	NS	0.9765868374945217	0.03406194551024445	0.10103141330960591	Non-significant
IL32	0.019564023761225836	1.0197566534271778	0.8814744079401878	1.1797320748528863	0.07435000585492367	0.7924472022286668	0.5192687747035574	-0.741919734457156	1.6183862743459e-4	NS	0.9765868374945217	0.028224920060154365	0.10102966355133679	Non-significant
CCDC188	-0.06271610061814013	0.9392100770033823	0.5883287287776572	1.499358310408246	0.23865404049521194	0.7927117804391843	0.5047995482778092	-0.502695177957742	0.0033680080852354	NS	0.9765868374945217	-0.09048020734568404	0.10088468773606148	Non-significant
PTCHD1	-0.0434777180394884	0.9574538878030073	0.691997296994236	1.324742092564459	0.16566401932456837	0.7929782691869465	0.5078345567476003	0.72899877193143	0.0213974807735936	NS	0.9765868374945217	-0.06272508820473846	0.10073871394533324	Non-significant
DBH	-0.047777325310632786	0.9533460494793228	0.6671923997051274	1.362228782071731	0.18209492461916243	0.7930316274119877	0.5119988706945229	-1.00493647377985	4.65754573334677e-5	Down	0.9765868374945217	-0.06892811029258863	0.10070949195528385	Non-significant
SH2B3	0.03014062547459472	1.030599452300769	0.8226061066458626	1.291183255876195	0.11501151392329084	0.7932704378863333	0.5030350084697911	-0.681628584276507	1.81532591234148e-8	NS	0.9765868374945217	0.043483730901489215	0.10057872988382048	Non-significant
GPAT2	0.0278638978025864	1.0282557270334347	0.8347210643088298	1.2666624641281057	0.10639050722734242	0.7933969166401466	0.4900479954827781	-1.0929043770354	2.32525316379068e-6	Down	0.9765868374945217	0.0401991071796283	0.10050949164706124	Non-significant
BATF2	-0.014014974637608393	0.9860827779200506	0.8878503409106128	1.0951837264749322	0.05354032594184445	0.7935027508235305	0.4875070581592321	-0.722009933515705	0.00699787628228162	NS	0.9765868374945217	-0.020219334407862256	0.10045156334466014	Non-significant
KLRC1	0.029860886596002865	1.0303111938861278	0.8234682604199418	1.2891099842824627	0.11433432489881114	0.7939601240242261	0.49724731789949184	-0.755338248986108	0.00153905868916652	NS	0.9765868374945217	0.04308015300860102	0.10020130909824464	Non-significant
LOXL2	0.02186659324426081	1.0221074193397945	0.8673068332324386	1.2045374677562048	0.08379187430025094	0.7941209084480767	0.5238565782044042	-0.669425333574595	1.4226285691767e-4	NS	0.9765868374945217	0.03154682563463115	0.10011336926788952	Non-significant
PCDHGA12	0.026154042422301984	1.026499060696935	0.8430547989372714	1.249859822801497	0.10044947886680156	0.7945782924928979	0.5205745341614907	-0.55225828561608	0.0137896379252388	NS	0.9765868374945217	0.0377323073018548	0.09986330384059292	Non-significant
MYF5	-0.0253510932991487	0.9749675473581139	0.8050697866754675	1.1807196520525716	0.0976932341665103	0.7952518587069651	0.48658949745906266	-1.20882384600241	0.00588903517455323	Down	0.9765868374945217	-0.036573896583795236	0.09949530716214561	Non-significant
CHAC1	0.022180446071606425	1.022428260989101	0.8640738136870596	1.2098035287154225	0.08585745897272483	0.796144247430827	0.5236448334274422	0.686434530811856	4.8220105216147e-4	NS	0.9765868374945217	0.031999619552211526	0.09900823855915754	Non-significant
HTR2A	-0.04678875516771672	0.9542889649119367	0.668990230616816	1.3612566923631315	0.18122632331969674	0.7962690868455473	0.5032820440429135	-0.903126800969914	0.00106259735802677	NS	0.9765868374945217	-0.0675019050498327	0.09894014434281166	Non-significant
AKR1B10	0.01074851239205048	1.010806485172242	0.931550804373967	1.0968051830011547	0.041660491250428214	0.7964049500546273	0.4784726143421796	2.4000770678079	2.37867085542286e-23	Up	0.9765868374945217	0.015506825524944938	0.09886604927907211	Non-significant
KRT14	0.010919540239168718	1.010979376013407	0.9303758398818581	1.0985660363388672	0.042391690083208394	0.7967258100096762	0.4973178994918125	0.661074858384769	0.00665369994156202	NS	0.9765868374945217	0.01575356655183632	0.09869111359479725	Non-significant
TMEM155	0.052095581760142354	1.0534764308328322	0.7086865398298412	1.5660133612623064	0.20226777175249183	0.7967484328218151	0.5067052512704686	-0.5266877434132	0.00923932916012939	NS	0.9765868374945217	0.07515803745758286	0.09867878209647289	Non-significant
HOXC6	0.027475000472868105	1.0278559188741256	0.8337916649606228	1.2670884519029912	0.10676048751815133	0.7969072308479866	0.5178571428571428	-0.56426475084964	0.00294424463354915	NS	0.9765868374945217	0.03963804693062883	0.09859223252581735	Non-significant
FIBIN	-0.017244349490009706	0.9829034833246918	0.8617743839522334	1.121058220715646	0.06710196191297838	0.7971886061141025	0.49971767363071706	-0.897584942880228	4.1555429781324e-4	NS	0.9765868374945217	-0.024878337492593123	0.09843891711798074	Non-significant
TDRD6	-0.03742189246667087	0.9632696533991048	0.7236439354198351	1.2822444571739553	0.14593835359551338	0.7976245367015339	0.5202569169960474	-0.68732195204528	6.48600670333367e-5	NS	0.9765868374945217	-0.053988378682346044	0.09820149462847803	Non-significant
BVES	-0.019064945986548412	0.9811156406503975	0.8479520266664656	1.1351914613767002	0.0744229344425794	0.7978193351501385	0.5270327498588367	-0.606013819885398	0.00332974891451269	NS	0.9765868374945217	-0.027504903029609305	0.09809544277265876	Non-significant
INSIG1	0.03258533470289534	1.0331220505457142	0.8049481123709522	1.3259751217751883	0.1273302963699623	0.7980188860889592	0.5237154150197628	0.587151637339336	4.76532664384057e-6	NS	0.9765868374945217	0.047010700781574065	0.09798683041974385	Non-significant
NME8	-0.053102937880315525	0.9482823932785228	0.6313086039218012	1.4244055788497219	0.2075841852884749	0.7980944738580885	0.5232919254658386	-0.938691889513018	7.51401549080587e-6	NS	0.9765868374945217	-0.07661134513656587	0.09794569630999883	Non-significant
STRA6	-0.016777761656275324	0.9833622011394999	0.8645823824038329	1.1184604709863857	0.06568024866846867	0.7983785889573678	0.5067758328627894	-0.525782432231092	0.0414588574821986	NS	0.9765868374945217	-0.024205193538725443	0.09779111854226949	Non-significant
UGT1A7	0.012681273623498855	1.0127620219433553	0.9187431149794324	1.1164022852174027	0.04971009507068588	0.7986423159898787	0.48069593450028236	4.03468098866994	5.45076876251402e-19	Up	0.9765868374945217	0.01829521056877772	0.09764768247874081	Non-significant
MRAP2	0.016828784617192814	1.016971186307316	0.893418155258108	1.1576106750153532	0.06608760894379362	0.7989984048603649	0.4773785996612083	1.5668242152076	1.07120141274263e-8	Up	0.9765868374945217	0.024278804111412425	0.09745408772109361	Non-significant
CD209	0.0216559326571918	1.021892124268678	0.8649899192300795	1.207255125668796	0.085049194862501	0.7990101923943839	0.5069875776397516	-0.862501808851964	2.65134532336244e-5	NS	0.9765868374945217	0.031242906650355895	0.09744768067048253	Non-significant
CD300LF	0.025605449280951598	1.0259360847891141	0.8422486737311061	1.2496841881741552	0.10065767647134995	0.7992008529508129	0.4985177865612648	-0.51161808739021	0.00725014692394072	NS	0.9765868374945217	0.03694085469736281	0.09734406127902893	Non-significant
CNTD1	-0.042031368044046946	0.9588397031747093	0.6934819826012553	1.3257353463396246	0.1653084722290203	0.7992945321452374	0.4901891586674195	-0.805343150857603	5.63509454888066e-5	NS	0.9765868374945217	-0.060638446238925316	0.09729315796378185	Non-significant
OR2I1P	0.012245548797380037	1.0123208325130184	0.9211154547005531	1.1125570228034036	0.04817202874366354	0.7993375371254083	0.48842461885940147	-1.95118048501994	5.03902392569106e-12	Down	0.9765868374945217	0.017666592522943902	0.09726979195487195	Non-significant
ELF5	-0.015285714944981805	0.984830518604445	0.8753194103711531	1.1080425486776841	0.06014432142439322	0.7993792187693749	0.5272092038396387	0.953799441495611	0.0210073335357185	NS	0.9765868374945217	-0.022052625147567596	0.09724714615734881	Non-significant
C10orf67	0.031176439010986694	1.0316675142250655	0.8109971318987559	1.312381780457636	0.12279164427611988	0.7995750764986093	0.5110107284020328	0.591923610906743	0.0140170366890614	NS	0.9765868374945217	0.044978093953727837	0.09714075170727386	Non-significant
TCEAL7	0.028397877632916936	1.0288049414737592	0.8255382459955797	1.2821206197713735	0.11230694306684091	0.800376785800816	0.4983060417843026	-0.659230683060128	0.00152883703272433	NS	0.9769657289485937	0.040969477232780854	0.09670551616877562	Non-significant
DMRT3	-0.02516860239907342	0.9751454862990003	0.8022462362578807	1.1853077976219335	0.09957891554459201	0.8004611631232215	0.5364553924336533	0.833051355182702	0.0064847156299008	NS	0.9769657289485937	-0.03631061786724929	0.096659734388581	Non-significant
SLC35G1	0.023788037220560453	1.024073229476033	0.8510567794426283	1.2322632339716517	0.09442238248542996	0.8010934810044976	0.4738848108413326	1.42180649826243	2.49812162479732e-13	Up	0.9770962917180113	0.03431888333058465	0.09631680237321376	Non-significant
STARD13	-0.026372112240012072	0.9739725950445476	0.7926466044193997	1.1967787543764985	0.10510687437140727	0.8018855583325164	0.49181253529079616	-0.645815019724758	1.61926773828009e-6	NS	0.9770962917180113	-0.03804691554643257	0.09588760793915752	Non-significant
SLAIN1	-0.026273626181314184	0.9740685224903938	0.7931646575915086	1.1962326831199652	0.10482376998320489	0.8020880533080973	0.5278091473743647	-0.57425122911037	0.0100358480413244	NS	0.9770962917180113	-0.037904830197952426	0.09577795220624907	Non-significant
SUSD4	0.014738724537058608	1.0148478751250858	0.9042824657531501	1.1389319694351419	0.05885425993880857	0.8022567735283326	0.47684923771880294	0.550725883503063	0.0307449735093702	NS	0.9770962917180113	0.02126348479864304	0.09568660742839567	Non-significant
SLC14A2	-0.06310898598457132	0.9388411475863532	0.5729003189878714	1.538527159416577	0.2520120566930075	0.8022621755744916	0.5201863354037267	-0.761124224896732	0.00126962858940514	NS	0.9770962917180113	-0.09104702111547222	0.09568368308918586	Non-significant
PI15	0.018393979437603757	1.0185641906965246	0.8816299262603289	1.176767008091465	0.07366302459684933	0.8028159754427502	0.528232636928289	-0.5184976129482	0.0263830444527531	NS	0.9770962917180113	0.026536902916844584	0.09538399396033567	Non-significant
ADRA1B	-0.030035341858687	0.970411236805657	0.7664666844684088	1.2286221796734837	0.12037399978120678	0.8029610046589045	0.48493083003952564	-1.36594007453611	2.1601113833157e-8	Down	0.9770962917180113	-0.04333183875093239	0.09530554547185646	Non-significant
DGKD	-0.03185075536962184	0.9686511372728337	0.7541621974788011	1.244142213540647	0.1277049296279798	0.8030444448246022	0.5130575945793336	-0.512500564527669	2.10902828673429e-5	NS	0.9770962917180113	-0.04595092682032098	0.09526041784968572	Non-significant
FDFT1	-0.03289633343928176	0.9676388661829969	0.7470035398526801	1.2534411490641297	0.1320376413566539	0.8032497038085837	0.5130575945793336	0.751512587445352	7.83288023845897e-13	NS	0.9770962917180113	-0.047459377116281544	0.09514942591876786	Non-significant
CTSO	0.025891082422137682	1.0262291679908138	0.836772245300429	1.2585817839321418	0.10413172788661294	0.8036409760507922	0.5065640880858272	-0.633688201398699	2.6259842681752698e-06	NS	0.9770962917180113	0.03735293621366555	0.09493792754964883	Non-significant
DLEC1	0.03200480388537765	1.0325224654127783	0.8020068744999531	1.32929364507853	0.12890180908162086	0.8039113938500863	0.4643210050818747	0.871484015467642	7.0769515873319e-4	NS	0.9770962917180113	0.04617317185005823	0.0947918160308598	Non-significant
IL11RA	0.03027982956454666	1.030742925945459	0.811487518367358	1.3092388426677524	0.12202576401231374	0.804023827431974	0.5052936194240543	-0.630836820873458	3.37477835645619e-6	NS	0.9770962917180113	0.043684559951734384	0.09473108064347882	Non-significant
RELN	-0.02030538695035991	0.979899379125762	0.8343023390089396	1.1509050715975102	0.08206989507862132	0.8045864645322678	0.5155985319028797	-0.844267274503699	0.00160062033518726	NS	0.9772493844079082	-0.029294481056615702	0.09442727779059819	Non-significant
ERN2	-0.01941811154867437	0.980769205571727	0.8408386913915552	1.1439866462446868	0.07854089809269674	0.8047258414487756	0.5111871823828346	0.962998982225471	0.0227004533040131	NS	0.9772493844079082	-0.028014413234701278	0.0943520523347679	Non-significant
CLDN4	0.014884027645980624	1.0149953463901815	0.9015306888271863	1.1427404146762281	0.06048336782663176	0.8056167149817919	0.48983625070581593	0.893894138064358	2.01445549691417e-5	NS	0.9773742168325634	0.021473112873310544	0.09387153159414868	Non-significant
POPDC2	-0.02654310174411568	0.97380607019091725	0.7882177208548093	1.203091781940989	0.10787842619021702	0.8056462903085833	0.5200451722190853	-0.94636164725102	3.00597194111331e-7	NS	0.9773742168325634	-0.03829360125604686	0.09385558832332914	Non-significant
NUAK1	0.02150069897276326	1.0217335045010234	0.8607837363228121	1.2127777398299302	0.08745705724951074	0.8058038253698676	0.5119282891022021	-0.9158595509674	1.76912671032375e-8	NS	0.9773742168325634	0.031018951783652052	0.09377067522875131	Non-significant
CCR8	-0.026104497959994487	0.9742332788991326	0.7905942946902772	1.20052786630137	0.10656616563534417	0.806487039779196	0.5216685488424619	-0.902289633988268	8.38342087824937e-5	NS	0.9773742168325634	-0.037660829751780055	0.09340260731730674	Non-significant
DPYSL3	0.017058390155959804	1.0172047153332118	0.8874153052992455	1.1659765464009064	0.0696444343200981	0.8065064202504432	0.4883540372670807	-0.505339780382958	0.00927047585171856	NS	0.9773742168325634	0.024610054883552383	0.09339217102983464	Non-significant
NKAPL	0.04371480954250336	1.0446843783846245	0.7362521076257581	1.4823257402417078	0.17852240840816544	0.8065569723345646	0.5153514963297572	-0.802328807346119	3.8891997393065e-4	NS	0.9773742168325634	0.06306713894037498	0.09336495016388387	Non-significant
CLMP	-0.01803714821748047	0.9821245475043476	0.8497613639223571	1.1351052986903656	0.07385981077509125	0.8070698201332291	0.4894127611518916	-0.535604820302603	0.00481570153460449	NS	0.9776465189975175	-0.026022104285138334	0.09308889255557538	Non-significant
IGLL5	-0.02070947484457107	0.9795034936407652	0.8285649294365015	1.1579383340626799	0.08538452838557449	0.8083589414430298	0.5361730660643704	-0.765725204268966	0.0322083038053784	NS	0.9786320519954557	-0.029877456657677343	0.0923957534911876	Non-significant
HLA-DMA	-0.01847892515964173	0.9816907633499034	0.8454508095106266	1.139885069604872	0.07622913866080132	0.808460253976794	0.5077639751552795	-0.702328364975714	2.2591397977231e-4	NS	0.9786320519954557	-0.026659453688773444	0.09234132628678074	Non-significant
SPDYC	0.018137454136361465	1.0183029367212315	0.8789746634284032	1.1797164515420056	0.07507110402174717	0.809087279174232	0.5090344438170525	2.09367085255891	2.90829720594013e-5	Up	0.9787389009914627	0.026166815136879695	0.09200462694247054	Non-significant
IL12A	0.04790136735606728	1.0490671779520064	0.7112234536402443	1.5473926488550112	0.19830465671238753	0.8091254398116866	0.48927159796725017	-0.773606499350579	1.6903890481332e-4	NS	0.9787389009914627	0.0691070651363986	0.09198414390698194	Non-significant
FGFBP2	0.013391577564483928	1.0134816463445897	0.9087106725800396	1.1303323252064796	0.05567454600526863	0.8099169168047157	0.49350649350649356	1.78634620514614	4.46687254170422e-8	Up	0.9790924991252297	0.01931996254196081	0.09155952979283852	Non-significant
RAPSN	0.01692689983823781	1.0170709715552029	0.8859824173791763	1.1675551804292015	0.07040184128132576	0.8099948850705923	0.5139751552795031	-0.816868138233241	0.00743922486858322	NS	0.9790924991252297	0.02442035445424987	0.09151772358138835	Non-significant
KCNMB4	0.021316558006188115	1.0215453788272757	0.858092207953265	1.216133827263699	0.0889609585548606	0.8106271845696444	0.5194099378881988	-0.777973630822655	1.5996515735514e-4	NS	0.9795078480216537	0.03075329252434965	0.09117883618447259	Non-significant
ABCB6	0.04254131641513792	1.0434591674752167	0.7347741335960446	1.481825481334464	0.17894892324938044	0.812091429027442	0.4847190852625636	0.549819886974624	0.0014039704583512	NS	0.9795324386950692	0.061374146225007614	0.09039507311496535	Non-significant
KIF1A	0.01549108211221438	1.0156116909068322	0.8937777136887994	1.1540532851838112	0.06519979971659444	0.8121959938958556	0.48224872953133824	-0.8068259816977	0.0228945208288774	NS	0.9795324386950692	0.022348907341295448	0.09033915697010723	Non-significant
COCH	0.018062874570650336	1.0182269949623355	0.8770758267993491	1.1820941606080952	0.0761364517524057	0.8124679292152062	0.4794607566346697	0.961920119961008	0.00500575836398224	NS	0.9795324386950692	0.026059219567276755	0.09019377304417468	Non-significant
DMKN	-0.010943702442536724	0.9891159620206483	0.9035562442102263	1.0827775167213658	0.04616065278783876	0.8125958222074853	0.5069169960474309	1.04416028133155	4.15504108549508e-5	Up	0.9795324386950692	-0.015788425242812182	0.09012541483867417	Non-significant
ENPP2	0.018553079443736166	1.0187262571575562	0.8735096411688892	1.1880844104176165	0.07846531503933521	0.8130839395313181	0.4913890457368718	-0.756184776673035	2.99129153001256e-5	NS	0.9795324386950692	0.02676643570669705	0.08986461726756384	Non-significant
FAM131C	-0.024501990074995983	0.9757957470097578	0.7959877058999398	1.1962211637500155	0.10391494417135837	0.8135964841349892	0.5172219085262564	0.756883690422116	5.6476246388341e-4	NS	0.9795324386950692	-0.03534889957310724	0.08959093683564676	Non-significant
CKMT1A	-0.018216791120637316	0.9819481316457753	0.8439010702686021	1.142577213387975	0.07729897929369875	0.8136913542731297	0.4871541501976284	0.8434381469189	7.31196054290357e-6	NS	0.9795324386950692	-0.02628127421065355	0.08954029849550063	Non-significant
GCNT1	-0.019875964795688362	0.9803202599898235	0.8309532378748069	1.1565365755170276	0.0843412401097122	0.8136955159857576	0.489553924336533	-0.611839948775651	5.8315175662727e-4	NS	0.9795324386950692	-0.028674955843623263	0.08953807725497986	Non-significant
DCBLD2	0.02089621870821784	1.0211160733931879	0.8578515710887302	1.2154527315472796	0.0888895962430432	0.8141461837200737	0.5196922642574817	-0.680403215331459	2.95348565721852e-5	NS	0.9795324386950692	0.03014687110367696	0.08929760852239839	Non-significant
CD53	0.017972103996990903	1.0181345741084975	0.8762650614897047	1.1829731168703805	0.07656199674367066	0.8144111388760257	0.5023997741389046	-0.73798519214106	3.46145528098638e-5	NS	0.9795324386950692	0.025928265310799434	0.08915629502780974	Non-significant
GPR82	0.029374867460950645	1.029810564598402	0.8054488313915685	1.316669362008067	0.12537499250746434	0.8147551401778739	0.4789666854884246	-0.784381275449773	6.17820488859297e-5	NS	0.9795324386950692	0.04237897561268393	0.08897289095015197	Non-significant
EVPL	-0.016440808050805104	0.9836936044092848	0.856927946514902	1.1292117514560518	0.07038937111518583	0.81531923219601	0.5139045736871823	0.872685392977492	1.15585892665532e-7	NS	0.9795324386950692	-0.023719072243103847	0.08867231317935431	Non-significant
NOS1AP	0.02265853633888596	1.022917190856664	0.8457774566714088	1.2371570926802413	0.09702093783319231	0.8153399797821779	0.47480237154150196	0.708905727569695	6.6887210246292e-4	NS	0.9795324386950692	0.03268935800991321	0.08866126174430299	Non-significant
TMEM79	-0.017238176836507333	0.9829095504660458	0.8503068687197642	1.136191203361625	0.07394002998723166	0.8156548138230397	0.5139045736871823	0.716745723465171	2.64249654298832e-5	NS	0.9795324386950692	-0.02486943223599615	0.0884935963551847	Non-significant
USH1C	0.022820049379724372	1.023082418665549	0.8442692500196799	1.2397675686496352	0.09801397859612698	0.815897736371448	0.49841191417278374	1.17535864390441	0.00696587712425589	Up	0.9795324386950692	0.032922372072969615	0.08836427177649354	Non-significant
PTK6	0.018625926853725466	1.0188004714300043	0.8708214380417433	1.1919256408295313	0.08007507241313615	0.816067517515846	0.5267504234895539	0.581252060191047	5.3363916128744e-4	NS	0.9795324386950692	0.026871532303830457	0.08827390831534306	Non-significant
SHD	0.02545059132694696	1.0257772227269286	0.8272829298922684	1.271897282834537	0.10972605595720789	0.8165794492823645	0.5100578769057029	-0.626820477522045	0.0305440497309622	NS	0.9795324386950692	0.03671744189507814	0.08800155409165883	Non-significant
GNLY	0.014072661922316666	1.0141721479590977	0.90044906387453	1.1422579987703658	0.06068190185981605	0.8166089149630584	0.5156691134952005	-0.648220442269093	0.00829086057622941	NS	0.9795324386950692	0.02030255956743321	0.08798588317113007	Non-significant
CLEC1A	-0.03154858895127411	0.9689438753431917	0.7418253661327464	1.2655973716017133	0.1362743562060328	0.8169202549596661	0.5253387916431395	-1.05390083665225	2.56914397913577e-11	Down	0.9795324386950692	-0.04551499282704743	0.0878203357825075	Non-significant
GGT6	-0.0152095939985016	0.9849054876889665	0.8658737387835259	1.1203005429436599	0.06571885312089656	0.816977453559594	0.5150338791643139	0.510137206840278	0.0179842601428359	NS	0.9795324386950692	-0.021942805835572787	0.08778992869373828	Non-significant
SHISA2	-0.014182485408680123	0.9859176122674798	0.8741043574336418	1.1120337404941965	0.061415936158665856	0.8173729374504077	0.5071993224167137	-1.001038550994	1.0028171045534e-4	Down	0.9795324386950692	-0.020461001366582972	0.08757974552156264	Non-significant
HMGCS1	0.021764293511009777	1.0220028633715572	0.8494411520640924	1.2296200274752553	0.09435933968911522	0.8175841529334624	0.5195511010728402	0.652748630587202	8.94590766274409e-5	NS	0.9795324386950692	0.03139923831678565	0.08746753496896405	Non-significant
VENTX	-0.037564638658800005	0.9631321601376417	0.69988474199897	1.3253947432001096	0.162898387747185	0.8176242777165615	0.5028585544889892	-0.547806031506894	0.00564826961684678	NS	0.9795324386950692	-0.05419431790583656	0.08744622151244759	Non-significant
DCUN1D3	-0.034797610790336074	0.9658008641522153	0.7180605785564991	1.2990147865689758	0.15122917247052464	0.8180152045111572	0.4939299830604178	0.547051037068805	2.65129086492622e-7	NS	0.9795324386950692	-0.05020234052200219	0.08723862398891197	Non-significant
LRRC15	0.011010146050189908	1.0110709807695952	0.9203796821495084	1.1106987126953247	0.047949422988550996	0.8183870717355339	0.4985177865612648	-0.654895702188377	0.024664009228075	NS	0.9795324386950692	0.015884283106072265	0.0870412398998383	Non-significant
KLF17	-0.048709034927620395	0.9524582214598833	0.6279954710517902	1.444559245160082	0.212510685195594	0.8187076726592759	0.47631987577639756	-2.09381841169829	2.10481404024461e-11	Down	0.9795324386950692	-0.07027228313656529	0.08687113952619663	Non-significant
MS4A6A	0.018132416813935705	1.0182978072139317	0.8720100346289519	1.1891267107011272	0.07912735416293397	0.8187485649119561	0.49809429700734054	-0.835077876781416	1.83418224551757e-6	NS	0.9795324386950692	0.02615954781679677	0.08684944822320138	Non-significant
CABP4	-0.037630154856753084	0.9630690614473988	0.6977296245912677	1.3293143711083033	0.16443845716888048	0.8189930004300914	0.528020892151327	-0.879541604686003	1.15585892665532e-7	NS	0.9795324386950692	-0.05428883779972145	0.086719809946025	Non-significant
SOX2	0.010862628848376108	1.010921841408258	0.9210995500053071	1.109503277284605	0.04747525419392861	0.8190196075973804	0.4721908526256352	1.40461330881496	5.47037623424161e-7	Up	0.9795324386950692	0.01567146077056948	0.08670570096313066	Non-significant
GIMAP8	-0.022716482658475142	0.9775395939155577	0.8034948112427653	1.1892841674915016	0.10003656720615126	0.8203601443559547	0.5086815358554488	-0.690393118399274	1.0763267643066e-5	NS	0.9798837161881965	-0.032772956877822196	0.08599544716610348	Non-significant
ROS1	0.01327784459558167	1.0133663866225624	0.9034842777408734	1.1366124002779774	0.058559451146276247	0.8206249303274921	0.5157396950875212	-1.51815149573937	1.33413550689861e-5	Down	0.9798837161881965	0.019155880551739918	0.08585529343881347	Non-significant
IGFL1	-0.009559264651319633	0.9904862798794103	0.911916566035324	1.0758254726028862	0.04216787334040916	0.8206605722374685	0.4792490118577075	0.857538911266149	0.0138772018274799	NS	0.9798837161881965	-0.013791103707003928	0.08583643129105736	Non-significant
RGL4	-0.03318147121313432	0.9673629951232993	0.72587210770585	1.2891956508585631	0.1465332888320454	0.8208567083713295	0.4984472049689441	-0.748518906493956	1.9361472160718e-4	NS	0.9798837161881965	-0.04787074396858876	0.08573264823370025	Non-significant
DDC	0.025779477890764353	1.026114642556336	0.820803527303468	1.2827811097834552	0.11390565685369365	0.8209501569897507	0.49149491812535295	1.06002710898586	0.00260034353224142	Up	0.9798837161881965	0.03719192490971252	0.08568320975196177	Non-significant
VAV1	-0.020135473859919775	0.9800658910034629	0.8231602972032255	1.166879833699355	0.08901635589864612	0.8210460964111531	0.5349378881987578	-0.521100932577105	0.00299987556145478	NS	0.9798837161881965	-0.029049348283655598	0.08563245937872167	Non-significant
ACP3	-0.01713580301535108	0.983010179823396	0.8468123721859465	1.1411134808316656	0.07609340144616437	0.8218280954869703	0.5246329757199322	0.941905033781238	1.24241384238086e-6	NS	0.9804721265778095	-0.024721738031897155	0.08521901577993016	Non-significant
CNN1	-0.016989889349991495	0.9831536249068643	0.8476048637512917	1.1403793105782942	0.07569058725677695	0.822395480753493	0.5049407114624507	-0.790901335115042	3.6590971008608e-4	NS	0.9806085711946411	-0.024511229110484888	0.08491928488723946	Non-significant
GALNT17	-0.01898879902928362	0.9811903524656604	0.8311771859932782	1.1582783117671769	0.08465639620210828	0.8225204814677125	0.4942828910220215	-1.35992704146737	2.2451201343601e-8	Down	0.9806085711946411	-0.027395046191984684	0.0848532789370623	Non-significant
ADA2	-0.015572157960143069	0.9845484611798913	0.8589883595473481	1.1284619420483095	0.06960727409937775	0.822979446439061	0.5338791643139469	-0.597730751264533	0.00348591506427594	NS	0.980811121098607	-0.022465875065038065	0.08461101097189007	Non-significant
CLEC4E	0.02205613790169225	1.0223011727023288	0.8420841773843486	1.241086955172115	0.09894642760154464	0.8236056341438026	0.5131281761716544	-0.53709503823239	0.0171173681364909	NS	0.9812127516326974	0.031820280771934585	0.0842806911103511	Non-significant
TMEM150B	0.02666763601980391	1.0270263994496625	0.8118524261909504	1.2992302432541467	0.11995339422346976	0.824067396378724	0.5077639751552795	-0.770567038722728	4.06723705072703e-5	NS	0.9812490007845699	0.038473266238002915	0.08403726806207282	Non-significant
RASL11A	0.02400038830639744	1.024290715629182	0.8279134367148941	1.2672477865405651	0.1085974360129671	0.8250898880308606	0.4644268774703557	0.771984710275749	3.29845305354354e-5	NS	0.9812490007845699	0.0346252411890491	0.0834987353903697	Non-significant
C6orf15	0.00999532097436251	1.0100454410445978	0.924158800237422	1.1039139514906773	0.0453409766983005	0.8255223804717121	0.4951298701298701	2.05874973386726	4.87914332229931e-7	Up	0.9812490007845699	0.014420200001806313	0.083271148223584	Non-significant
MAT1A	-0.019150063487644958	0.9810321340927637	0.826786266345476	1.1640542269487208	0.08727660293084977	0.8263243976800884	0.5112224731789949	-0.641019752066654	0.0443095358068462	NS	0.9812490007845699	-0.027627701626334236	0.08284942427198486	Non-significant
S100A14	0.014861519336013275	1.0149725008174182	0.888749677326366	1.1591218581531657	0.06775694926684954	0.8263885377674497	0.5216685488424619	0.995234600716217	2.36677625290029e-8	NS	0.9812490007845699	0.021440640246141937	0.08281571522859765	Non-significant
RIMS2	0.01580325897995746	1.0159287908764052	0.8820131546790236	1.170176774185634	0.07211947187775915	0.8265518159039499	0.4968238283455675	-0.687921978509483	0.00749376245969687	NS	0.9812490007845699	0.022799283360268666	0.0827299156487512	Non-significant
SLC27A2	0.019459445744052624	1.0196500148744845	0.8565936718489364	1.2137448442613399	0.08890522911050827	0.8267446725312547	0.47141445511010727	0.689580552139022	0.00352098754877352	NS	0.9812490007845699	0.028074045873392416	0.08262859496005111	Non-significant
DENND5B	-0.02150379281656269	0.9787257653348148	0.8071423151792493	1.1867846669858817	0.09834440023406692	0.8269164450102378	0.5021174477696217	-0.795495199419296	1.68956987695648e-6	NS	0.9812490007845699	-0.03102341525675865	0.08253837110554772	Non-significant
ABCC9	0.017798258304847447	1.0179575911830718	0.8673383065281633	1.1947329544283125	0.08169764050313266	0.8275419101579441	0.5082580463015245	-0.727903976668369	4.1039728262634e-4	NS	0.9812490007845699	0.025677458992864277	0.0822100025197034	Non-significant
GCNT2	0.015554835103347212	1.0156764412539492	0.8830384814765988	1.1682374607200232	0.07139995181225872	0.8275421050377723	0.4499576510446076	0.727370744193207	0.00327483693238882	NS	0.9812490007845699	0.022440883465444542	0.08220990024666683	Non-significant
PNMA8A	0.012309176033047924	1.0123852457383964	0.9062546822510501	1.13094465150015	0.056503121032495614	0.8275463839494541	0.5024703557312253	-1.01561054246948	0.00192928784582947	Down	0.9812490007845699	0.01775838722030766	0.08220765467763005	Non-significant
ITGA10	0.03214428775476156	1.0326664956861962	0.7732990745561709	1.3790267263993055	0.14757092178746858	0.8275673039974073	0.5077639751552795	-0.619112552441926	1.9402506120917e-4	NS	0.9812490007845699	0.046374404536702295	0.08219667602226172	Non-significant
MNDA	-0.019148990770477232	0.9810331864633405	0.8257196774666509	1.1655603459701804	0.0879357718700185	0.8276152517194291	0.5149632975719932	-0.689123468602497	1.3433412592389e-4	NS	0.9812490007845699	-0.027626154022596064	0.0821715145305244	Non-significant
AFP	-0.036238617475732204	0.9644101409116074	0.6958653684410465	1.3365903263397467	0.16651349647512978	0.8277160732785863	0.5016586674195369	0.88836481000071	0.0110208048506175	NS	0.9812490007845699	-0.05228127372091099	0.08211861122809572	Non-significant
PCSK6	0.019973057860138407	1.0201738539898337	0.8518873499334171	1.2217045979680476	0.09197823968428406	0.8280915921922332	0.49640033879164314	0.521001295544969	0.00343595951820105	NS	0.9812490007845699	0.0288150315262099	0.08192162482895766	Non-significant
ZNF285	-0.03021291485304062	0.9702389332752627	0.738449796775612	1.2747834609116504	0.1392827861195979	0.8282724093262345	0.4947769621682665	-0.874375043353645	2.65195367901885e-5	NS	0.9812490007845699	-0.04358802242928219	0.08182680523161037	Non-significant
TNXB	-0.014764056876341386	0.9853443974135786	0.861595967646922	1.126866440851543	0.06847308287738456	0.8292852085783988	0.5398785996612083	-0.648233665217294	0.0165170691540418	NS	0.9812490007845699	-0.021300031638900284	0.08129608077717404	Non-significant
MUC20	0.01182579610380661	1.0118959972859138	0.9083385346667093	1.127259793837723	0.055084650170171695	0.8300136544753782	0.48546019198193113	1.00909194873607	7.6419487023173e-4	Up	0.9812490007845699	0.01706101739352586	0.08091476302810402	Non-significant
MANSC1	-0.01604777387990399	0.984080305597927	0.8497630707540674	1.1396283048713247	0.07487379151864174	0.8302889527864212	0.5437605872388481	0.573610373412808	0.0017038763521413	NS	0.9812490007845699	-0.02315204379384491	0.08077074044097315	Non-significant
DPEP1	-0.025476810155678823	0.9748449852070667	0.7721966744374186	1.2306744857140453	0.11889973155202276	0.8303354312848521	0.5229743083003953	-0.5633037756161	0.0452547519780734	NS	0.9812490007845699	-0.036755267669267344	0.08074642987972334	Non-significant
P2RX5	0.02246716919331962	1.0227214568428262	0.8321763672184394	1.256896037294168	0.10519481562684253	0.8308771143996874	0.5160926030491249	-0.812749310153123	2.1618120758929e-4	NS	0.9812490007845699	0.03241327357801558	0.08046320303236779	Non-significant
C11orf53	-0.02109583865437886	0.9791251220384958	0.8067617500891354	1.1883136557986027	0.09879316472522334	0.8309093749807309	0.4880717108977979	-1.5372956603261	6.79854487663202e-7	Down	0.9812490007845699	-0.030434861810066067	0.08044634094759155	Non-significant
RLBP1	0.0356055403823855	1.036247008262506	0.7471272428072375	1.43724897260913	0.16690373541959666	0.8310697319828647	0.5278797289666854	-1.08933608796315	0.00867682641444434	Down	0.9812490007845699	0.051367936537839304	0.08036253464571258	Non-significant
CD72	-0.02218347959013736	0.9780607643989313	0.7975561015982892	1.1994176421440519	0.1040935557922455	0.8312404012829523	0.5019762845849802	-1.10508597203004	1.60619009904283e-8	Down	0.9812490007845699	-0.03200399599435273	0.08027335665896333	Non-significant
ACHE	0.013899420245755195	1.0139964662939958	0.8919264237720991	1.1527731506241692	0.06544561819611688	0.831809635749507	0.4957651044607566	-0.643376088033927	0.0243102266823906	NS	0.9812490007845699	0.02005262465978259	0.07997605303984989	Non-significant
FAM25C	-0.021001454106383967	0.9792175406819471	0.8066367410366371	1.188722188313574	0.0989203855270019	0.8318678200517616	0.4599096555618295	1.15816699571219	0.00670440537754822	Up	0.9812490007845699	-0.030298693690737365	0.07994567561143096	Non-significant
LORICRIN	-0.010940868136186523	0.9891187654822735	0.8940848064115479	1.0942540631641589	0.051538589081446734	0.8318847158956699	0.5329263128176172	2.57767994855859	3.09789200704593e-8	Up	0.9812490007845699	-0.01578433620309638	0.07993685486240946	Non-significant
ADH7	0.007696886682159463	1.0077265838574945	0.9383816332096898	1.0821960190541906	0.0363758934002795	0.8324245221909692	0.46520327498588365	2.01980128779641	4.67766583188447e-8	Up	0.9812490007845699	0.011104260246635782	0.07965513449674555	Non-significant
ZNF620	0.030070323778992776	1.0305270019585069	0.7797666287368509	1.361927867426061	0.1422632884948	0.8325978377687474	0.508399209486166	-0.695013818560553	7.98292376956765e-5	NS	0.9812490007845699	0.04338230699387843	0.07956472129733286	Non-significant
CHRD	0.01910250007286911	1.0192861201647372	0.8536303761205365	1.2170890631635392	0.09049120045263755	0.8328108987961732	0.4836250705815923	-0.506190688977217	0.00985150230967663	NS	0.9812490007845699	0.027559082123709173	0.07945359995277293	Non-significant
CCR2	-0.017012100001109084	0.983131788667206	0.8392587224229151	1.1516688335363185	0.0807280905703226	0.8330953587130313	0.5070934500282327	-0.939522491936804	3.1666924454703e-4	NS	0.9812490007845699	-0.02454327230670714	0.07930528503666291	Non-significant
TGM6	-0.020081709737365998	0.9801185848026428	0.8131188683742253	1.1814169829759986	0.09530596597466547	0.8331152933011987	0.5106931112365896	2.37050330263526	1.72965534176226e-8	Up	0.9812490007845699	-0.02897178305066951	0.07929489321540062	Non-significant
CNTN4	0.01943730203136666	1.0196274362875029	0.8504685665720818	1.2224321388156918	0.09255533777888986	0.8336619296023712	0.4915302089215132	-0.81645110242369	0.00267085238256662	NS	0.9812490007845699	0.02804209924891379	0.07901003074613182	Non-significant
B3GNT6	0.022718436449167743	1.0229784655443674	0.8272098636099983	1.265077928834866	0.10837713821805475	0.8339612384965203	0.5173277809147374	1.42771047232813	8.1101088869895e-4	Up	0.9812490007845699	0.03277577560196535	0.07885413437218361	Non-significant
ADAMDEC1	0.012293484617343283	1.0123693601052866	0.9021187521964158	1.1360940217511857	0.05882893705816374	0.8344716363420634	0.4812958780350085	-0.62785246190964	0.0252602020445282	NS	0.9812490007845699	0.017735749292685947	0.07858842038614046	Non-significant
PLD5	-0.03101177670328917	0.9694641559170841	0.7247214860974567	1.2968578517922358	0.1484497065422621	0.8345229753228862	0.5228331451157537	-1.22997164551639	0.00152428128430955	Down	0.9812490007845699	-0.044740536458991155	0.07856170222188869	Non-significant
EMP1	0.021447972896918403	1.0216796339229763	0.8354170032696923	1.249470947188771	0.1026918087085462	0.8345593421797743	0.5047995482778092	0.5622769863883	1.9883445461697e-4	NS	0.9812490007845699	0.03094288413550502	0.07854277694168224	Non-significant
GDF6	-0.022148651568693584	0.9780948289134035	0.7944694924867688	1.2041613975039733	0.10608972521661376	0.8346255868742318	0.5070934500282327	-1.23636348154276	3.63538695874716e-6	Down	0.9812490007845699	-0.03195374978053181	0.07850830538041592	Non-significant
LZTS1	-0.018831732733078754	0.9813444765037233	0.8216701073975237	1.1720482136250452	0.09060603273726064	0.8353523918625193	0.5118577075098814	-0.778049890122699	2.87094871425824e-6	NS	0.9816190528655002	-0.02716844742535909	0.07813027953842101	Non-significant
TBX15	0.01499809083963517	1.01511112660394	0.8809695375672866	1.169677900782599	0.0723127173305159	0.8356928037565087	0.5007058159232072	-0.625136890727079	0.00919452209731275	NS	0.9816190528655002	0.021637671277143725	0.07795333757471298	Non-significant
PRXL2A	0.02382154173264815	1.0241075411247231	0.817281695705537	1.2832738837777702	0.11510058055983108	0.8360388883927857	0.4998588368153586	0.555206828382981	4.61769435109976e-6	NS	0.9816190528655002	0.034367220124021075	0.07777352086051215	Non-significant
FERMT2	0.018046023209637666	1.0182098365962218	0.85814787454784	1.2081265969312935	0.08725918993674492	0.8361586923914575	0.5042348955392434	-0.738808035203699	1.18829891580571e-5	NS	0.9816190528655002	0.026034908192311444	0.07771129111419509	Non-significant
NSDHL	0.03005513587020405	1.0305113505272534	0.7746250842564475	1.3709259681215449	0.14563087232770253	0.8364949694796787	0.519833427442123	0.576506007541155	2.20727645084002e-9	NS	0.9816190528655002	0.0433603954731875	0.07753666645745744	Non-significant
CSTB	-0.014070493490185824	0.9860280332553687	0.8622530987840674	1.127570644554946	0.06843796156699464	0.837107388738647	0.49414172783738	1.20711912939916	2.56914397913577e-11	Up	0.9816190528655002	-0.020299431181151524	0.0772188247487067	Non-significant
ADAMTS4	0.018142573310156576	1.0183081496042834	0.8564690357320414	1.2107285194078226	0.08830758556800399	0.8372225065190679	0.5184923771880294	-0.65955583528903206	1.4750781434366e-4	NS	0.9816190528655002	0.02617420054352724	0.07715910531464995	Non-significant
GFI1	-0.018600233885301493	0.9815716829173032	0.8218772509653706	1.1722954584439553	0.09059553763124119	0.8373293792402017	0.5053642010163749	-0.653335661777146	9.8511388014351e-4	NS	0.9816190528655002	-0.026834465185699305	0.07710367050428414	Non-significant
FOXD3	0.02358450401763825	1.0238648177816803	0.8170280431048728	1.2830638727005785	0.11513801581207779	0.8376996255023741	0.5054347826086957	-0.730693781607691	0.0304976745050661	NS	0.9816190528655002	0.03402524698807256	0.07691167871098356	Non-significant
CLCN4	-0.016267126934891664	0.9838644682496972	0.8419387577931019	1.149714611572892	0.07948149858437577	0.8378334150010281	0.5127752682100508	-0.858315876336924	9.5676841545908e-5	NS	0.9816190528655002	-0.023468503358479487	0.0768423228227725	Non-significant
TMEM47	-0.0183827952918248	0.981785137689245	0.8221132121800689	1.17246875771699	0.09056001630886935	0.8391426966050559	0.5252682100508188	-0.560768962671094	0.00119091031820193	NS	0.9817871949478078	-0.026520767605192588	0.0761641809130755	Non-significant
KCNB2	-0.023622691901020745	0.9766541397645605	0.7769239544765852	1.2277305947682693	0.11673179405044674	0.8396296310815897	0.5127399774138904	-2.26594745108473	1.76996346034962e-8	Down	0.9817871949478078	-0.03408034045805056	0.07591224328145038	Non-significant
PRDX1	0.03540315095851164	1.036037304049186	0.7345491422744601	1.4612681897060136	0.1754631888779492	0.8400967881632468	0.5004940711462451	0.644133558546817	4.39989226575426e-20	NS	0.9817871949478078	0.051075950319688083	0.07567067567180619	Non-significant
CSF1R	-0.01673283013196121	0.9834063860947913	0.8354856839472833	1.1575160876999995	0.08316950564414992	0.8405504119869055	0.5172219085262564	-0.715012669682176	2.98003474145972e-5	NS	0.9817871949478078	-0.02414037105141788	0.07543623464427669	Non-significant
TUFT1	0.023092314518311736	1.023361006265178	0.8168461047316493	1.282086972169778	0.11500052269482432	0.8408535379924622	0.49287125917560703	0.604894871450783	4.21625228162551e-7	NS	0.9817871949478078	0.033315167638216424	0.07527964413197001	Non-significant
KISS1	0.01944117213419897	1.0196313823581677	0.8427777658515327	1.2335970382882369	0.09719216900087113	0.8414585463733574	0.5053642010163749	-1.12172802022992	0.00205067592496588	Down	0.9817871949478078	0.028047682627077655	0.07496727425114075	Non-significant
TXN	0.01940481733876036	1.0195943145416397	0.8427727417716284	1.2335147006063658	0.09717666185700194	0.8417261762031506	0.5155985319028797	0.793327426473922	1.34256438490238e-8	NS	0.9817871949478078	0.02799523374398567	0.0748291668198025	Non-significant
ANTXR2	0.017026064640470382	1.017171834197883	0.8601351811983523	1.2028789926299872	0.0855586024082545	0.8422636336236043	0.5313382269904009	-0.749079444717656	7.76612246274722e-6	NS	0.9817871949478078	0.024563419022661608	0.07455195041561258	Non-significant
C1orf226	0.014353713695142144	1.0144572228977637	0.8806739792058391	1.168563488179213	0.07215514876802101	0.8423186949469635	0.4880717108977979	0.599361633748244	0.00474279091037498	NS	0.9817871949478078	0.020708031566321523	0.07452356019863815	Non-significant
PHLDB1	0.01923279845693203	1.0194189401520195	0.8431983875915684	1.2324679349885634	0.09683127516622476	0.8425586294242405	0.5293619424054207	-0.736934526160269	1.78088445219687e-7	NS	0.9817871949478078	0.0277470629562328	0.07439986903288161	Non-significant
TTC39B	0.02144433185986851	1.0216759139563485	0.8265940373257991	1.2627984548927025	0.10810704888242506	0.8427618359295765	0.5013410502540938	0.501206654673536	3.7241242110392e-4	NS	0.9817871949478078	0.03093763122940961	0.07429513943848555	Non-significant
UPP1	0.014194516202269618	1.0142957367056915	0.8814683590727225	1.1671387077144812	0.07161391204806067	0.8428816083718632	0.5254799548277809	1.09479941365741	1.98886918475386e-8	Up	0.9817871949478078	0.020478358132832376	0.07423342234044496	Non-significant
MAP1A	0.013666085883092875	1.0137598936761252	0.8853132215498256	1.1608423968040658	0.06912364762139883	0.8432759326249354	0.5123517786561265	-0.720642314452361	9.133486726495e-4	NS	0.9817871949478078	0.019715994331900848	0.07403029440471175	Non-significant
NMU	0.013496554282239668	1.0135880439058644	0.8866118238936751	1.1587491786846735	0.06828930321013303	0.8433283819861921	0.505081874647092	0.753467035590866	0.00128768869454201	NS	0.9817871949478078	0.019471411932075987	0.07400328336485712	Non-significant
CDA	-0.009828396126756851	0.990219744713616	0.8979978384022762	1.0919125869671062	0.04987807043986729	0.8437896287269235	0.47882552230378317	0.815864087941133	0.00123206825500759	NS	0.9817871949478078	-0.014179378351964452	0.07376581696592788	Non-significant
RAB11FIP1	0.013482761717091153	1.0135740640231445	0.8860366652702987	1.159469380363611	0.06861335671857645	0.8442161279708869	0.48778938452851495	0.72156828076028	3.2963216331522e-4	NS	0.9817871949478078	0.019451513466735074	0.0735463553066346	Non-significant
LRRIQ1	0.026634290655804787	1.026992153451512	0.7873613355439446	1.3395538180984348	0.13556488710362413	0.8442431354852533	0.4579333709768493	-0.565662946015046	0.0455046730270049	NS	0.9817871949478078	0.03842515904672498	0.07353246191315554	Non-significant
GDF3	0.05810410984245289	1.059825328214786	0.5932662834521376	1.8932977613183317	0.29603403459786914	0.84439484938651	0.4887069452286844	-0.550990600032248	0.0138212690557193	NS	0.9817871949478078	0.08382651112497433	0.07345442445230087	Non-significant
BLVRB	-0.02297150369790865	0.9772903325370287	0.7768386387820124	1.2294656140788904	0.11712006975092838	0.8445034408774517	0.5123517786561265	0.674006065568675	1.44050797987325e-7	NS	0.9817871949478078	-0.03314087446673536	0.07339857658314916	Non-significant
GUCY2D	-0.028812614233004304	0.9715985111418164	0.7282898257726671	1.2961923034575817	0.14706575514992545	0.8446754893294635	0.5094579333709768	0.610661442338937	0.00230671100318419	NS	0.9817871949478078	-0.04156781566900207	0.07331010792864381	Non-significant
KCNN3	-0.017727668670101372	0.9824285420023927	0.822556623366184	1.173373130461411	0.09061915853793567	0.8449011362309873	0.5195511010728402	-0.827558931335963	1.01470539102374e-5	NS	0.9817871949478078	-0.025575619676877912	0.07319410584470104	Non-significant
HOXB1	-0.03770987667413552	0.9629922868918996	0.6597763920494163	1.4055582403194464	0.1929343741012964	0.8450372150543755	0.5107284020327498	0.909536726990006	0.00291359559382478	NS	0.9817871949478078	-0.054403852070309705	0.07312416449780616	Non-significant
BSND	0.043380806014108694	1.0443355083813346	0.6743428914666029	1.617332469678914	0.22316602032004404	0.8458720514477576	0.4878599661208357	0.75237427063795	0.0474860698959934	NS	0.9817871949478078	0.0625852737063207	0.07269532437541751	Non-significant
BEND4	-0.02731234107497569	0.9730572683019522	0.7386068236516665	1.2819275656215647	0.14065421562666064	0.8460343552966284	0.5117871259175607	-1.33938692095721	1.17771875536711e-5	Down	0.9817871949478078	-0.039403379023935356	0.0726120010120311	Non-significant
CDH4	-0.01441285273438624	0.9856905152226489	0.8521962072433721	1.1400963575544565	0.07424913768175712	0.8460860331440895	0.5186335403726707	-0.632076027710983	0.0318760511489929	NS	0.9817871949478078	-0.020793351164961983	0.0725854740531347	Non-significant
CPQ	-0.01750182072084743	0.9826504465312906	0.8232946985541663	1.1728508658732921	0.09027678295981537	0.8462788818337209	0.5058582721626199	-0.757635042151659	6.7734461424947e-7	NS	0.9817871949478078	-0.02524978996049434	0.07248649643740834	Non-significant
SIGLEC1	0.014162935857567387	1.0142637054024788	0.8787524463559806	1.1706719774866263	0.07317225670754995	0.8465234834930011	0.49689440993788825	-0.601464224611775	0.0038457770610698	NS	0.9817871949478078	0.020432797326140884	0.07236098958107952	Non-significant
CXCR2	-0.01411049797646032	0.9859885884994349	0.8546457701641859	1.1375163027652309	0.07293894323857948	0.8466016282312019	0.4899068322981367	0.735674794021786	0.00267085238256662	NS	0.9817871949478078	-0.02035714545511303	0.07232090060197281	Non-significant
ACSS3	-0.021114753987547544	0.979106601735758	0.7904185627712775	1.2128380869515933	0.1092254221188645	0.8467134159199665	0.5278091473743647	-0.648718945299124	0.00185539645150502	NS	0.9817871949478078	-0.03046215086742523	0.0722635589081003	Non-significant
CCDC74B	-0.023402418687530204	0.9768692942059055	0.7703887238823447	1.2386910508675648	0.12115408165456319	0.8468317490059555	0.5406549971767363	-0.779559371808888	0.00130911481745749	NS	0.9817871949478078	-0.03376255338530696	0.07220286798893313	Non-significant
FGFR4	-0.017137832847362765	0.9830081844798902	0.8259978748342532	1.169863894563108	0.08879002207677389	0.8469469848547697	0.5014822134387351	0.685375791529393	1.8118477189447e-4	NS	0.9817871949478078	-0.024724666460474318	0.07214377373732377	Non-significant
CCL25	-0.04394220726543806	0.9570092640572428	0.611542720614416	1.497633281565703	0.2284880031264884	0.8474936287387816	0.5283738001129306	-1.89680695067877	1.60943948733795e-7	Down	0.9820853423192233	-0.06339520450756253	0.07186355803814361	Non-significant
AADAC	0.016108148118655317	1.0162385837542758	0.8616694740999923	1.1985348096375201	0.08418097066578216	0.8482502793926058	0.48207227555053644	1.36365715990641	1.1050900134062e-5	Up	0.9824718400711215	0.023239145408688777	0.07147598863698909	Non-significant
HOXD12	0.037247236727924876	1.037949608382845	0.7078651231471429	1.521955743139723	0.1952836619514817	0.8487339884907568	0.47702569169960474	0.586931765095488	0.0308761958803344	NS	0.9824718400711215	0.05373640371419441	0.07122840567250502	Non-significant
TMEM63C	-0.012169970790908168	0.9879037838033432	0.8714229271452317	1.1199543363521232	0.06401030077193605	0.8492110289350132	0.5151750423489554	0.540980265476894	0.0313954023317975	NS	0.9824718400711215	-0.017557556507806674	0.07098437416864582	Non-significant
PRSS23	-0.014282928130471124	0.9858185889922089	0.8507859394990057	1.1422829707022037	0.07516045959819352	0.8492836831146009	0.4858130999435347	-0.590475186711118	6.2277912637173e-4	NS	0.9824718400711215	-0.020605909583204178	0.07094721972939143	Non-significant
ITGB2	-0.014268392067847472	0.9858329190171048	0.8508315999827356	1.1422548765672385	0.07514049438970632	0.849395708477721	0.5144692264257482	-0.501855177029519	0.00844425075126337	NS	0.9824718400711215	-0.020584938477743047	0.07088993758733733	Non-significant
FNDC5	-0.014481828603118896	0.9856225287078013	0.8484977223708445	1.1449079278397614	0.07643306264334675	0.8497238892701113	0.5148221343873518	-1.23371735185111	2.0622988952884e-6	Down	0.9824718400711215	-0.02089286230872363	0.07072217175241545	Non-significant
IL37	0.026314829393861993	1.0266641216416827	0.7818162432332488	1.348193041253843	0.13900784946574424	0.8498540673765818	0.5100578769057029	1.12766432461573	8.1067403761679e-4	Up	0.9824718400711215	0.03796427386836383	0.07065564272596606	Non-significant
GPA33	-0.030049932670222785	0.9703970778214843	0.7093340828124657	1.3275415794357586	0.1598900441000026	0.8509227162418748	0.5265386787125917	-0.979822672758341	4.5959676136784e-5	NS	0.9832538013062849	-0.043352888842377646	0.07010988225835436	Non-significant
PCDHGA8	-0.03938462661995394	0.9613808653523132	0.637223987103011	1.4504368745870069	0.2098249935893614	0.85111005435796006	0.48090767927724454	-0.664366470124743	0.00105898204098059	NS	0.9832538013062849	-0.056820005511871	0.07001427903402177	Non-significant
SLC4A11	0.01646391969539191	1.0166001968795804	0.8541905830628003	1.2098891989536487	0.08881023630060655	0.8529285383872847	0.47550818746470924	0.81874750376642	1.04504647498888e-5	NS	0.9841884992862813	0.02375241529813605	0.06908735415975178	Non-significant
RASGRP4	-0.027516044663596913	0.972859073231674	0.7268987882127015	1.3020447849367507	0.14870272473891397	0.8531971740323762	0.5052230378317335	-0.538384047858732	4.6787539299481e-4	NS	0.9841884992862813	-0.039697261181050464	0.06895059169445324	Non-significant
LRRC66	0.04082089551159045	1.0416655218666033	0.6750763766163537	1.6073248850511435	0.22130526014807353	0.8536564065438762	0.5016939582156974	-0.564296775867042	0.00405103505406327	NS	0.9841884992862813	0.05889210351921804	0.06871689601869388	Non-significant
BTNL9	0.010963481053835586	1.0110238002468117	0.8998082066919122	1.135985554547724	0.05945880843544051	0.8537092112170632	0.5082580463015245	-1.87344401329262	3.0485202560178103e-9	Down	0.9841884992862813	0.015816959747248827	0.0686900326709111	Non-significant
KCNB1	0.023857291675950253	1.0241441535656959	0.7946839333156326	1.3198596364049116	0.12942487985099035	0.8537521344876827	0.5253740824392998	-0.93420415141935	7.4280330536822e-5	NS	0.9841884992862813	0.03441879638993486	0.06866819751824295	Non-significant
ADAMTS6	0.018981613507896494	1.0191629096143464	0.8327003904831957	1.2473790671946874	0.10309525680369165	0.85392148692168	0.5446781479390175	-1.15779112332785	5.59906342504091e-12	Down	0.9841884992862813	0.02738467967591316	0.06858205830885196	Non-significant
FGL2	0.01257139779235332	1.012650749987603	0.8857862318808319	1.1576851214689166	0.06829259599078685	0.8539495849981763	0.48538961038961037	-0.851022505008991	2.83009811795585e-5	NS	0.9841884992862813	0.018136693252070596	0.0685677681908493	Non-significant
MYMK	0.015943764669352437	1.0160715446801694	0.8561597141132279	1.2058513930173191	0.0873700253457442	0.8552017154824723	0.5314793901750423	-1.17454494721829	0.00720814165735188	Down	0.984262636907208	0.023001990221575362	0.06793143663016676	Non-significant
ARHGAP6	-0.023585278952580214	0.9766906799590698	0.7573180543121164	1.259609062384462	0.12979150934947709	0.8558050946293214	0.527738565782044	-0.664448315986655	4.39409569146057e-5	NS	0.984262636907208	-0.034026364982870254	0.06762513247838203	Non-significant
NAIP	-0.025884584960027154	0.9744475490216925	0.7366209804486208	1.2890591647499436	0.14275630052345345	0.8561163394891529	0.5113989271597967	-0.542356996449506	0.0114120746735495	NS	0.984262636907208	-0.037343562357300145	0.06746721410205826	Non-significant
PTPRC	-0.01182409016096313	0.9882455396863731	0.8694185761654919	1.1233130663222815	0.06536166218116986	0.8564440816760612	0.5101637492941841	-0.875450502724565	2.95564386179222e-5	NS	0.984262636907208	-0.017058556238245492	0.06730098741219698	Non-significant
PTGDR	0.029242660527719136	1.0296744255013117	0.7500567269405136	1.413532316223786	0.16166067459317243	0.8564545926345308	0.5048348390739695	-0.627321680384199	2.3825582238553e-4	NS	0.984262636907208	0.04218824132573998	0.06729565743987417	Non-significant
HEYL	-0.017210284309071858	0.9829369666800007	0.81561031742730306	1.184591538166996	0.09521006886742718	0.8565550356825464	0.4937182382834556	-0.575680589889914	4.1946671001754e-4	NS	0.984262636907208	-0.024829191824987086	0.0672447273565546	Non-significant
MILR1	-0.02082250807197037	0.9793927834567125	0.780965224427984	1.2282367950373951	0.11551342311822146	0.8569480595801319	0.5161631846414455	-0.806748121731258	1.01085042947443e-6	NS	0.984262636907208	-0.03004052913430213	0.06704550027206008	Non-significant
TOX	0.01439429577677339	1.0144983925189637	0.8670825260197842	1.1869769687874874	0.08011137858967397	0.8574049395393264	0.503811405985319	-0.602984449010185	0.00348080330195993	NS	0.984262636907208	0.020766579134239977	0.0668140188327418	Non-significant
TOX2	0.013807565072985176	1.0139033297509983	0.8716172907301994	1.1794166694639023	0.07715060299840795	0.8579620552444559	0.5245623941276115	-0.636620497931745	0.0015988981848797	NS	0.984262636907208	0.019920105657547343	0.06653191910042527	Non-significant
KCP	-0.01646959167124278	0.9836652905534381	0.8212386262640872	1.1782171136315107	0.09207922611304672	0.8580450623191059	0.4887069452286844	0.547699998748953	0.00396055693100553	NS	0.984262636907208	-0.023760598229568084	0.06648990352352167	Non-significant
RTP5	-0.040370395930286414	0.960433632552925	0.6166234478941501	1.4959417545489646	0.22608902209169132	0.8582834128929047	0.4878952569169961	-0.932121855367799	0.00451046961800063	NS	0.984262636907208	-0.05824217000734827	0.06636928052959049	Non-significant
GZMA	-0.01075204315021636	0.9893055534538516	0.8791413308186302	1.1132743323343377	0.06023455843494132	0.8583280466472943	0.5030350084697911	-0.835366778569732	8.9856976453476e-4	NS	0.984262636907208	-0.015511919332241242	0.06634669627718474	Non-significant
COL15A1	-0.013102391635267911	0.9869830710356975	0.8541991964236075	1.140407982809634	0.0737199615989388	0.8589335017579992	0.5068464144551101	-0.654523281597984	5.8903314850319e-4	NS	0.984262636907208	-0.018902755435986015	0.06604045774903666	Non-significant
KCNF1	-0.02129017839133298	0.9789348576084022	0.7738316077620825	1.2384005070718431	0.11995669999874312	0.859129649741389	0.4853190287972897	-0.781180977842671	0.00152883703272433	NS	0.984262636907208	-0.03071523478481739	0.06594129260819956	Non-significant
ZNF750	0.010935437487931913	1.010995447931791	0.8957300177542237	1.141093605751255	0.06176219018642392	0.859463497952098	0.4776256352343309	0.827922638118068	2.6085413299756e-5	NS	0.984262636907208	0.015776501433790623	0.06577256339183729	Non-significant
TNFSF13B	0.014713344749634639	1.0148221188285935	0.8622204852478945	1.194432225265052	0.08314316166532941	0.8595366832410137	0.497459062676454	-0.777075217438641	1.81414531687524e-5	NS	0.984262636907208	0.02122686950518771	0.06573558379462777	Non-significant
RPL26	-0.01647990201000609	0.9836551486833459	0.8191401505549734	1.1812111161633507	0.09337936064335683	0.8599142313293189	0.48546019198193113	0.617901600511561	5.6756365821162e-4	NS	0.984262636907208	-0.02377547290417182	0.06554486354475061	Non-significant
C6orf132	-0.016537027793322976	0.9835989582174411	0.8180656864688157	1.1826274180775274	0.0940198993231336	0.8603814672147255	0.5209627329192547	0.55011243355626	1.1855635288395e-4	NS	0.984262636907208	-0.023857887988470015	0.06530895297200359	Non-significant
BTBD11	-0.016297897896544553	0.9838341942596553	0.8203964189203107	1.1798317246050354	0.09269033582807942	0.8604261766928942	0.49689440993788825	0.726611619865486	7.02027405701793e-7	NS	0.984262636907208	-0.02351289647225947	0.06528638556915581	Non-significant
HRH2	0.01592670475161663	1.0160542107310617	0.850733544586446	1.213501178734135	0.09060524284320151	0.8604657840492241	0.49400056465273856	-0.724711521972012	1.2230959161245e-4	NS	0.984262636907208	0.022977377962859955	0.06526639447535992	Non-significant
LGALS7	0.0058907709159824245	1.00590815562666	0.9417610203976642	1.0744246105333268	0.033620261327564266	0.8609107725043088	0.5047289666854884	0.836227820700721	0.0326632537586724	NS	0.984262636907208	0.00849858598750084	0.06504185785770585	Non-significant
CEBPA	-0.017902163037620718	0.982257128711085	0.803369926368573	1.200977327176045	0.10257220502773269	0.8614471472078358	0.5235742518351214	0.57868727254777	3.80899385580172e-5	NS	0.984262636907208	-0.02582736183556108	0.06477136288237152	Non-significant
LRRC4C	0.025413836188440363	1.0257395208359037	0.770665543579818	1.3652375837608712	0.14587749244137277	0.861697635047329	0.49957651044607565	-0.63186560810458	0.0282839993552294	NS	0.984262636907208	0.03666441543902743	0.06464509898584662	Non-significant
GBP3	0.013348075107789384	1.0134375583621336	0.8720001457199962	1.1778159553528287	0.07669210467974374	0.861828070596341	0.5301383399209486	-0.501270212197817	0.00408858286151505	NS	0.984262636907208	0.019257201763421036	0.06457936461460678	Non-significant
COL22A1	-0.007732571091057859	0.9922972483270228	0.9095244775210696	1.0826028912614627	0.04443999880601958	0.8618652624172854	0.4962591756070017	-1.16177969223795	1.2876712426814e-4	Down	0.984262636907208	-0.011155741966390513	0.0645606232267958	Non-significant
PTGER1	0.02959918938756056	1.0300415996004355	0.7377854411289233	1.4380680855994603	0.17025895314875233	0.8619848698588833	0.47444946357989837	0.822761093377266	0.00367819881834521	NS	0.984262636907208	0.04270260374376679	0.06450035713870461	Non-significant
IL11	-0.0124036570171807	0.9876729512684282	0.8584344947704716	1.1363684295190348	0.07155297117759599	0.8623768793545881	0.4858836815358555	-0.528216075958428	0.0194766732126791	NS	0.984262636907208	-0.017894694467574197	0.06430289559810992	Non-significant
UTS2R	-0.02665264544032584	0.9736994017171328	0.7202617709023643	1.3163138225655204	0.15382319230755842	0.8624407318107226	0.5061405985319029	-1.31528247774528	3.54171271576674e-5	Down	0.984262636907208	-0.0384516394033299	0.06427074058161618	Non-significant
SPRR5	0.011284300574288083	1.011348208453033	0.8900209837112714	1.1492147010693072	0.06520249398077155	0.8625999625830871	0.5274209486166008	0.997575906154643	0.00544597365184341	NS	0.984262636907208	0.01627980447842591	0.0641905650284153	Non-significant
DUOX1	-0.014081953834678173	0.9860167330991805	0.8399412989917211	1.1574963620894216	0.08180829809600372	0.8633325270951645	0.5127752682100508	0.761463331619339	3.43749060880743e-6	NS	0.984262636907208	-0.020315964963317466	0.06382189621171329	Non-significant
KRT31	-0.015648007263123785	0.9844737866973996	0.8233154530600866	1.1771777550051454	0.09120976168035891	0.8637829345521387	0.5151750423489554	0.552324435954071	0.0078822264145684	NS	0.984262636907208	-0.022575302478303153	0.06359538040318728	Non-significant
RASGRF2	0.01797270152204191	1.0181351824695926	0.8289172962961099	1.2505460489415239	0.10490376107966709	0.8639677393221347	0.4928006775832863	-0.557312464679968	8.9091371409857e-4	NS	0.984262636907208	0.025929127357227293	0.0635024738358702	Non-significant
FCER1G	0.014837585379203646	1.0149482088001238	0.856372074314757	1.2028882041381959	0.0866791011182383	0.8640835316008594	0.5014822134387351	-0.669971247171657	8.66258513087145e-5	NS	0.984262636907208	0.021406110845343763	0.06344427191950512	Non-significant
JAK2	0.018006654431733545	1.0181697517083568	0.8284539268549784	1.251330471966399	0.10520637625685725	0.8641014633225564	0.5059994353472614	-0.697562642976428	1.48267764623411e-6	NS	0.984262636907208	0.025978111051663377	0.06343525940312846	Non-significant
C4orf50	0.032771214000756284	1.0333141043959388	0.7098607539126106	1.5041513880833985	0.19156355238832243	0.8641669305471774	0.4912831733483908	-1.13623933377864	3.22653194996498e-6	Down	0.984262636907208	0.04727886792280219	0.06340235704315605	Non-significant
THEMIS2	0.019227004029243207	1.0194130332197997	0.8166996434007229	1.2724420056940027	0.11311987925820427	0.8650336036549237	0.4976708074534162	-0.525492316815401	1.83169547829824e-5	NS	0.9845929541387752	0.027738703364141155	0.06296702132311668	Non-significant
PPP1R12B	-0.015206503284013784	0.9849085317553306	0.8262658675668302	1.1740105140504082	0.08960990190896477	0.8652486813622474	0.5204686617730097	-0.593647753104727	9.3562669799206e-4	NS	0.9845929541387752	-0.021938346877108425	0.06285905389749948	Non-significant
SH3BGRL2	-0.012041827801712802	0.9880303848585827	0.859006796562148	1.1364334313892381	0.07139754513441152	0.8660649885319783	0.5153867871259176	0.545522886333231	0.0174845913239264	NS	0.9845929541387752	-0.017372685252769863	0.06244951779576627	Non-significant
TMPRSS4	0.010560131345964183	1.0106160863235045	0.8937346674361712	1.1427831001182236	0.06270853584692401	0.8662684336176203	0.4829898362507058	0.9867836512399	4.81200425171582e-7	NS	0.9845929541387752	0.015235049123958537	0.06234751078332728	Non-significant
BRINP3	0.01929358252746212	1.0194809064680408	0.8140705578421863	1.2767214200791452	0.11479895581886541	0.8665328561756369	0.47751976284584985	-1.54411010068414	0.0141537658877251	Down	0.9845929541387752	0.027834755833351602	0.062214965569510595	Non-significant
CDK5R2	0.025568278578157858	1.0258979507325603	0.7613408379299937	1.382385592474999	0.15216729525521122	0.8665617048744645	0.5181747600225861	-0.821906470588916	0.0272881469636749	NS	0.9845929541387752	0.03688722870877592	0.062200507234698825	Non-significant
STATH	-0.01001505430531408	0.9900349293488826	0.8803918018369447	1.1133329039249527	0.05988537945360907	0.8671835318112304	0.5274915302089216	1.68430431665196	0.00306675361932762	Up	0.9845929541387752	-0.014448669180510314	0.06188897816664232	Non-significant
LIMCH1	0.010891592116566411	1.0109511214326907	0.8897623702620939	1.148646204969268	0.06515040313802678	0.8672314673835656	0.4797430830039525	-0.616773324321374	0.00673402518823464	NS	0.9845929541387752	0.015713245933955733	0.061864972199711675	Non-significant
KCNA1	-0.02346746326439217	0.9768057562224374	0.7417605272709463	1.2863308983288095	0.1404420521704618	0.8672936274709067	0.5229743083003953	-0.959964187094048	0.00408618435425319	NS	0.9845929541387752	-0.03385639287378259	0.0618338446213117	Non-significant
TAGLN	0.01213075389746184	1.0122046299142256	0.8778958263440522	1.1670612640756128	0.07263301581946724	0.8673587798175064	0.5211038961038961	-0.951406710949722	9.5632756068756e-7	NS	0.9845929541387752	0.017500978490112746	0.06180122101959675	Non-significant
GAL	-0.010456611983049424	0.989597868325529	0.8747243602856295	1.119557183333333	0.06295516043121208	0.8680812562682209	0.47939017504234893	0.792259585322781	0.0200656255609439	NS	0.9847743097821287	-0.015085702252445484	0.06143962102483742	Non-significant
MAP3K14	-0.021764263930445393	0.978470868742573	0.7567214538631087	1.2652016618403432	0.13112271036927348	0.8681695898352059	0.5108695652173914	-0.61230984641137	7.62766885821362e-7	NS	0.9847743097821287	-0.03139919564105217	0.061395430658188935	Non-significant
SMIM38	0.0304145106438731	1.0308817568639725	0.7194058075040636	1.4772152039222288	0.1835463245904347	0.8683892528346976	0.5019762845849802	-0.589514761084666	0.0384137129631821	NS	0.9847743097821287	0.04387886367698018	0.06128556000281891	Non-significant
NECAB2	0.016046909182229577	1.0161763522897658	0.8395376474981371	1.229979837152241	0.09742570221431597	0.8691728776707749	0.4863777526821005	1.75746868663503	1.29861181598698e-10	Up	0.9850304317777996	0.023150796298798196	0.060893834194240354	Non-significant
TMEM154	-0.013260929934575096	0.9868266088211249	0.8423685875655246	1.1560577759574293	0.08075489110322279	0.8695641790965567	0.4885657820440429	0.522684344966708	0.00209339073417375	NS	0.9850304317777996	-0.01913147785418744	0.0606983589184527	Non-significant
MYCT1	-0.020109877271207964	0.9800909776680505	0.770828162771264	1.246164023188859	0.12254303174224754	0.8696487873709258	0.49400056465273856	-0.528378720139426	1.4735971251572e-4	NS	0.9850304317777996	-0.029012420212057348	0.06065610428095943	Non-significant
CNN3	0.019539174048840636	1.0197313130824888	0.8072296686807655	1.288173603158491	0.1192298590458082	0.8698270331596943	0.5010587238848108	-0.64204202912999	3.43063856030616e-8	NS	0.9850304317777996	0.028189069503328827	0.06056709911993108	Non-significant
SNTG2	0.03050540553887622	1.030975463011664	0.7145281957614146	1.4875695761725092	0.18706375657633906	0.8704594531159552	0.46467391304347827	-0.63672670841806	0.0148962797004548	NS	0.9850304317777996	0.04400999729124338	0.060251453952878495	Non-significant
VPS37D	-0.01844100534367545	0.981727989588787	0.7863925807817713	1.225583594117731	0.11319500817755575	0.8705864691778596	0.5293619424054207	0.735188495468394	7.445677912448e-4	NS	0.9850304317777996	-0.026604746958327374	0.06018808701443109	Non-significant
A2M	-0.01369368070689465	0.986399651233788	0.836323272592508	1.1634069071616253	0.08420887910882235	0.8708210725615597	0.5113636363636364	-0.672232958195507	5.59878648414618e-5	NS	0.9850304317777996	-0.019755805247353812	0.060071070229846125	Non-significant
CCDC8	0.009248049954813304	1.0092909452995897	0.9023611593339023	1.128891909549489	0.05713803494406107	0.8714204081297958	0.5060700169395822	-0.593740206272835	0.0263710984379442	NS	0.9850304317777996	0.013342115807702575	0.059772273371608876	Non-significant
PDE3A	-0.01471292790225153	0.9853947783496954	0.8245120863749011	1.1776696609360988	0.09094582939178107	0.8714816003309942	0.5019057029926595	-0.510359049936038	0.00851426011337045	NS	0.9850304317777996	-0.021226268121535108	0.059741777755449296	Non-significant
SLC25A41	-0.02562846953009872	0.9746971520368802	0.714120240524846	1.3303565482061857	0.1587148843795767	0.8717193815685484	0.5518421795595709	0.795381566016416	0.00416734472170676	NS	0.9850304317777996	-0.03697406589664732	0.059623297923137725	Non-significant
AOAH	-0.01259816041503613	0.9874808642048355	0.8471971921594748	1.1509934950152365	0.0781767623044911	0.8719755106756352	0.523927159796725	-0.557173061362633	0.00711734840845491	NS	0.9850304317777996	-0.018175303555096275	0.059495712002966314	Non-significant
LGALS7B	0.006651410418606989	1.0066735801750113	0.9283020377518002	1.0916616099180911	0.041352564890466785	0.8722143938357657	0.5161631846414455	0.680579961237662	0.017844059158913	NS	0.9850304317777996	0.009595956825841544	0.05937675060014584	Non-significant
AEBP1	-0.010959120971786786	0.9891007114248274	0.865108336904074	1.1308643965242229	0.06833871183433621	0.8725937494925297	0.5021880293619424	-0.772417362479355	9.45291763678335e-5	NS	0.9850304317777996	-0.015810669478499097	0.059187902248380234	Non-significant
SYNDIG1	-0.011011812569975932	0.9890485955006202	0.864426824627112	1.1316367058411487	0.06871392059654985	0.8726794806731699	0.5145750988142292	-0.672173156955677	0.0271859762539234	NS	0.9850304317777996	-0.015886687385902952	0.05914523548644803	Non-significant
FAM163B	-0.020209683131727	0.9799931637259209	0.764512704380903	1.2562075102823227	0.1266895487278097	0.8732581681257866	0.4981648785996612	-1.48729347980175	1.1989547849344e-5	Down	0.9853221510679141	-0.02915640963207985	0.05885734344540734	Non-significant
KRT7	0.007290208320275337	1.0073168465824331	0.9206134594699625	1.102185959776188	0.04592188244908368	0.8738639649363438	0.49703557312252966	-0.858413380892249	0.0158190224269658	NS	0.9853221510679141	0.010517547390708563	0.05855616905405296	Non-significant
SCD	0.013740194904534663	1.0138350252137505	0.8556428664388738	1.201273917736326	0.08655383376651388	0.8738679024756152	0.5287267080745341	0.736010495860504	4.90168999963577e-6	NS	0.9853221510679141	0.0198229110496201	0.05855421217312661	Non-significant
ZFPM2	-0.014608875226943683	0.9854973166472166	0.8225787998073553	1.1806831896789909	0.09219665355748588	0.87409952098863	0.5205392433653303	-0.635912386360187	7.5643600508869e-4	NS	0.9853221510679141	-0.021076151842877207	0.05843911775964111	Non-significant
CDX1	0.02440525287318511	1.0247054986058293	0.7565518313995593	1.3879040606253863	0.15479339856685634	0.8747220455468825	0.4829545454545454	-0.710441107598544	7.5555423851202e-4	NS	0.9856964133313093	0.03520933729178542	0.05812992784902802	Non-significant
PKP1	0.011621350551608027	1.0116891407961464	0.8748935485551503	1.1698736598242567	0.07412095860800605	0.8754111469027578	0.47748447204968947	0.693546532875883	7.41147551371212e-6	NS	0.9860651013906061	0.016766064809237185	0.057787927670886696	Non-significant
C1orf162	-0.016734401760373448	0.9834048405465886	0.7969882090756432	1.213424576923288	0.10723717085227598	0.87599330644567	0.5046583850931676	-0.685620988675685	3.95231276553411e-6	NS	0.9860651013906061	-0.024142638431934326	0.0574992123077367	Non-significant
TIMD4	-0.02394195281684589	0.9763423820381316	0.7223191344169532	1.3196998411697063	0.1537509224052754	0.8762544537369855	0.5073404856013551	-1.41561021388132	1.62615533223659e-5	Down	0.9860651013906061	-0.034540936598061046	0.05736976163186856	Non-significant
SNCG	-0.010828313930759004	0.9892301012245313	0.8631213053959033	1.133764381728285	0.06957868739926289	0.8763271370912682	0.4942828910220215	-0.53963103740137	0.0341601378342174	NS	0.9860651013906061	-0.015621954809094937	0.05733373936634384	Non-significant
ARHGAP31	-0.014564986339203992	0.985540569977478	0.8201577039978902	1.1842725006872954	0.09372297163439472	0.8765023123472054	0.5321146245059288	-0.612959964739323	7.50356032399385e-5	NS	0.9860651013906061	-0.021012833562185158	0.05724693383338433	Non-significant
ATRNL1	-0.014615578654621259	0.9854907104593701	0.8188983251035903	1.1859737779764767	0.09448121027449079	0.8770633755098366	0.5312676453980802	0.734091388641385	0.0145189637762518	NS	0.9862957645746898	-0.02108582284474464	0.05696902392042005	Non-significant
CPLX2	0.02582645338239457	1.0261628459283187	0.7390778937214411	1.4247621195399829	0.1674410424557404	0.8774188701623389	0.45849802371541504	0.970404880397654	0.0367212791097855	NS	0.9862957645746898	0.03725969621853062	0.05679302969942235	Non-significant
ABCC6	0.02265195172400799	1.0229104553630854	0.7667700563593288	1.3646148424981916	0.1470538605310424	0.8775794026675474	0.48609542631281766	0.641641035251761	2.4725450109712e-4	NS	0.9862957645746898	0.032679858418682387	0.05671357847436764	Non-significant
SNAI3	0.022016672017829503	1.0222608274791094	0.7707199168886982	1.3558974881781691	0.14410821738658922	0.8785727631378504	0.4669678147939017	-0.560220459798476	6.8762518191602e-4	NS	0.9870852269293796	0.031763343537001575	0.05622226453790552	Non-significant
DPF3	-0.018761340242163475	0.9814135582172587	0.7706055163706784	1.249890575386633	0.1233784650847065	0.879136986283922	0.5044466403162056	-0.710944816317148	3.1728056321828e-4	NS	0.9873861141970246	-0.02706689252779978	0.055943448302861125	Non-significant
S100A16	-0.015478817323894273	0.9846403638487357	0.8058102320957562	1.2031575270503152	0.10226116015590003	0.8796873590036901	0.4925889328063241	0.749064147288379	1.2289252878048801e-9	NS	0.9873861141970246	-0.02233121299200846	0.0556716487412648	Non-significant
PPIF	0.015566903686381492	1.0156886991033838	0.8302352560598505	1.24256772517976	0.10286570702014446	0.879713593639141	0.5238565782044042	0.668283171668892	1.01783426161054e-6	NS	0.9873861141970246	0.022458294750338757	0.05565869710861413	Non-significant
GPR141	0.020515004526465007	1.0207268836518324	0.7805658535778676	1.3347795912848566	0.13686535857290796	0.8808499260988484	0.48916572557876903	-1.03220234385469	3.69227435686579e-6	Down	0.9879442808619916	0.0295968952941458	0.05509807776162102	Non-significant
ACSM5	0.025155095401453845	1.025474154517065	0.736767716444624	1.427311781055119	0.16869580712238286	0.881462795809883	0.4771315640880859	-0.79806879877969	0.00148801559529784	NS	0.9879442808619916	0.03629113138876618	0.05479601338785911	Non-significant
TG	-0.013260123967924742	0.9868274041707819	0.8289376534002116	1.1747907959397261	0.08895582320822391	0.8815030157701694	0.5055053642010163	-0.827438502204103	9.8511388014351e-4	NS	0.9879442808619916	-0.01913031509009784	0.05477619756760545	Non-significant
PCDH12	-0.017057121609321515	0.9830875274893576	0.785516211321231	1.2303515481616347	0.11446999202053812	0.8815460999778274	0.4940711462450593	-0.609322877795827	1.0007909092752e-5	NS	0.9879442808619916	-0.02460822475760808	0.054754971575113665	Non-significant
PIK3R5	-0.014841846321571744	0.9852677510007225	0.8103724710653942	1.197909079865184	0.09970563306695444	0.8816667499116153	0.5136222473178995	-0.722430928241012	3.95907845195993e-6	NS	0.9879442808619916	-0.021412258085767726	0.05469553734336888	Non-significant
GPR88	-0.026506130520049003	0.9738420736588778	0.685056530004969	1.3843651478241426	0.179466454906698	0.8825842145519708	0.5170454545454546	-1.40065439019979	7.42258798648146e-6	Down	0.9886458369015638	-0.03824026305443034	0.05424384438744439	Non-significant
PEAK3	0.025509025751099257	1.0258371651795815	0.7305651631838825	1.440449042050485	0.17318985280405377	0.8829036159147221	0.5031761716544325	-0.665421777048788	1.9466042761065e-4	NS	0.9886772174252978	0.0368017449490198	0.05408670453241409	Non-significant
YOD1	-0.018292634636898338	0.9818736600708141	0.7684924284039492	1.2545027754445244	0.12501859002644106	0.883669317638703	0.48729531338226995	0.561454497074036	1.95808071283911e-5	NS	0.9892081803853908	-0.026390693275446915	0.05371022411882083	Non-significant
SNTB1	-0.015412812466092577	0.9847053570408469	0.799967881369381	1.212104464150622	0.1060075029853739	0.8844001175819305	0.5173630717108978	-0.593773712076874	5.59969166617668e-5	NS	0.9895527617781842	-0.022235988110983325	0.05335120835340942	Non-significant
CARD14	-0.012721662810343645	0.9873589154834205	0.8304506149537813	1.1739140298413206	0.08830017004673812	0.8854428930016355	0.5134105025409373	0.64792459242229306	1.7707269359553e-4	NS	0.9895527617781842	-0.018353479848344324	0.05283944356937121	Non-significant
GABRQ	-0.00867064074740114	0.9913668408500333	0.8810004048492655	1.1155593206624332	0.06021873549506747	0.885511709731309	0.5257269904009034	0.653272822373709	0.0285043126004089	NS	0.9895527617781842	-0.012509090407605339	0.05280569146084312	Non-significant
ZSCAN4	0.026293849845870028	1.0266425829184083	0.7176991279753915	1.4685749946982243	0.1826557489031389	0.8855375540373707	0.5124223602484472	-0.736318487736397	0.0288033265030604	NS	0.9895527617781842	0.03793400677851573	0.05279301644412663	Non-significant
ALDH3B2	0.007849329935248369	1.0078802166860084	0.9051347301538554	1.1222887569614803	0.05485856069187342	0.8862245948955154	0.48842461885940147	0.605703254719318	0.00783220790274377	NS	0.9895527617781842	0.011324189371884012	0.052456201405302695	Non-significant
NRG4	-0.01414773742695013	0.9859518715098745	0.8121458634377958	1.196953819131629	0.09894446238806877	0.8863007228995827	0.49230660643704127	0.523760193397415	0.035583604267483	NS	0.9895527617781842	-0.020410870625660084	0.052418896468923906	Non-significant
CHGA	-0.017619918846191702	0.9825344042080119	0.7714383220171908	1.251394736170341	0.12340973557410576	0.8864672812693851	0.513481084133258	1.09216077896552	1.9408579424069e-4	Up	0.9895527617781842	-0.02542016954026682	0.05233728919604588	Non-significant
PTCHD4	-0.020284267009350872	0.9799200747613884	0.7416519228772382	1.2947358771687687	0.14214086978244794	0.88652286662062	0.4897656691134952	-0.70751082879978	2.6334123848395e-4	NS	0.9895527617781842	-0.029264011422458106	0.05231005789828308	Non-significant
SMAGP	0.018856621977262854	1.0190355308431083	0.7863852754604016	1.3205148233640673	0.1322294992806987	0.886601943945087	0.5072699040090345	0.575828052395095	5.94043967510429e-8	NS	0.9895527617781842	0.027204355014514837	0.05227132081054079	Non-significant
ATP8A1	0.012247095636664412	1.0123223984118617	0.854951160636397	1.1986610294364881	0.08620466024323985	0.8870247183811131	0.478119706380576	-0.602956283643018	0.00165881804584249	NS	0.9896990692098379	0.01766882414030858	0.05206427768017583	Non-significant
CTSZ	-0.01592180706870556	0.984204274863829	0.7893695267697658	1.2271287677194087	0.11255253371886909	0.8875056757431424	0.4997882552230378	-0.612978642253578	1.11128318124291e-6	NS	0.9898231431931581	-0.022970312100012356	0.05182886088014088	Non-significant
KLK7	-0.005396300386016271	0.9946182334881095	0.9226798941252434	1.0721653703366878	0.038305099023873176	0.8879672576426592	0.5008469791078487	0.998840627425352	0.0015921630550951	NS	0.9898231431931581	-0.007785215806052883	0.05160304783320185	Non-significant
CMTM1	-0.026626122756719103	0.9737252271807714	0.6721922350025507	1.4105203373029844	0.18907734812578467	0.8880110957500659	0.5158808582721626	-0.560156465217723	1.6491916928437e-4	NS	0.9898231431931581	-0.03841337525921938	0.051581607652795014	Non-significant
ARG1	0.007639562810128846	1.007668818723436	0.905697751315965	1.12112064621131	0.054434265154527504	0.8883876164030292	0.5120694522868436	1.8419534344481	6.15171461703072e-7	Up	0.9898604160135704	0.011021559380732621	0.05139750388911331	Non-significant
RHOD	0.01012475298136841	1.0101761817140305	0.8767107036846851	1.163959689112398	0.0722987593135367	0.8886280068309271	0.5385375494071146	0.53093367999227	0.00447738374618276	NS	0.9898604160135704	0.014606930916445998	0.051280003248589646	Non-significant
MEOX2	0.012107746173048639	1.0121813416569565	0.8534695618450259	1.2004072719168732	0.08701851036519179	0.8893396051943027	0.49961180124223603	-0.704526407342876	0.00634299730392578	NS	0.9903279555051752	0.017467785360199474	0.05093236670340563	Non-significant
AGMO	-0.018176362499548536	0.9819878312572133	0.7588987053760715	1.2706571956258474	0.13148741917127024	0.8900534978764152	0.5060347261434218	-0.634995016567128	0.0329896926766355	NS	0.9906385757540963	-0.02622294803949878	0.050583888709855626	Non-significant
SCIMP	0.012174397459758592	1.012248807094066	0.8515696086195549	1.2032459086044351	0.08818959573326636	0.8902024808353197	0.491106719367589	-0.933819222213588	4.39213555996095e-5	NS	0.9906385757540963	0.01756394284100507	0.050511199750655815	Non-significant
TIMP3	-0.009747529728365232	0.9902998234557834	0.8612026319056231	1.1387491212916163	0.07126555833624128	0.8912066153789181	0.4774138904573687	-0.733282122196148	1.255292618838e-4	NS	0.9911098654451489	-0.014062712800030212	0.05002159841372978	Non-significant
GZMH	-0.008966849252344223	0.9910732330469659	0.8715672797729723	1.1269653830029254	0.0655600657940908	0.8912101973100941	0.49417701863354035	-0.934292179085138	9.0433846954204e-4	NS	0.9911098654451489	-0.012936428948755897	0.050019852904000274	Non-significant
BICC1	-0.0105153198786931	0.9895397728224952	0.8494207740305005	1.1527725621205906	0.07790208668518955	0.8926267107486296	0.5055759457933371	-0.707091165770551	4.638764279225e-4	NS	0.9912119999019376	-0.015170399842351655	0.04933012157663113	Non-significant
AGR2	-0.007382545635998251	0.9926446384170633	0.8911078514196836	1.1057509779633583	0.055055740150065834	0.8933296628913848	0.5153162055335969	0.665861767571575	0.0299211082948936	NS	0.9912119999019376	-0.01065076197819107	0.04898824508187265	Non-significant
PCSK1	-0.014531404948130463	0.9855736663564854	0.7969132882849997	1.218897295470846	0.10840913428693795	0.8933691603356984	0.5125635234330886	-0.656381335810459	5.9796150917499e-4	NS	0.9912119999019376	-0.020964385855817173	0.048969043723597325	Non-significant
HLA-DRB1	0.008811772478010809	1.0088507104318762	0.8866223401188227	1.1479292928740115	0.06589301281455515	0.8936172832705508	0.5030350084697911	-0.713244304568054	5.9242018055976e-4	NS	0.9912119999019376	0.012712700455468042	0.04884844020976754	Non-significant
SIM1	-0.01334737959569166	0.9867413016826513	0.8112352273135855	1.2002171055498336	0.09992522457643599	0.8937397009383945	0.5081874647092038	-2.53492966322907	8.20714743406654e-11	Down	0.9912119999019376	-0.019256198351566833	0.048788949779836825	Non-significant
INHA	0.01905830232915043	1.019241071013565	0.7703674999789554	1.3485153006445079	0.14283216927973286	0.8938521805027811	0.511328345567476	-0.522775098176831	0.0382499440556061	NS	0.9912119999019376	0.027495318258028038	0.04873429608095665	Non-significant
LCA5	-0.014282343105487115	0.9858191657208818	0.7990280771205601	1.2162769436148124	0.10718403606328165	0.8939951503997287	0.5295031055900621	-0.523095413783362	9.0768017585004e-4	NS	0.9912119999019376	-0.020605065570561	0.048664837088142544	Non-significant
EPB41L2	0.01328241187870883	1.0133710149643311	0.8334267199365433	1.232166895306678	0.0997426037261497	0.894061399189711	0.5024703557312253	-0.528919900727891	1.9169292033898e-4	NS	0.9912119999019376	0.019162469748457825	0.04863265523803065	Non-significant
ITIH1	0.02913339198080439	1.0295619206197761	0.6695736945602682	1.583093477240648	0.21951803260537422	0.8944185767419203	0.4848249576510446	-1.49830009143385	7.14776732291239e-7	Down	0.9912119999019376	0.04203060013498068	0.048459189228755715	Non-significant
RASSF4	0.01233521205143218	1.0124116045624043	0.8435716500704734	1.215044693556254	0.0930862252182208	0.8945778861973196	0.4946357989836251	-0.687312603312532	8.91817275522859e-6	NS	0.9912119999019376	0.017795949254915126	0.048381841711294275	Non-significant
EBF2	0.013687818674395997	1.0137819257477343	0.8261964791432	1.2439580885633978	0.10439502247161042	0.8956838404811124	0.5107284020327498	-0.76345712810895	4.1555429781324e-4	NS	0.9912119999019376	0.019747348122138585	0.047845261057604414	Non-significant
IFFO1	-0.014651052323092665	0.98545575210867975	0.7915673956585857	1.2268355729281992	0.1117822589632979	0.8957216905148861	0.5171513269339356	-0.699081057577917	2.61347224569189e-7	NS	0.9912119999019376	-0.02113700053033046	0.04782690891954765	Non-significant
WDR86	-0.014677209103607626	0.9854299760959748	0.7911733952549671	1.2273823205032968	0.11202293393272277	0.8957597381759824	0.49414172783738	-0.611886235557005	0.00201101334962514	NS	0.9912119999019376	-0.021174736787865068	0.04780846174058024	Non-significant
DAB1	0.020864789317342803	1.021083980841316	0.7461924353415333	1.3972434543021646	0.16002158591317767	0.8962599803842021	0.4946005081874647	-0.835770279722355	0.00127876359188803	NS	0.9912119999019376	0.030101528077323615	0.04756599517167155	Non-significant
MPP2	0.011652602903825127	1.011720758955577	0.8487938317417166	1.2059216924341627	0.08958917767440143	0.8965133537329616	0.4827780914737436	-0.864752009784189	1.2990953313236e-4	NS	0.9912119999019376	0.01681115242279679	0.04744323715662729	Non-significant
EPHB3	0.010458419141821594	1.0105132995612454	0.8630925975948651	1.1831142237063608	0.08045643527707716	0.8965754484134304	0.4688029361942405	0.519602639967992	0.00136797733994937	NS	0.9912119999019376	0.015088309431444234	0.04741315791341117	Non-significant
TNFSF18	0.009337160666807372	1.0093808879417014	0.8763630536733952	1.1625886927470641	0.07209927878935489	0.8969586881393975	0.48454263128176167	2.464896296983	7.2261352190246e-20	Up	0.9912119999019376	0.013470675389986463	0.047227559103358255	Non-significant
RARRES2	0.008614646557842867	1.0086518594072598	0.8852699309552963	1.1492297862052852	0.06657128464460928	0.897037316693566	0.5050112930547713	-0.538530993078073	0.0186180126108652	NS	0.9912119999019376	0.012428307868011029	0.047189489958136877	Non-significant
ZC3H12A	0.012905508246348112	1.012989143716713	0.8323093212911362	1.2328914011152587	0.10023481893142368	0.8975532969307721	0.5223037831733484	0.633023368252058	1.1050900134062e-5	NS	0.9912119999019376	0.018618712747158154	0.04693975347309854	Non-significant
GLI1	-0.010534708714163442	0.9895205869846446	0.8428361896686354	1.161733447221094	0.08186270294722521	0.8976049061409556	0.5187747035573123	1.39250464201821	8.00632603908366e-10	Up	0.9912119999019376	-0.015198372019133412	0.046914782308812436	Non-significant
CCDC63	0.02861428884117736	1.029027610487374	0.6653064989626665	1.5915939868261746	0.2225151768572762	0.8976783018537534	0.5208215697346132	-0.987805627477458	0.0028289089904341	NS	0.9912119999019376	0.04128169260973087	0.046879272197717675	Non-significant
VNN3	0.009266487463937694	1.009309554282154	0.8757857055248984	1.1631906868754878	0.07239945986335283	0.8981560058262712	0.5147868435911914	0.645475013846102	0.0268700397142122	NS	0.9912119999019376	0.013368715510682657	0.04664822170129509	Non-significant
KCNMA1	-0.009685403296739663	0.9903613491612205	0.8536826149193237	1.1489230128050854	0.07577200266893576	0.8982890626271102	0.5151044607566346	-0.645875017956315	8.2752091753114e-4	NS	0.9912119999019376	-0.013973083305215957	0.04658388816223565	Non-significant
SLFN12L	-0.022558715427750526	0.9776938297965774	0.6917408862716136	1.3818544541647468	0.1765262640490678	0.8983132625105977	0.497847261434218	-0.835646733103774	1.19531880719049e-6	NS	0.9912119999019376	-0.032545346876441034	0.04657218843802297	Non-significant
MICAL2	0.011642988681331264	1.011711032093857	0.8451593148430795	1.2110843417142734	0.09177368626178037	0.8990462140146794	0.5379728966685489	-0.569404016418497	2.4656088914691e-4	NS	0.9912871759731656	0.0167972820316829	0.046217983488453684	Non-significant
RORC	-0.009389311008962283	0.9906546309359131	0.8566714967545683	1.1455926822740257	0.07413985240504788	0.8992227730851373	0.5026115189158668	-0.515418192678211	0.0473513620343594	NS	0.9912871759731656	-0.01354591242999407	0.04613270299835317	Non-significant
CSDC2	-0.009902309430317625	0.9901465570058391	0.8492160255746886	1.1544650298927879	0.07833785198774137	0.8994112105961057	0.4747317899491813	-1.31168530131496	7.12059584668627e-6	Down	0.9912871759731656	-0.014286012708467197	0.046041703526265916	Non-significant
BPIFA1	-0.00698927408633453	0.9930350940847993	0.8898517162371288	1.1081831726458389	0.055976113788657536	0.9006330207651455	0.4925889328063241	3.76972918054354	1.84896170949025e-6	Up	0.9912871759731656	-0.010083391063768547	0.04545213412947763	Non-significant
DDAH1	-0.012151336364382741	0.9879221929953385	0.8152859753006246	1.1971140053682843	0.09799414810676971	0.9013147741222973	0.49230660643704127	-0.544214560051115	0.0010304701890008	NS	0.9912871759731656	-0.017530672713068716	0.04512351003060257	Non-significant
COL5A2	-0.007940971314025663	0.9920904749057831	0.8749604246506542	1.1249006042664862	0.06410099996481403	0.9014085662785707	0.49131846414455105	-0.801496793983587	1.1398800898266e-4	NS	0.9912871759731656	-0.011456399934586277	0.04507831905199902	Non-significant
TLR7	0.010047848669398184	1.0100984977969594	0.8612517837347379	1.184669796359948	0.0813363079543429	0.9016837733748254	0.49181253529079616	-0.829577914506139	3.1540713121709e-4	NS	0.9912871759731656	0.014495981446943522	0.04494574578153064	Non-significant
KCNA5	-0.02111021834834145	0.9791110426201188	0.7000909728989179	1.369334087841569	0.17114333497774728	0.9018313924760502	0.5080815923207227	-0.866478518349404	0.00219343766656948	NS	0.9912871759731656	-0.030455607323235476	0.044874651107704215	Non-significant
NMUR2	0.020637469952856667	1.0208518950594996	0.7352372325127543	1.417418141468364	0.16745182006659273	0.90191370522451	0.4368294748729531	1.23069765915001	0.0133064799626966	Up	0.9912871759731656	0.029773575557481263	0.04483501360846246	Non-significant
RAB25	-0.008805691139588656	0.9912329654095436	0.8616259026631793	1.1403357172500026	0.0714953948714259	0.9019768742866975	0.5136928289102203	0.897051442091806	4.43641212994104e-8	NS	0.9912871759731656	-0.01270392693868446	0.044804597156979376	Non-significant
PGM5	0.009682159838208328	1.0097291835890696	0.8651837574083214	1.1784236764286287	0.07882569238940439	0.9022417171465416	0.49251835121400334	-0.624856597300545	0.0124787591956943	NS	0.9912871759731656	0.013968403983677534	0.04467709620562678	Non-significant
ABCA12	-0.0071067597751313695	0.9929184335258785	0.885978142456358	1.112766747159395	0.05814200654650879	0.9027160192313339	0.4966120835686053	1.00979980115635	1.91402280222789e-5	Up	0.9912871759731656	-0.010252887084371245	0.04444885065863113	Non-significant
SLIT3	-0.007678832937047834	0.9923505739821754	0.8768156130856998	1.1231091771018713	0.06315408042752362	0.9032246327765143	0.5221626199887069	-0.565433355485507	0.0147090463215283	NS	0.9912871759731656	-0.011078214198093768	0.04420422682596242	Non-significant
SLC24A2	-0.011380082051008891	0.9886844261479838	0.8223500785523695	1.1886627362258084	0.09398591386119894	0.9036254151249318	0.4967532467532467	-0.713716218409892	0.00107380351756764	NS	0.9912871759731656	-0.01641798793990002	0.044011562730324076	Non-significant
LHX6	0.012905635670788774	1.0129892727962961	0.8219558925636498	1.2484213278158438	0.10662143864197375	0.9036580397384167	0.493647656691135	-0.59394111212114	4.9773048209396e-4	NS	0.9912871759731656	0.018618896581766766	0.04399588318700268	Non-significant
CASS4	0.013755090447014302	1.0138501269489097	0.8110161496588068	1.2674125914098666	0.11389107351290904	0.9038699752325096	0.4976708074534162	-0.654328462191343	5.4253800513521e-4	NS	0.9912871759731656	0.01984440077488665	0.04389403976851798	Non-significant
CDK14	0.010084326588325924	1.0101353447601171	0.8569443212387673	1.1907114493257	0.08391310236493069	0.9043438651479451	0.5058582721626199	-0.584466392199235	5.1811833511548e-4	NS	0.9912871759731656	0.014548607959682386	0.04366640321865966	Non-significant
RHOV	0.008383527629140653	1.0084187678070582	0.8793366970441513	1.156449417707455	0.06988441511846363	0.9045126445587911	0.4929418407679277	0.503453224695738	0.00574842964976653	NS	0.9912871759731656	0.012094873735716914	0.04358535757837952	Non-significant
SLC27A4	-0.014105501258617365	0.9859935152185167	0.7819458015307555	1.243287207565791	0.11830031006407714	0.9050894209436315	0.4907538114059853	0.576717712932912	7.04623094593362e-7	NS	0.9912871759731656	-0.020349936715060274	0.04330851128771045	Non-significant
RHOH	-0.011179182749344475	0.988883072112013	0.8228299252641148	1.188446968546758	0.09379078928551497	0.9051226448769164	0.5019057029926595	-0.851991398808283	7.83529966744366e-7	NS	0.9912871759731656	-0.01612815151367076	0.04329256954125234	Non-significant
JAKMIP3	0.010338285113672002	1.0103919098197356	0.8519211921767061	1.1983406690714398	0.08704218053775163	0.9054549797994139	0.459274421230943	1.93576583517734	1.9057923333742697e-12	Up	0.9912871759731656	0.014914992664790737	0.043133138404317664	Non-significant
ENOX1	-0.014454214684577126	0.9856497459838082	0.7763322720322404	1.2514041432475702	0.12179838611019295	0.9055342017994888	0.5124223602484472	-0.74437898679653	1.1614549870648e-4	NS	0.9912871759731656	-0.020853023845383775	0.04309514184658069	Non-significant
DPP6	0.016404700462810253	1.0165399963786101	0.7737424511204876	1.3355265214426115	0.13924792183531953	0.9062187590254432	0.5099167137210616	-0.90390487521648	0.00453709895000131	NS	0.9912871759731656	0.023666980004965275	0.042766952025611274	Non-significant
COL1A1	-0.006924273623140667	0.9930996439237445	0.8847821324379378	1.1146776891209966	0.058924332082144946	0.9064549066743889	0.4949181253529079	-0.881249843730292	1.3155935305656e-4	NS	0.9912871759731656	-0.009989615217863342	0.04265379583718933	Non-significant
CDH2	0.006797023782131596	1.0068201759738866	0.8987002856311381	1.1279476405598303	0.05796163152438538	0.9066479670209598	0.5122459062676454	-2.04469992981635	2.78579168440945e-13	Down	0.9912871759731656	0.009806032503285704	0.04256130793181627	Non-significant
CCDC141	0.012694377467589838	1.0127752931059437	0.8188620571785857	1.2526087701022053	0.10843771457645235	0.9068076942415471	0.5025409373235461	-1.20959475931307	4.62257735465893e-7	Down	0.9912871759731656	0.018314115419664614	0.0424848035516189	Non-significant
DNAJB1	0.017330229471077204	1.0174812691537596	0.7602578981742517	1.3617328219344078	0.14869038172707005	0.9072147138726658	0.48546019198193113	0.609099470675843	1.6634229379084501e-9	NS	0.9912871759731656	0.025002236115390746	0.04228991468806698	Non-significant
TMEM184A	0.009103791369319141	1.0091453569169082	0.8657452315159737	1.1762979619347338	0.0781995976536793	0.9073217709881429	0.48927159796725017	0.92257898753542	2.26347642762335e-7	NS	0.9912871759731656	0.013133994661804349	0.04223866819625814	Non-significant
TENM3	0.008282829874861189	1.0083172274142973	0.8756686768461678	1.1610597226821486	0.07196576740991997	0.9083705953356241	0.5242094861660079	-0.743111303273198	9.27564696129212e-5	NS	0.9912871759731656	0.01194959758498925	0.04173693267573971	Non-significant
MYB	0.008827741237534619	1.0088668206548963	0.8680171829048755	1.172571559484738	0.07672156782880281	0.908395936019511	0.4964709203839639	-0.746961618317412	0.00486122870297043	NS	0.9912871759731656	0.012735738505642124	0.04172481739401201	Non-significant
IFNG	0.01143258314553466	1.0114981848849787	0.8321307903070713	1.2295285668350928	0.09959276563878866	0.9086089524393366	0.5095285149632975	-1.0351620750096	2.1553520310483e-4	Down	0.9912871759731656	0.016493731008613594	0.041622988437253004	Non-significant
DRAXIN	0.014012199601562058	1.0141108306111006	0.7973573232693164	1.2897865821887935	0.12268825693651166	0.9090714943579127	0.49823546019198195	-0.884576510291851	1.42278730055888e-6	NS	0.9912871759731656	0.020215330877119828	0.041401960139813364	Non-significant
ITLN1	-0.014523927449411602	0.9855810360098661	0.767985552117365	1.264828453952262	0.12727806882009102	0.9091491812612845	0.5064229249011858	0.983257096544578	0.00813328747356246	NS	0.9912871759731656	-0.020953598105497222	0.04136484804013978	Non-significant
MYOC	0.015598605687026748	1.0157208989775757	0.7757146684058714	1.3299850919926288	0.1375377963993432	0.9097029516489511	0.48320158102766797	-1.0970666637384	0.0339044970238988	Down	0.9912871759731656	0.022504031069455956	0.041100396162293745	Non-significant
SLC10A6	0.007773381122750941	1.0078036722871764	0.8808867109960656	1.1530066570388466	0.0686745444696425	0.9098786602348193	0.5141163184641446	0.791323082891321	5.5444758616386e-4	NS	0.9912871759731656	0.011214618396732686	0.041016520540552555	Non-significant
PHACTR3	0.009579889520386065	1.0096259235448581	0.8549244434793987	1.192321161558146	0.08485976017013586	0.9101170993434747	0.5033526256352343	-0.788817055927765	0.00770305129530128	NS	0.9912871759731656	0.013820859103324982	0.040902726000970314	Non-significant
BEX2	-0.006855204623577963	0.9931682386914752	0.8795935162229163	1.1214079369083787	0.06196041761078846	0.9119030552148392	0.5307029926595144	0.802425145564748	0.00730799499732874	NS	0.9912871759731656	-0.009889969714714954	0.04005132924081281	Non-significant
AL157935.2	-0.036694587512884326	0.9639704990232072	0.5017674315335869	1.8519319202263735	0.33313059223252844	0.9122898133368322	0.540619706380576	-0.667460086289084	6.628843120356e-4	NS	0.9912871759731656	-0.05293909943230436	0.039867174458031576	Non-significant
RPL35	0.010781974671216771	1.0108403096269505	0.8340867243202719	1.2250502277199173	0.09806296045299519	0.9124494154470564	0.5316205533596838	0.509466037535972	0.00125145922715367	NS	0.9912871759731656	0.015555101389154996	0.03979120270836583	Non-significant
PCDHB3	0.013944691293773556	1.014042372015804	0.7905746374816321	1.3006766009076898	0.12701248695410444	0.9125759821931773	0.5124576510446075	-0.862549184403839	4.0140689720399e-4	NS	0.9912871759731656	0.020117936976254556	0.03973096547595038	Non-significant
SEMA6A	-0.008824683113288583	0.9912141401178994	0.8454516520626483	1.1621072230122778	0.08115435440541816	0.9134091190217153	0.5000705815923208	-0.762423080208418	6.97876223702309e-5	NS	0.9912871759731656	-0.012731326564957948	0.039334656927570634	Non-significant
COA6	0.013335407733308829	1.0134247208503782	0.7965156985500114	1.289402916603259	0.12288177234026042	0.9135814233062387	0.521386222473179	0.716642581688633	2.44840310060892e-9	NS	0.9912871759731656	0.01923892660507696	0.03925273991873564	Non-significant
PERP	0.011821237819792984	1.0118913847870785	0.8172927690065843	1.2528242184876865	0.10897095121137931	0.913614442081478	0.48729531338226995	0.540294685319582	2.66484113896359e-5	NS	0.9912871759731656	0.017054441179784455	0.03923704387633664	Non-significant
EVA1A	0.0073817290971061374	1.0074090412215453	0.8814286758348941	1.1513954607542352	0.06816090644401449	0.91375885227347	0.5313382269904009	-1.04156698511102	7.49344449242297e-7	Down	0.9912871759731656	0.010649583961580696	0.03916840267441365	Non-significant
DRD4	-0.013039173598113312	0.9870454681404436	0.7773785478843723	1.2532616944833668	0.12183319893877387	0.9147693061824932	0.5016233766233766	-0.500051588831843	0.0318407209691549	NS	0.9912871759731656	-0.018811551087288436	0.038688415970849585	Non-significant
OGN	0.006838521122056142	1.0068619571998707	0.8879255651487679	1.1417297132181363	0.06413683345591478	0.915087334878471	0.5121753246753247	-1.0331551981118	0.0020913887759791	Down	0.9912871759731656	0.009865900509804832	0.038537455391707526	Non-significant
TDRD9	0.01291637513428194	1.0130001518160276	0.7983950266074754	1.2852902052003925	0.12146557804912309	0.9153143886361834	0.5299971767363072	-0.989619305601728	2.32712568848672e-6	NS	0.9912871759731656	0.018634390352490215	0.038429710525311404	Non-significant
LAMB1	0.010765950318551536	1.0108241116951218	0.8281972331797129	1.2337222872157507	0.10167018400851494	0.9156688905703855	0.5213156408808582	-0.569920786401496	5.89734692066275e-6	NS	0.9912871759731656	0.015531983135031327	0.03826154051794962	Non-significant
PPL	-0.0065937499468491	0.9934279411209875	0.8790469930800776	1.1226920539730256	0.06241092783561883	0.9158596021322107	0.5026115189158668	1.0336690317985	2.5456418208759e-7	Up	0.9912871759731656	-0.009512770349181115	0.0381710969572131	Non-significant
DDR2	-0.007880557286795702	0.992150412897278	0.8565107626254082	1.1492703708648513	0.07500537731765489	0.9163229903717016	0.5054347826086957	-0.57184570423337	0.00499652321426045	NS	0.9912871759731656	-0.011369240917101607	0.037951416931320335	Non-significant
SMIM35	-0.022118695181590115	0.9781241295395906	0.6460554242558522	1.480874205010462	0.21161168822898352	0.9167527917982276	0.5381493506493507	0.820373325816257	1.22709269310895e-5	NS	0.9912871759731656	-0.03191053184941465	0.03774775880317243	Non-significant
CD70	0.007302183500340172	1.0073289094552809	0.8778795325012179	1.1558664876640778	0.07017888393075378	0.9171288709638401	0.5115753811405985	-1.01678264031921	1.5742346458949e-4	Down	0.9912871759731656	0.01053482392360208	0.03756963486858016	Non-significant
ADCY1	0.009300368999353836	1.0093437518188926	0.8469726424863571	1.2028426400469578	0.08948493673466833	0.9172231300003965	0.5031761716544325	-0.512448816244039	0.0140456701645386	NS	0.9912871759731656	0.013417596233805366	0.037525002017894514	Non-significant
LY6D	0.004429763910514454	1.0044395898181253	0.9239370106383518	1.0919563541425317	0.04262381581419055	0.9172273062061986	0.5060700169395822	1.48453663695927	1.37019699983358e-8	Up	0.9912871759731656	0.006390798426007964	0.037523024637531016	Non-significant
KRT86	-0.010995988592515923	0.9890642463071309	0.8031455018949791	1.2180209949691165	0.10623837816560165	0.9175637855317461	0.5121400338791643	-0.727663413939903	0.00170474910157643	NS	0.9912871759731656	-0.015863858212094354	0.03736373553191456	Non-significant
SPTSSB	0.006356680093504573	1.0063769266619949	0.8921297263784832	1.1352547601221477	0.061480927639878204	0.9176512929213743	0.48831874647092044	1.80572568400532	4.0222112061911e-11	Up	0.9912871759731656	0.009170750847416639	0.03732231915852458	Non-significant
IL36G	0.004709774203304048	1.0047208826223621	0.9188008908863008	1.0986755258842875	0.04561084461587738	0.917756649283585	0.511434217955957	1.33996113637318	1.61926773828009e-6	Up	0.9912871759731656	0.006794767886813488	0.037272460284385876	Non-significant
RCSD1	-0.008978018115087557	0.9910621639478722	0.8348806730516694	1.1764605943252588	0.08749571630189656	0.918271756006991	0.5243506493506493	-0.647741252097692	1.9897441716266e-4	NS	0.9912871759731656	-0.012952542211648087	0.037028773408092165	Non-significant
CD40	0.009720249381825296	1.0097676444453227	0.8381139671986717	1.216577620316589	0.09506370502459724	0.9185583621380853	0.495412196499153	-0.727557164201039	2.83436481255399e-7	NS	0.9912871759731656	0.014023355579363343	0.03689324485703624	Non-significant
ZNF185	-0.007364433795151137	0.992662617201586	0.8615553336946742	1.1437211668852718	0.07227253302697327	0.9188375581215803	0.4887069452286844	0.849698422883208	9.96533831187374e-7	NS	0.9912871759731656	-0.010624632115219572	0.0367612610264446	Non-significant
VGLL3	-0.007156437624655973	0.9928691086985334	0.8650621466735405	1.1395586673148466	0.07030613431060805	0.9189236318197977	0.48609542631281766	-0.932012027258987	1.15731934947389e-5	NS	0.9912871759731656	-0.010324557071522439	0.036720579644766965	Non-significant
BMP8A	-0.008395464187849413	0.9916396793042039	0.8431497599406134	1.1662806541507003	0.08276438887395977	0.9192026754350106	0.48524844720496896	-0.762324625942029	1.5350534277085e-4	NS	0.9912871759731656	-0.012112094549771316	0.03658872025866286	Non-significant
MRAS	0.008755779695548164	1.0087942236549503	0.8516533213192115	1.1949296271201402	0.08639521738681262	0.919276077116171	0.5057876905702993	-0.786898391141209	2.3161005892304e-6	NS	0.9912871759731656	0.012631919945883464	0.036554041647269504	Non-significant
TOP1MT	0.011381290193543715	1.0114463034877288	0.8115818034067543	1.2605305103498785	0.11232419771696726	0.9192921824315942	0.5026115189158668	0.509699507361626	8.94639802479996e-5	NS	0.9912871759731656	0.016419730921143665	0.03654643306425231	Non-significant
SLC22A4	-0.015346081750370444	0.9847710693265872	0.7313262363868703	1.3260485002887565	0.1518137841199474	0.9194830617483033	0.4828486730660644	-0.535598782967463	1.87681976087998e-5	NS	0.9912871759731656	-0.02213971603833609	0.03645626670540404	Non-significant
BTN3A3	-0.00921454302062435	0.990827780782984	0.8286265032592459	1.1847794963229454	0.09121148278775627	0.9195314590146975	0.49943534726143424	-0.600866518937222	2.49322101107685e-5	NS	0.9912871759731656	-0.01329377551991278	0.03643340808683227	Non-significant
SOX21	-0.005289634352948181	0.9947243311278995	0.8974742731980108	1.1025123777776944	0.05249136741774344	0.9197318434699968	0.5350437605872389	0.998465172330651	0.00127763833787464	NS	0.9912871759731656	-0.0076313292491142215	0.036338776868536926	Non-significant
ADORA1	-0.010496277271606427	0.9895586164190007	0.8068138612149962	1.213695379321386	0.10416824844939311	0.919738812003465	0.5182806324110671	-0.689112190893862	5.8121016822802e-4	NS	0.9912871759731656	-0.01514292716754215	0.03633548636143023	Non-significant
CNNM1	-0.007022512904537918	0.9930020873203934	0.865816968245869	1.1388702018861858	0.06992946503062952	0.9200086669385217	0.5489836250705815	1.08786327101876	0.00178378660335082	Up	0.9912871759731656	-0.010131344541955533	0.03620808136548222	Non-significant
UBXN10	0.008648058578388877	1.0086855610669272	0.8513549206735637	1.1950909501996323	0.08651905555418	0.9203796256631367	0.5113636363636364	-1.03284940526145	1.90049333451349e-5	Down	0.9912871759731656	0.012476511224358845	0.036033003823483456	Non-significant
CXCL17	-0.004692018566290773	0.9953189717571698	0.907784151633676	1.091294504048047	0.04696853067980407	0.920426043038845	0.536420101637493	0.992330086842135	0.00153202814789014	NS	0.9912871759731656	-0.006769151917346588	0.03601110166348735	Non-significant
SLC9A4	-0.011293668275686324	0.9887698657933779	0.7915371053617083	1.2351484736199334	0.1135147658013765	0.9207486382571325	0.5154573687182382	0.898047284726618	0.0145182184303354	NS	0.9912871759731656	-0.016293319214777623	0.035858914773185695	Non-significant
ECM2	-0.008826331614075285	0.9912125061019564	0.83229438577842	1.1804744199181594	0.08915609748308684	0.9211393569096136	0.5035290796160361	-0.698155462077969	2.7489845130697e-4	NS	0.9912871759731656	-0.012733704848867914	0.035674661487709355	Non-significant
SLC16A7	0.007778156705434466	1.0078084851484341	0.8624707001876285	1.1776376200562215	0.07945669378847062	0.9220182320681116	0.4893421795595708	0.596054095427975	0.00393465698967535	NS	0.9912871759731656	0.011221508106187397	0.03526049108488738	Non-significant
ITM2C	-0.009863712612297315	0.9901847742498405	0.8125100858908035	1.206712266323764	0.1009014657406249	0.9221261340256977	0.5165160926030492	-0.519388946172065	8.07400943353824e-5	NS	0.9912871759731656	-0.014230329270515225	0.035209669440246935	Non-significant
NXF3	0.010950968544174178	1.0110111498808871	0.8106675001507044	1.260866563657055	0.11267975672231058	0.9225781663319906	0.5356084133258046	0.845270385459156	0.00937747491344998	NS	0.9912871759731656	0.01579890801161103	0.03499682758786301	Non-significant
DNER	-0.006485086967946987	0.9935358958256281	0.871179747659714	1.1330768178963724	0.06705320515591807	0.9229522982840119	0.4772727272727273	-0.646176626927749	0.0261621856098218	NS	0.9912871759731656	-0.009356002808390723	0.03482074439919975	Non-significant
ECRG4	0.009792211089968387	1.0098403116644419	0.8277478911663114	1.231990399426633	0.10145026280392125	0.9231057763886656	0.5297148503670243	-1.04895242967438	0.00165353440195146	Down	0.9912871759731656	0.01412717437883525	0.03474853140112333	Non-significant
KIF19	0.01316278615587858	1.0132497969747103	0.7751753864716869	1.3244424023089005	0.13664983559680302	0.9232625100818954	0.5001411631846415	-0.67902640155963	5.8697640796412e-4	NS	0.9912871759731656	0.018989886311368043	0.03467479900573906	Non-significant
IL1RN	0.0060716763155953994	1.0060901463045795	0.8883073964691277	1.139489985690273	0.06352622088709306	0.9238561490421932	0.5199745906267645	1.2233043132865	7.38206538128557e-10	Up	0.9912871759731656	0.008759577310392579	0.034395646248223395	Non-significant
AK8	0.008273623384146158	1.0083079443938374	0.8500157680435572	1.1960777069674642	0.08713119412476283	0.9243498331484019	0.5043760587238848	-1.19536156999276	4.35139244768284e-6	Down	0.9912871759731656	0.011936315426490722	0.03416363283597919	Non-significant
FBXW10	0.016078098960388212	1.0162080470990382	0.7286835501502239	1.4171841738103543	0.16969384661455097	0.9245152419352243	0.4613918690005646	1.35321389830718	1.08448932983575e-5	Up	0.9912871759731656	0.02319579363707411	0.0340859244898862	Non-significant
SAMD14	-0.012265558254146984	0.9878093570998018	0.7662108178563442	1.273497193244887	0.1296107335254135	0.9246056894063511	0.4928006775832863	-0.703526225826406	8.56552905051254e-6	NS	0.9912871759731656	-0.01769546006699256	0.03404343853131201	Non-significant
CSF1	-0.010202963491705751	0.9898489101687131	0.801095031322926	1.2230769467439446	0.10794725631471212	0.9246976497941075	0.5103049124788255	-0.66472701467019	3.02758405831328e-7	NS	0.9912871759731656	-0.01471976483185498	0.0340002461700129	Non-significant
PLAAT4	0.005798957871916351	1.0058158043764307	0.8917977644851682	1.1344112674664946	0.06138625625646414	0.9247384230870578	0.4967532467532467	-0.504776374026553	0.0366776241782364	NS	0.9912871759731656	0.008366127764137893	0.03398109696404698	Non-significant
GPX3	0.00592245326713053	1.0059400256669255	0.8893736905628302	1.137784202496923	0.0628380096212749	0.9249109356131534	0.4935770750988142	0.688044014672856	0.00304793073745432	NS	0.9912871759731656	0.008544293958385855	0.033900085676142756	Non-significant
CALD1	-0.01030718333326969	0.9897457536476946	0.7978997306193362	1.2277189968509856	0.10993322257261476	0.9253009315198045	0.4707086391869001	-0.549913288745637	1.85987153891066e-5	NS	0.9912871759731656	-0.014870122280441574	0.033717000618976506	Non-significant
CIBAR2	0.013573424385255438	1.013665961517944	0.7624456357972957	1.347661568638416	0.14530751431611424	0.9255764825088459	0.4489695087521175	-1.25604525392721	9.51429205227676e-5	Down	0.9912871759731656	0.019582312048489283	0.033587688678595407	Non-significant
LILRB3	-0.0095131688291921	0.9905319382111084	0.8104287005484342	1.2106598889603586	0.10238899497219947	0.9259734527491582	0.4995059288537549	-0.52610787135865	0.00241364577170489	NS	0.9912871759731656	-0.01372460149301491	0.033401464171001996	Non-significant
SSPN	0.00785785650564862	1.0078888104842687	0.8537110944692868	1.1899105691380238	0.08470578904430415	0.926089094168746	0.48644833427442125	-0.717380468685235	1.52602198085586e-5	NS	0.9912871759731656	0.011336490612716235	0.03334723011659032	Non-significant
AGTR1	0.010025150774406405	1.0100755709475215	0.8168846255428699	1.2489556384378533	0.10830941984081158	0.9262528961829817	0.5032114624505929	-1.15011811567637	3.5854576630376e-4	Down	0.9912871759731656	0.014463235306400153	0.03327042107002853	Non-significant
SLA	-0.00787966843704934	0.9921512947703128	0.8375642928257853	1.17527000631002	0.0864187217597856	0.9273494801262862	0.5065640880858272	-0.780177875384014	3.2723533528543e-6	NS	0.9912871759731656	-0.011367958577980383	0.0327565671635308	Non-significant
CCN1	-0.0073404199650087595	0.9926864551192828	0.8456420839307854	1.1652996189555103	0.08179673648801605	0.9284940149740408	0.4880011293054771	-0.594351824427383	0.00114170582412596	NS	0.9912871759731656	-0.010589987481560554	0.032220891355676774	Non-significant
C1orf116	0.006821969304933787	1.0068452919428081	0.8672582077461639	1.1688992192324197	0.07614451058943673	0.9286111255600557	0.49569452286843596	0.508313570673464	0.00261418374478461	NS	0.9912871759731656	0.009842021285324623	0.03216611741721093	Non-significant
ESM1	-0.008711651564261598	0.9913261849197539	0.8189728572577206	1.199951373477939	0.09744703828334715	0.9287649503813651	0.4922360248447205	-0.520855277995589	0.00547006520859103	NS	0.9912871759731656	-0.01256825650971271	0.03209418231253018	Non-significant
MSRB3	0.007445903751131591	1.007473693422722	0.8557275556937991	1.1861289684844678	0.08329190464642985	0.9287677686151294	0.5038819875776397	-0.784917499477245	9.93101323068833e-6	NS	0.9912871759731656	0.010742168416694049	0.03209286449631079	Non-significant
CHP2	0.005250999929467431	1.0052648105922788	0.8952170958797095	1.1288405282542981	0.05915416086047098	0.92926624417908	0.47480237154150196	0.846245483413641	0.022723636716038	NS	0.9912871759731656	0.0075755915579510955	0.03185983841552813	Non-significant
DNASE1L3	-0.005868247379365024	0.9941489371534927	0.8728616425741323	1.132289541706468	0.06638385928182487	0.9295597883022942	0.5197628458498024	0.520014875288619	0.0418074377019684	NS	0.9912871759731656	-0.008466091392919537	0.03172267163204312	Non-significant
TRIML2	0.005037008323340781	1.0050497153759836	0.8988248842631552	1.1238283986823894	0.05699291525894641	0.9295750127542501	0.5595355731225297	-0.847921202673242	0.0340969148702732	NS	0.9912871759731656	0.007266866929000147	0.031715558758387226	Non-significant
CFAP74	-0.012670248167737227	0.9874096814942313	0.7454741535995728	1.3078627533909688	0.14340292439768193	0.9295951758067057	0.49654150197628455	-0.756817326057461	0.00321262699529984	NS	0.9912871759731656	-0.018279304198427014	0.03170613874673472	Non-significant
SIGLEC14	0.008598971870743759	1.0086360492288817	0.8330922075717418	1.2211693622358584	0.0975578750206128	0.9297636061166761	0.49650621118012417	-0.956077765915971	2.89372198533855e-5	NS	0.9912871759731656	0.01240569407466563	0.03162745747756105	Non-significant
RAB6B	0.006145910626114858	1.0061648354851263	0.8776208071314947	1.1535365478352058	0.0697393283129621	0.9297758185661734	0.4791078486730661	1.49600367515989	4.18088178307728e-10	Up	0.9912871759731656	0.008866674782042538	0.03162175305488854	Non-significant
CXCL12	-0.00520044574360833	0.994813053164108	0.8837496642923095	1.119834100913849	0.060399577149810924	0.9313863688669436	0.5159514398644833	-1.01927882364308	1.52602198085586e-5	Down	0.9912871759731656	-0.007502657284715902	0.030870122393397283	Non-significant
DUOXA2	0.006326663741557815	1.006346719351332	0.8712681012695759	1.1623674940853164	0.07353819039307213	0.9314406965696083	0.5003529079616036	0.750154145521002	0.00907369753933782	NS	0.9912871759731656	0.00912744640531754	0.03084479076500707	Non-significant
KRT33B	-0.011552100138098244	0.98851436917112	0.7595579195018651	1.28648603742901	0.134424204603807	0.9315159824763981	0.5327851496329757	1.11540720104834	6.5577338681045e-4	Up	0.9912871759731656	-0.016666157581087093	0.030809689300470112	Non-significant
TMPRSS11F	-0.005577633137866492	0.9944378929781054	0.8756437438030527	1.129348242352264	0.06490850025129524	0.9315215033221487	0.5056112365894975	1.24831597558702	7.03900706468019e-6	Up	0.9912871759731656	-0.008046823667897914	0.030807115361015654	Non-significant
NRK	0.00843824622173571	1.008473948572472	0.8312096025635418	1.2235418140174905	0.09863014543091939	0.9318206223553744	0.4915654997176736	-0.848390924297116	0.00607116885225898	NS	0.9912871759731656	0.012173815977898083	0.030667682301581317	Non-significant
JUP	-0.008527162705917348	0.9915090904273518	0.8154416595983046	1.2055924109694804	0.09974583091425582	0.9318727089914164	0.5138339920948616	0.584860898394601	6.47086260861275e-6	NS	0.9912871759731656	-0.012302095348680257	0.03064340691438179	Non-significant
HDHD3	-0.010656211105245273	0.9894003651710681	0.7742289489822732	1.264371583996475	0.125120379886024	0.9321280935271541	0.5132693393562959	0.549737154663213	5.696779693354e-6	NS	0.9912871759731656	-0.015373662916203307	0.03052440257148833	Non-significant
CYP4F2	0.009484119151282082	1.0095292359274817	0.8100219721149107	1.2581748560861845	0.11233779115523812	0.9327185230948849	0.5147162619988708	1.33381338683357	5.9803281582051e-4	Up	0.9912871759731656	0.01368269166675466	0.030249398386693205	Non-significant
COL24A1	0.007523604101483619	1.007551977522983	0.8457108557098654	1.200364144029317	0.08933907020677642	0.932886254918298	0.4980237154150198	-0.723439196379987	5.7978013837951e-4	NS	0.9912871759731656	0.010854266326822393	0.030171305741988744	Non-significant
IFIT3	0.004587669245426468	1.0045982087110097	0.9023378603188786	1.1184475409119154	0.05477341990148249	0.9332494639093322	0.5039525691699605	-0.57342573869557	0.0109909598651097	NS	0.9912871759731656	0.006618607669615642	0.03000225087530983	Non-significant
VGF	-0.011216167368470581	0.9888464993245502	0.7603137830902875	1.2860708578135844	0.13408812260197492	0.9333365150950722	0.5041643139469226	0.750553564588162	0.00138451622437947	NS	0.9912871759731656	-0.016181509040273143	0.02996174285686044	Non-significant
CDH17	0.01081530067210057	1.0108739974533396	0.7836733407274669	1.303944112452158	0.12988927621784352	0.9336404005305008	0.4643210050818747	-0.549702181999156	0.0198316747168943	NS	0.9912871759731656	0.015603180645362676	0.0298203637452085	Non-significant
CYP2U1	-0.009617028474086412	0.9904290672579121	0.7891072325694208	1.2431133523834226	0.11593888011335594	0.9338919937650585	0.5055759457933371	-0.562681882913058	1.0175889948907e-4	NS	0.9912871759731656	-0.013874439287652425	0.029703347778634225	Non-significant
ARHGAP29	-0.007576673281311467	0.9924519573537403	0.8295553183243564	1.1873359930291596	0.0914755633014779	0.9339888670337668	0.48341332580463015	-0.857865776739201	2.87313281494406e-8	NS	0.9912871759731656	-0.01093082896938392	0.029658300445086744	Non-significant
PNMA2	-0.008748316410247498	0.9912898387641791	0.802554530436391	1.2244096907692874	0.10776073481078495	0.9352965910485397	0.5098814229249011	-0.990500505963408	1.33409256744658e-5	NS	0.9912871759731656	-0.01262115270119166	0.02905064856006751	Non-significant
EXOC3L4	-0.0056263004481839265	0.9943894975382238	0.8678478972825256	1.1393822303546086	0.06944643567326242	0.9354289073487814	0.4856719367588933	-0.984140886373509	9.7902655033411e-4	NS	0.9912871759731656	-0.008117035755146383	0.028989213315606607	Non-significant
PPEF1	-0.008585653889378115	0.9914510975832922	0.8051839916910437	1.220808273689936	0.10617481460112348	0.9355506067554398	0.4937182382834556	-0.831069156485048	9.12105385542119e-5	NS	0.9912871759731656	-0.012386480288994799	0.028932715229509187	Non-significant
DNAH12	0.01655038192636021	1.0166880982006228	0.6792260220665084	1.521812556412313	0.2057954722679061	0.9359020225280205	0.4883540372670807	-0.71001701442098	0.00359575838545953	NS	0.9912871759731656	0.023877153929978204	0.028769614192067725	Non-significant
IL22RA1	0.006444399235823782	1.0064652090548227	0.8600052545451313	1.17786747427903	0.08023676980461376	0.9359849138796101	0.4949181253529079	0.590561703831624	5.2377880375948e-4	NS	0.9912871759731656	0.00929730281903154	0.028731151124757135	Non-significant
ABCA8	0.005813786946870974	1.005830719804975	0.8709427925970827	1.1616095172986025	0.07346704965522777	0.9369255482613451	0.49470638057594585	-0.62935446236019	0.0231341722389264	NS	0.9912871759731656	0.008387521597035737	0.028294918465395277	Non-significant
CLDND2	-0.01244553677280658	0.9876315886327254	0.7241571572084375	1.3469674989132814	0.15831990172249016	0.93734278658973	0.5365612648221344	0.657064438118488	0.00218810892900729	NS	0.9912871759731656	-0.017955114183329353	0.028101558418405188	Non-significant
FAM83F	-0.008588488045238941	0.9914482876603351	0.8002272721488015	1.2283631679598996	0.10932395448033085	0.937382617771763	0.5052936194240543	0.623820401079716	3.40693762600846e-7	NS	0.9912871759731656	-0.012390569111600372	0.028083104022335267	Non-significant
HLA-DPA1	-0.0049992067404220075	0.9950132684961747	0.8778359445985638	1.127831926426974	0.06392788250614483	0.9376683855586899	0.5080463015245624	-0.837916262215196	4.65880777561155e-5	NS	0.9912871759731656	-0.007212330772785587	0.027950726424383513	Non-significant
FAM155B	0.005408141150265963	1.0054227915441758	0.877543998225653	1.1519365317299397	0.06940756396255955	0.9378927929941292	0.49382411067193677	0.952019614276776	0.00191172447535659	NS	0.9912871759731656	0.007802298417916375	0.027846801356527714	Non-significant
DIPK2A	0.007354001590039551	1.0073811086674878	0.8363582765524797	1.2133755670874373	0.09492633553032968	0.9382491668612138	0.4627329192546584	0.520883387269332	0.00143556385671795	NS	0.9912871759731656	0.010609581624639588	0.02768181255595448	Non-significant
DSG3	0.005739590217494374	1.0057560932238172	0.8697862809268824	1.1629814602029465	0.07410714838723505	0.938265656390933	0.49350649350649356	0.613868844912734	4.0634414898419e-4	NS	0.9912871759731656	0.00828047834351383	0.027674179989797647	Non-significant
AC009779.3	-0.01835970663060881	0.9818078060553661	0.6168992331364967	1.5625672982770042	0.23709102967921916	0.9382756102365851	0.517186617730096	-0.554936857831367	8.5634031610755e-4	NS	0.9912871759731656	-0.026487457708155554	0.02766957268345446	Non-significant
KANK4	-0.0038518817760627854	0.9961555272046536	0.9013772262436195	1.1008996072773871	0.05101091291990945	0.9398081967839477	0.48306041784302656	-0.909847114932347	0.00107329700533124	NS	0.9912871759731656	-0.005557090736416316	0.026960771483194805	Non-significant
PRR33	-0.007554918003732553	0.9924735486564177	0.8149823171489252	1.2086197750014112	0.10052937006847236	0.9400942908931924	0.49752964426877466	-0.624736689788664	0.00442155018395974	NS	0.9912871759731656	-0.010899442738307777	0.02682858473976136	Non-significant
ETS1	0.007538292693112899	1.0075667771512187	0.8271724892052668	1.2273024353049649	0.10065507721612994	0.9403003836666964	0.5200451722190853	-0.616496188053875	3.1855736646601e-6	NS	0.9912871759731656	0.010875457485123446	0.026733386688137142	Non-significant
STMN3	0.0062775774803567035	1.006297322765764	0.8535666635690101	1.1863564323979403	0.08398583466926209	0.9404170698985982	0.5187747035573123	-0.699552322268616	3.38464249679329e-5	NS	0.9912871759731656	0.009056629899707009	0.026679496417062167	Non-significant
CD300C	0.008191660222578542	1.0082253036736748	0.8129283182479535	1.250440217359758	0.10985099965053456	0.9405563286168784	0.5032467532467533	-0.599007538425984	0.00199128268705242	NS	0.9912871759731656	0.011818067579761586	0.026615190039242828	Non-significant
GOLM1	0.008259357183084676	1.008293559772578	0.8113176567466833	1.2530922927963424	0.11089743239769165	0.9406304893116049	0.49724731789949184	-0.621717549829664	7.75488498235387e-7	NS	0.9912871759731656	0.011915733648966928	0.026580948272073787	Non-significant
PHF24	-0.006193134995592241	0.9938260029366306	0.8440471012411334	1.1701836575952287	0.08334532934203008	0.9407661682597103	0.5244212309429701	0.540801200330724	0.0259654309553903	NS	0.9912871759731656	-0.008934805145696785	0.02651830904250183	Non-significant
OVOL2	0.008107773077763508	1.0081407300789875	0.8135189284225565	1.2493227829559297	0.10943765267154187	0.9409421357647745	0.5146103896103896	0.617377569829291	1.64969471783009e-5	NS	0.9912871759731656	0.011697044011942445	0.026437083151641918	Non-significant
PKD2L1	0.013408808332221045	1.0134991095618957	0.7105711769965554	1.4455700967557465	0.1811742301660586	0.9410019734191214	0.4873306041784302	-0.593657105010801	0.0103712799514817	NS	0.9912871759731656	0.01934482128512603	0.026409465792577067	Non-significant
FGF1	0.006544787516821881	1.0065662514386948	0.846265617102599	1.1972312215687138	0.08850508954875752	0.9410516436257005	0.5040231507622812	-0.851914506635475	4.38144111773273e-6	NS	0.9912871759731656	0.009442132494190774	0.026386542432220127	Non-significant
CEACAM19	0.005488997921452908	1.0055040900715015	0.8693488420801	1.1629836335105666	0.07423595740324905	0.941058221535513	0.4969649915302089	0.692101053133766	1.4248273275855e-4	NS	0.9912871759731656	0.007918950080729788	0.026383506743404162	Non-significant
ABO	-0.0036938468101893286	0.9963129670495726	0.9029207687552654	1.0993650413862341	0.05021858851649608	0.9413641852462928	0.5255505364201016	1.13125644044867	1.5158273559233e-4	Up	0.9912871759731656	-0.005329094474863659	0.02624232870393146	Non-significant
CPB2	0.017759937298018516	1.017918582770694	0.634024042378024	1.6342570184934881	0.24154951038099873	0.9413883193363048	0.4897303783173348	-0.891027180413453	0.00922883407688515	NS	0.9912871759731656	0.02562217346635015	0.026231194683827348	Non-significant
FZD4	0.008638277850204181	1.0086756954358773	0.8001959367933871	1.2714719130419092	0.11813326162483785	0.9417081088831653	0.5148221343873518	-0.510137595249172	1.9318802174955e-4	NS	0.9912871759731656	0.0124624006163107	0.02608368993067116	Non-significant
RASAL1	-0.005192133243490365	0.9948213225820994	0.865532112203301	1.143423161209689	0.07103123854360335	0.9417293456787128	0.49774138904573684	0.938573945637087	1.26229036759525e-6	NS	0.9912871759731656	-0.007490664882018355	0.026073896111293023	Non-significant
FMN2	-0.010428739583948639	0.9896254511766626	0.747912092907366	1.309456743518537	0.14288073321250086	0.9418147720481979	0.5183512140033879	-1.16972458014252	5.1593756824588e-4	Down	0.9912871759731656	-0.015045490880485117	0.026034502076873908	Non-significant
LIM2	0.009054490131989605	1.0090956060285672	0.7909137904010822	1.287465150392411	0.12429860820030318	0.9419297300054235	0.46735601355166567	3.0716244418837	4.62936611689754e-13	Up	0.9912871759731656	0.013062868011199451	0.025981495306070863	Non-significant
PDE1A	-0.009788262434830719	0.9902594866852802	0.7575943964847245	1.2943784372222016	0.13664479205678845	0.942894058596316	0.4984472049689441	-0.500343911613183	0.00487894241364672	NS	0.9912871759731656	-0.01412147767365001	0.02553710084878396	Non-significant
APLP1	0.006525017652909268	1.0065463519575906	0.8409934674253228	1.204688975457585	0.09168352364488791	0.9432633143748352	0.48962450592885376	-0.514403194954483	0.0185697728345887	NS	0.9912871759731656	0.009413610609565068	0.025367055918950863	Non-significant
PDE10A	-0.007478685873674531	0.9925492099129308	0.807766834747398	1.2196018599932457	0.10510557781370276	0.9432751640718058	0.5112930547713157	-0.601957136409504	0.00161547797845851	NS	0.9912871759731656	-0.01078946302231653	0.025361600151082467	Non-significant
PCK2	-0.010836594067372498	0.9892219102980621	0.7337345771471422	1.3336702648231717	0.1524371547489059	0.9433269792752065	0.5245623941276115	0.516308594412939	1.08914580173278e-7	NS	0.9912871759731656	-0.015633900521124993	0.02533774450456936	Non-significant
POLR2J3	-0.0065169430679917605	0.9935042461508529	0.8295092314459557	1.189921280802627	0.09204459818668102	0.9435553277113891	0.4927300959909655	1.09112496848377	2.05809123254055e-6	Up	0.9912871759731656	-0.009401961445947363	0.025232628816216924	Non-significant
ARHGAP36	0.008749168770048072	1.0087875546135372	0.7916318517742026	1.2855121077586775	0.12367982245434646	0.9436043110970691	0.502258610954263	-1.07752917635644	0.00439584779983636	Down	0.9912871759731656	0.012622382396448943	0.025210083596752617	Non-significant
CXCL9	0.002905534702294992	1.0029097598593706	0.9246340210573418	1.087812002927376	0.04146137786981997	0.9441314952477831	0.5023291925465838	-1.26280171457524	1.10809442596849e-5	Down	0.9912871759731656	0.004191800506131746	0.024967514511836753	Non-significant
MFSD6L	-0.008140731789287163	0.9918923142340074	0.7897823111663023	1.2457234723117625	0.11625580724297657	0.9441743166822465	0.5356084133258046	0.946249830584547	0.00246140785852631	NS	0.9912871759731656	-0.011744593381611735	0.024947817371066074	Non-significant
COLQ	0.00943355337755522	1.0094781895911769	0.774478263989344	1.315784138358079	0.13520617703100893	0.9443754397680738	0.5120694522868436	-1.26285032610507	1.30519390310192e-11	Down	0.9912871759731656	0.013609740675760377	0.024855316078590154	Non-significant
AC006254.1	0.01291053729988724	1.0129942381061612	0.7042136267213752	1.4571676654622374	0.1855054796798422	0.9445148005424865	0.5187394127611519	-0.784336221503017	1.2513362203529e-4	NS	0.9912871759731656	0.018625968137759442	0.024791232296336025	Non-significant
KIF21B	-0.007597436450220115	0.9924313511200421	0.800093294620597	1.2310064255106645	0.10991503164696206	0.9448933086961683	0.5061405985319029	-0.609757276390319	1.58684616884751e-5	NS	0.9912871759731656	-0.010960783890201555	0.024617226475259404	Non-significant
CALHM3	0.008669629872904556	1.0087073199549215	0.7885085175839833	1.2903988157899238	0.1256562376607063	0.9449937403498582	0.48814229249011853	-0.946861036391503	0.0156547102896801	NS	0.9912871759731656	0.012507632023982081	0.024571068253191036	Non-significant
CCL7	-0.008706872482446318	0.991330922560018	0.7739823523657849	1.269714994172443	0.12627749064939203	0.9450291699403672	0.5109754376058724	-0.801148160774235	0.00327450030911004	NS	0.9912871759731656	-0.01256136175207786	0.024554786042459933	Non-significant
TMEM231	-0.007641505833035651	0.992387616246603	0.7983224788922298	1.233628272933253	0.11102303417726157	0.9451264409882673	0.5264680971202711	-0.532716493259581	0.00192346968318964	NS	0.9912871759731656	-0.011024362570244545	0.02451008678156843	Non-significant
SLC2A6	-0.007021491397469739	0.9930031016795624	0.8100108636767588	1.217335722473377	0.10392340352585895	0.9461326328209538	0.48877752682100506	-0.537864608145421	5.4609893325407e-4	NS	0.9916058237759106	-0.010129870818774051	0.024047978117607522	Non-significant
SLC6A9	-0.007690279545082921	0.9923392149991327	0.7931238220102512	1.241593166536318	0.11433151220539071	0.9463723385624304	0.5084697910784868	0.589658218432372	3.46004014144974e-6	NS	0.9916058237759106	-0.011094728162740972	0.023937962151536464	Non-significant
CYP4F3	0.00318845476099675	1.003193543289622	0.9141541599462873	1.1009054373904716	0.04742154044430124	0.9463934892160075	0.4708498023715415	3.48253414622587	2.58677366785653e-34	Up	0.9916058237759106	0.004599967871788706	0.023928256130852067	Non-significant
CYP2C9	0.007015400741538017	1.0070400663112025	0.8192558569251016	1.2378668844216583	0.10529491596158587	0.9468792828754949	0.5032820440429135	1.82108965190656	2.34514824417426e-7	Up	0.9916058237759106	0.01012108385966554	0.02370538543477585	Non-significant
HSD17B1	0.006556609618389292	1.0065781512374938	0.8296813368872662	1.2211912327086136	0.09860905328671934	0.9469869627270427	0.5252682100508188	0.693599110977768	1.4927920536528e-4	NS	0.9916058237759106	0.009459188181494957	0.023655999935141593	Non-significant
SERPINA12	0.006227628084257734	1.0062470600775015	0.8369172194660885	1.2098366748393117	0.09401077999167416	0.9471837532737182	0.5155632411067194	1.18281838120609	0.00902440244304261	Up	0.9916058237759106	0.008984568153659465	0.023565759865334365	Non-significant
IGSF6	0.0060922087531120475	1.0061108039997202	0.8380185966978658	1.20791943509807	0.09327069128708308	0.9479212059113865	0.49061264822134387	-0.632469396775281	2.4445776562569e-4	NS	0.9917216662935211	0.008789199356175063	0.02322776103754602	Non-significant
DERL3	0.00489149570757478	1.0049034786028301	0.8674511493881757	1.1641358732653884	0.07504606082507068	0.948030754303338	0.4784726143421796	-1.1330157047087701	3.47473728875122e-6	Down	0.9917216662935211	0.007056936599847758	0.02317757383536239	Non-significant
PSD2	-0.013525591267822835	0.9865654685335427	0.656163618747945	1.4833364665356292	0.2080750025325313	0.9481712600813977	0.5113989271597967	-0.613136018984829	0.00882436882627541	NS	0.9917216662935211	-0.019513303447178998	0.02311321267158805	Non-significant
LTBP2	0.005507506562270397	1.005522700757774	0.850002311638797	1.1894978259410405	0.0857279612350215	0.9487759481805844	0.51757481648786	-0.736413967244239	3.00926888438289e-6	NS	0.9918704933661209	0.007945652405050978	0.02283633336519452	Non-significant
IHO1	-0.014647387132087736	0.9854593639988573	0.6275117779956457	1.547588734023365	0.23028252297809462	0.949283826255648	0.5078698475437606	-0.849541743763139	2.16539407585337e-6	NS	0.9918704933661209	-0.021131712777443756	0.022603918502697006	Non-significant
ELN	-0.0034800973792937983	0.9965259511410766	0.8951612102999815	1.1093688599004834	0.054731289530915335	0.9493005545805351	0.5232919254658386	-0.678304088140198	0.0143952743684138	NS	0.9918704933661209	-0.005020719230917838	0.022596265412043293	Non-significant
FAM135A	0.007043111694412799	1.0070679727376781	0.8095069087339927	1.2528440347718424	0.11141688558988842	0.9495960631784832	0.4993647656691135	0.559108379154774	3.45486398471937e-5	NS	0.9918704933661209	0.010161062313956352	0.022461094541465488	Non-significant
HLA-DMB	0.004627610871427081	1.0046383347982881	0.8688317944711249	1.1616727083067406	0.07410000726694399	0.9502037753663057	0.48913043478260865	-0.920428358627899	7.8197068379093e-7	NS	0.9918704933661209	0.006676231255371716	0.022183248366932827	Non-significant
PAX5	-0.004834701774640981	0.9951769665840654	0.8539907246130949	1.15970486127722	0.07806278370089607	0.9506157858777158	0.4932947487295314	-0.82902811636241	2.4422194075379e-4	NS	0.9918704933661209	-0.006975000274451544	0.02199497810915343	Non-significant
HAS1	0.00466457990358146	1.0046754759917236	0.8667954816046743	1.1644878561094625	0.07531607883236267	0.9506158790558412	0.5073051948051948	-0.723260067773697	0.0210718506179203	NS	0.9918704933661209	0.006729566294727327	0.021994935540174114	Non-significant
DNAH6	0.009996322710305922	1.0100464528439272	0.7341895232784275	1.3895510689761106	0.16275013358515475	0.9510236995637377	0.49385940146809715	-0.769211240423095	0.00240615282020427	NS	0.9918704933661209	0.014421645201283983	0.02180866028497538	Non-significant
KCNT2	0.009375870104899908	1.0094199612649433	0.747515515432776	1.3630869689844611	0.15325592203485794	0.9512175578974309	0.4817546583850931	-0.986778259086729	1.62615533223659e-5	NS	0.9918704933661209	0.013526521304358077	0.021720141960020367	Non-significant
TRARG1	0.009783401227131491	1.0098314151489975	0.7378855243097123	1.3820022936156746	0.16007946382018504	0.9512669028493783	0.4712027103331451	-1.39888625864082	1.3744731466888e-4	Down	0.9918704933661209	0.014114464433409548	0.02169761327104812	Non-significant
CDH11	0.003847498035294703	1.0038549091575717	0.8849760215414169	1.138702805624655	0.06430844019290577	0.9522919723561096	0.5045172219085263	-0.555456713626056	0.0131107887996731	NS	0.9918704933661209	0.0055507663353496555	0.021229876676008962	Non-significant
GRAMD1B	0.006168646691011009	1.0061877119741818	0.81992300250186545	1.2347668118086927	0.10444757700977962	0.9529045258509979	0.489059853190288	-0.549450037537776	6.2304548812007e-4	NS	0.9918704933661209	0.00889947599011758	0.020950610351388222	Non-significant
WIF1	-0.004677943158160934	0.9953329813765119	0.8521629894485273	1.1625566424293714	0.07923590757071913	0.9529217040770193	0.5570299265951439	1.30651180020563	0.00461229576975541	Up	0.9918704933661209	-0.006748845395839191	0.02094278129682596	Non-significant
ALDH3A2	-0.008687815246695192	0.9913498147671326	0.7428399096553888	1.3229963044052755	0.1472409234595565	0.9529488582997229	0.5371259175607002	0.505994495369212	4.12690549075726e-7	NS	0.9918704933661209	-0.01253386797256675	0.020930405924317306	Non-significant
SAXO1	-0.01679217680768581	0.9833480259266483	0.5624606810585162	1.7191838872613319	0.28502660012425235	0.9530202725678393	0.5029644268774703	-0.557418759007639	0.00847774761488635	NS	0.9918704933661209	-0.024225990206179045	0.02089786098737752	Non-significant
DLC1	-0.005516745681695913	0.9944984436150969	0.8275482857908392	1.1951292405949399	0.09376247614358946	0.9530815735550605	0.49738848108413325	-0.662202351777281	2.49322101107685e-5	NS	0.9918704933661209	-0.007958981636828247	0.020869926823682404	Non-significant
PECAM1	0.005953673740238274	1.0059714320807038	0.8242933515507654	1.22769220479413	0.10162558015183194	0.953283135534017	0.4919536984754376	-0.547460277817465	1.4980257537955e-4	NS	0.9918704933661209	0.008589335580112555	0.020778089983511012	Non-significant
BCL2L14	0.005659216263218375	1.005675259878059	0.8284575464339075	1.220802119172304	0.09890431798776776	0.9543706618599389	0.48171936758893286	-0.96104152885541	2.6363243192612e-5	NS	0.9923468378380399	0.008164523238263192	0.02028291970252623	Non-significant
MYOM3	0.0028787774796050877	1.0028829251386011	0.9083122207893315	1.1073000434371896	0.05053454157913298	0.9545718570060211	0.5105872388481084	-0.626064414500939	0.024235448662527	NS	0.9923468378380399	0.004153197993649145	0.02019137379038985	Non-significant
TNS1	0.0045649726712779165	1.0045754080320257	0.8583425285898695	1.1757214827519171	0.08026525773010698	0.9546458992067568	0.5002117447769622	-0.551642790399859	0.00202064428784947	NS	0.9923468378380399	0.006585863434646232	0.020157688665559042	Non-significant
VAMP1	-0.007347278093311701	0.992679647171554	0.7694381043455022	1.2806915544517394	0.1299755960071968	0.9549210825241901	0.5082580463015245	-0.778062124732164	1.83379158070633e-8	NS	0.9923468378380399	-0.01059988166925284	0.020032518301551117	Non-significant
HLA-DQA1	0.003669446866829451	1.003676187529296	0.8829508174910877	1.140908269699304	0.06538652094514767	0.9552467558077935	0.49738848108413325	-0.95665808253199	2.34385543133919e-6	NS	0.9923468378380399	0.005293892797580302	0.019884428580318813	Non-significant
TALDO1	-0.007167927157499811	0.9928577011618331	0.7707619780138276	1.2789504968791743	0.12918999861801536	0.955753189267696	0.5028232636928289	0.827392932258274	6.2815516062557405e-15	NS	0.9923468378380399	-0.010341132963578366	0.01965424410249876	Non-significant
GBP6	0.0032346019896488222	1.0032398389596466	0.8946283729049435	1.1250371718120324	0.05846101032231824	0.9558761851459265	0.4641445511010729	1.09231678606299	2.09288654054966e-7	Up	0.9923468378380399	0.0046665442497158035	0.01959835834137684	Non-significant
SAMD4A	-0.004780108947951326	0.9952312975907558	0.839542303989631	1.1797920497838459	0.08679664740806523	0.9560806993494112	0.4718379446640316	-0.549143923446204	8.9068222082631e-4	NS	0.9923468378380399	-0.00689623947411826	0.019505448934158256	Non-significant
PAX9	0.003860162236452563	1.0038676222585752	0.8715825375747918	1.1562303735721744	0.07209564786431155	0.9572998789448143	0.5001411631846415	0.911400586692076	1.63839071010149e-5	NS	0.9930177102353955	0.005569036915557122	0.018951996005455038	Non-significant
DYSF	-0.004513203937625063	0.9954969652629555	0.8434196580522911	1.1749953873926806	0.08458187354993395	0.9574458742928826	0.4831309994353472	-0.64792248674228	2.9011542456878e-4	NS	0.9930177102353955	-0.006511176939332178	0.01888576791844631	Non-significant
RPL8	-0.005671056142905421	0.9943449939413399	0.8059417136421819	1.2267909083747603	0.10718196874276667	0.9578031842369662	0.4738848108413326	0.523786624375711	2.1276657159052e-4	NS	0.9930177102353955	-0.008181604573972552	0.018723723469810397	Non-significant
CD74	-0.0035767592258072758	0.996429629757917	0.8724499178023621	1.1380275094305379	0.06779372946386203	0.9579235783762673	0.503811405985319	-0.795030777380963	5.28285718085263e-5	NS	0.9930177102353955	-0.005160172797525994	0.018669136864412173	Non-significant
ST8SIA2	-0.004249400792596935	0.9957596151356658	0.8478363920791214	1.1694912136333462	0.08205160714648035	0.958696528115031	0.497953133822699	-0.623031856702858	0.0114444683799282	NS	0.9930177102353955	-0.006130589450229276	0.018318845407700835	Non-significant
FOLR3	0.002870662098369944	1.002874786394354	0.8985379810680013	1.1193270160823678	0.05605050142627676	0.9591536921896471	0.5328557312252964	0.883301555705112	0.0131307487694224	NS	0.9930177102353955	0.0041414899733862144	0.018111797081831936	Non-significant
TLE6	-0.007176021122844837	0.9928496650385296	0.7533007931861817	1.3085748299796196	0.14087741012465177	0.9593748821565509	0.5097402597402597	-0.516992058038549	0.0147231442009793	NS	0.9930177102353955	-0.010352810087242658	0.018011656188661202	Non-significant
ATP8B4	-0.006943949385620551	0.9930801041232628	0.7599114910196498	1.2977933678594273	0.1365378978356628	0.9594392278803516	0.5249858836815359	-0.550076703417426	2.077235623807e-4	NS	0.9930177102353955	-0.010018001342818656	0.01798252883062788	Non-significant
TF	-0.002920948489420003	0.9970833133300907	0.8904315164430578	1.1165093725485717	0.05771949700331388	0.9596395420581904	0.49724731789949184	1.89297289490163	4.35124151987472e-9	Up	0.9930177102353955	-0.004214037900378271	0.01789186518121335	Non-significant
LUZP2	0.0048952614509475065	1.00490726281857	0.8312999813081633	1.2147703952505722	0.09676699361678198	0.9596537199710763	0.4809429700734048	0.730083587408919	0.0249625808380237	NS	0.9930177102353955	0.0070623694191367225	0.017885448872196695	Non-significant
LAP3	0.0050685321693581635	1.0050813989078418	0.820675139100024	1.2309238702397467	0.10341846630086404	0.9609113795636521	0.5058582721626199	-0.508127808068384	2.9604491134551e-4	NS	0.9938923960565313	0.007312346225319208	0.017316663466929734	Non-significant
PRSS51	0.009293951042580646	1.0093372739151114	0.6948632636620752	1.4661326706858855	0.19048010560063006	0.9610848663311168	0.4900479954827781	-1.20005991449305	1.0185177558758e-4	Down	0.9938923960565313	0.013408337079395791	0.017238261288820715	Non-significant
KLK8	0.0023898572052767396	1.0023927151902794	0.9084856308341744	1.1060066569725908	0.05018768998574005	0.9620203722137964	0.5154573687182382	1.25868186584938	1.82954697013526e-6	Up	0.9942403924536838	0.0034478351384854946	0.016815731032503705	Non-significant
KCNN2	0.008034146147576823	1.0080665065042962	0.7229737680151527	1.4055808474568026	0.16960336434135476	0.9622181752708546	0.4940711462450593	-0.839915630104922	9.85947479683123e-6	NS	0.9942403924536838	0.011590822804886292	0.01672644399831676	Non-significant
SFRP5	0.005411206753797397	1.0054258737765605	0.8033466403312408	1.258337480869463	0.11448178900160086	0.9623004564744762	0.523044889892716	-1.01348843829064	0.00781013083157349	Down	0.9942403924536838	0.0078067211489283115	0.01668930819497403	Non-significant
ATP2B2	0.005073200310725109	1.0050860907808483	0.8097298332166006	1.2475742012223752	0.11027132549705744	0.9633050505396558	0.4842955957086392	-0.717662550816017	0.0149610988368649	NS	0.9946267232339654	0.0073190809297194875	0.0162361627328809	Non-significant
MMP12	-0.0027008769774617067	0.9973027671092803	0.8884105234121261	1.1195419044157755	0.05899111698631801	0.9634820376294755	0.5005646527385658	-0.749881393676253	0.00113273531193875	NS	0.9946267232339654	-0.0038965418214352357	0.016156377563917534	Non-significant
ST6GAL1	0.0033141929189893483	1.003319690928485	0.8693680356951866	1.1579105291119505	0.07311507817936282	0.9638455136052064	0.4724025974025974	-0.755718240133322	1.3944630223315e-4	NS	0.9946267232339654	0.0047813696887751495	0.015992569795658655	Non-significant
MREG	0.005047123451152333	1.0050598816337282	0.8033177803727026	1.2574667091284126	0.1143143583776616	0.9647838295859188	0.4949181253529079	0.632079801224847	5.09297388143653e-7	NS	0.9946267232339654	0.007281459973732007	0.01556998420522776	Non-significant
COL5A1	-0.002969638020899019	0.9970347669925779	0.8737274174554613	1.1377442286142034	0.06735694856287718	0.9648342004339777	0.48461321287408243	-0.955078259229295	1.24241384238086e-6	NS	0.9946267232339654	-0.00428428204598633	0.015547310514346544	Non-significant
MTTP	-0.010135327701538679	0.9899158616460308	0.6307937745233348	1.5534925243656685	0.22992308479733237	0.9648395320863195	0.523044889892716	-0.77716136047373	0.00234985834737312	NS	0.9946267232339654	-0.014622187012794436	0.015544910619325511	Non-significant
BSPRY	-0.0026333242066078877	0.9973701399501642	0.8865534915358605	1.122038552170062	0.06009319144061964	0.9650473467151742	0.5344438170525128	1.2757836700472	7.54073315122755e-9	Up	0.9946267232339654	-0.0037990837739260656	0.015451378974636273	Non-significant
GLB1L2	0.0027883647089730883	1.002792255813614	0.8846399612150125	1.136724941679801	0.06396184110168036	0.9652278823165897	0.4754376058723885	0.639513567679352	0.0388547106893047	NS	0.9946267232339654	0.004022759937825274	0.015370141216899736	Non-significant
ALK	0.007138599314927572	1.007164139853403	0.7270082249927124	1.395279406387477	0.16630718206613046	0.9657619741540321	0.48574251835121396	-0.702145332033725	0.0057662514098072	NS	0.9946267232339654	0.01029882183053944	0.015129898480286211	Non-significant
FAM13C	0.004057574696263048	1.0040658177977	0.8338396475036928	1.209043212910189	0.09478324114693439	0.9658537986381083	0.49841191417278374	-0.572424614745305	0.0160166319654681	NS	0.9946267232339654	0.0058538428923352	0.015088607797812341	Non-significant
SEMA5B	0.004060378526794666	1.0040686330320425	0.8324917151257492	1.2110076310928224	0.09561011783016503	0.9661255539685928	0.4971061547148503	-0.687099840065121	0.00147212675336284	NS	0.9946267232339654	0.005857887964738833	0.014966430673014024	Non-significant
VNN1	-0.002829179161992141	0.997174819193796	0.8747867557192696	1.1366857277309788	0.06681038628586086	0.9662225587325693	0.4775550536420101	0.657776145706893	0.0172826768560891	NS	0.9946267232339654	-0.0040816427467925106	0.014922827107515833	Non-significant
CIITA	-0.0029210164711973457	0.9970832455465971	0.8683874652698108	1.144851852785372	0.07050959098366484	0.966955311489063	0.4998588368153586	-0.910422203290456	5.85889822177309e-6	NS	0.9946267232339654	-0.004214135977351461	0.01459359667415861	Non-significant
FUT3	-0.0024055027693577085	0.9975973881339391	0.8896671444296638	1.11862122260303	0.05842065434171459	0.9671559427439744	0.5075522303783173	1.21708248704502	1.91242493609702e-7	Up	0.9946267232339654	-0.0034704069161970927	0.014503495293457586	Non-significant
S1PR1	0.004140507969996747	1.0041490917160556	0.8236496759351104	1.2242042070245625	0.10109905058050017	0.9673317992911878	0.4956239412761152	-0.514460748702337	8.0260542022742e-4	NS	0.9946267232339654	0.005973490315075406	0.014424535342859627	Non-significant
CACNA1E	0.006514478042255416	1.006535743406841	0.7367107951546873	1.3751857708869848	0.15922453295647274	0.9673646291400195	0.5197628458498024	-0.790911981564174	7.1732825186108e-4	NS	0.9946267232339654	0.009398405165541794	0.014409796263403893	Non-significant
HLA-DRA	0.0027615933533078085	1.0027654100648253	0.876615025095319	1.1470696244490446	0.06859766065229154	0.9678875687292046	0.49992941840767924	-0.798609900781237	3.0061004678186e-5	NS	0.9946311278337442	0.003984137035769082	0.014175088059760416	Non-significant
CYP2C19	-0.006208072983706917	0.9938111572864929	0.7341161301894511	1.3453738117595047	0.15453343876254097	0.9679551972021879	0.5118224167137211	1.56042720731627	5.55754861850058e-7	Up	0.9946311278337442	-0.008956356107070797	0.014144743991362863	Non-significant
HTRA1	0.003228101600346629	1.003233317531326	0.8541755901967444	1.1783023314598418	0.082066099207758	0.96862299535893015	0.5254093732354602	-0.507925407690385	0.00214926087433505	NS	0.9950159925076748	0.004657166170305795	0.013845224904441532	Non-significant
CAMSAP3	-0.0031982817308332627	0.9968068273239981	0.8451886104677554	1.1756238059689783	0.08418378523716788	0.9696943317310498	0.5178571428571428	0.796459722444252	6.53450435490564e-7	NS	0.995648391550628	-0.004614145192438855	0.01336514301531981	Non-significant
OLFML3	-0.002854505787707048	0.9971495644401882	0.8600566694509184	1.1560950448742495	0.0754618414287729	0.9698255037061083	0.49230660643704127	-0.914387624177804	1.14518214872617e-6	NS	0.995648391550628	-0.004118181344113803	0.013306399336606897	Non-significant
NUAK2	-0.0039596602747059	0.9960481688430819	0.8055109849351872	1.2316554003735698	0.10832789808708534	0.9708417825228897	0.5113636363636364	0.670186449499138	6.3447554570237e-7	NS	0.9963902504840184	-0.005712582241923194	0.012851541025054838	Non-significant
C14orf39	0.005145286755290571	1.0051585464751203	0.7582397302184446	1.3324858396181667	0.1438296650048162	0.9714629843510364	0.5232919254658386	-0.972582823031826	0.00346469699908641	NS	0.9967263096168935	0.007423079685809448	0.012573742669294995	Non-significant
CDSN	0.005235122818591449	1.0052488500181254	0.7513441380501064	1.344956590844358	0.14853671676907715	0.9718846683132917	0.5139398644833427	0.809404249590805	0.0279880622137369	NS	0.9967272268281787	0.007552685728826428	0.01238526890801226	Non-significant
PAX6	0.0027278539899472983	1.0027315779690298	0.8608162711144766	1.1680432296598013	0.07785961508982461	0.9720513980472867	0.49368294748729535	-1.01631424775677	0.00225882026723884	Down	0.9967272268281787	0.0039354614235662414	0.012310770775204476	Non-significant
SPOCK3	0.0021126235439812755	1.0021148567054334	0.8892659691346905	1.1292843995896211	0.06095598430383193	0.9723523075141812	0.5079051383399209	0.809142074392986	0.0267790394291822	NS	0.9967345557086456	0.0030478715101669726	0.012176350827644991	Non-significant
FAM102A	0.004176561506238669	1.0041852954943593	0.7781542946323663	1.2958716730638875	0.13010801006299794	0.9743917249066023	0.4671795595708639	0.556460439473793	4.92440705920687e-7	NS	0.997580632296982	0.006025504573018193	0.011266412973371692	Non-significant
N4BP2L1	0.0032750510864177178	1.0032804199257015	0.8197286292584303	1.2279327146556898	0.10309219256348695	0.9746569243873014	0.47579051383399207	-0.508982426436544	0.00196220955962672	NS	0.997580632296982	0.004724899961033002	0.011148227445448878	Non-significant
KIF5A	-0.00380655635051741	0.996200679401097	0.7821152005763592	1.268886978424499	0.12344445078049969	0.97540017990380945	0.5165160926030492	-0.725911870400979	0.00274304301467773	NS	0.997580632296982	-0.00549169996975589	0.010817168642725479	Non-significant
MARCHF4	-0.004825473570330802	0.9951861503228124	0.7317485813177191	1.3534641529620102	0.15688697395454435	0.9754628202399712	0.46389751552795033	-0.6738953787678	0.00295977948561506	NS	0.997580632296982	-0.006961686789856988	0.01078927908579917	Non-significant
KRT81	-0.0019423368421079433	0.9980595482733888	0.8817583820841361	1.1297004736663023	0.06321282832494196	0.9754873055459548	0.5254093732354602	-1.27657898485953	1.02011276349759e-5	Down	0.997580632296982	-0.002802199729845122	0.010778377901667018	Non-significant
TNFSF4	0.0027669984091576215	1.0027708300825187	0.8401336884533758	1.1968920559720988	0.09028800870453756	0.9755515731780678	0.4829898362507058	-1.0707534118301	3.03431422409001e-8	Down	0.997580632296982	0.003991934883039231	0.010749766398015123	Non-significant
SPX	-0.0034943788937355134	0.9965117193429398	0.7962411351272809	1.2471543643987737	0.11447089248162612	0.9756472763660988	0.5169748729531338	-1.36970697721732	2.17715888463712e-5	Down	0.997580632296982	-0.005041323100979352	0.010707163496208939	Non-significant
CYTIP	-0.0026358550056530127	0.9973676158099605	0.8405642563561682	1.1834219139636455	0.08726998314413305	0.9759047931267061	0.512210615471485	-0.672870047804159	9.94347096793481e-5	NS	0.997580632296982	-0.0038027349451579054	0.010592548969108457	Non-significant
SLAMF8	0.0026330433648350483	1.0026365128679646	0.8446036763193653	1.190238694338706	0.08751223414066046	0.9759970964382695	0.4875070581592321	-0.881090489681735	3.32239378426646e-6	NS	0.997580632296982	0.0037986786048929766	0.010551474344284769	Non-significant
CD180	-0.0027647184279484356	0.9972390998863793	0.8301325162454711	1.1979844216198914	0.09357580844706875	0.9764297493736688	0.5232919254658386	-0.937060608871451	6.0537312218569e-7	NS	0.997580632296982	-0.003988645565455517	0.01035899718602214	Non-significant
HOXB13	0.0019198003155149945	1.001921644311987	0.8813536681629628	1.1389831546661513	0.06541757678689951	0.9765879559571807	0.49650621118012417	-1.72038614065042	2.0546185758264e-4	Down	0.997580632296982	0.0027696863946905835	0.010288636076460508	Non-significant
EDA2R	-0.0031935002964242724	0.9968115935018559	0.8023352247171531	1.238426685416927	0.11073431651362846	0.9769927561571172	0.4751905702992659	-0.941212390865313	1.51574141588503e-6	NS	0.997580632296982	-0.00460724704072871	0.010108656314650149	Non-significant
CDHR5	0.007126426914035011	1.0071518803223423	0.6204279510814705	1.6349278079246805	0.24718424731643301	0.9769998352852552	0.5066699604743083	-0.563996075379524	0.00839023687774023	NS	0.997580632296982	0.010281260768136069	0.010105509499968756	Non-significant
GALNT15	0.002067147629932563	1.0020692856525435	0.8643761849290651	1.1616965746581782	0.07541687220236572	0.9781330273721799	0.5039525691699605	-0.54784074050475	0.0162321780532813	NS	0.9978801165717247	0.0029822636344890626	0.00960207657753533	Non-significant
CCL19	-0.0014425557400975322	0.998558484243296	0.9001251321681119	1.1077560339333377	0.052949408590438576	0.9782650908752567	0.4846837944664032	-0.961332580363237	9.7902655033411e-4	NS	0.9978801165717247	-0.0020811680124446677	0.00954344387880265	Non-significant
FLG2	-0.0011693416376523558	0.9988313417758732	0.9170952417449301	1.0878521705287285	0.043559273964980015	0.9785834908188095	0.5014822134387351	1.96773233212032	4.90044277019073e-5	Up	0.9978801165717247	-0.001687003381746008	0.009402115274190982	Non-significant
ROR1	-0.002372666731273496	0.9976301458175819	0.8382504155213891	1.1873133486309786	0.08881067844951539	0.9786862457327458	0.48411914172783743	-0.871340901902813	4.42600654661803e-5	NS	0.9978801165717247	-0.0034230345268904836	0.009356515128928836	Non-significant
ITGB7	0.0023202804631473587	1.002322974397019	0.8448992052084291	1.1890783407190548	0.08717416459062562	0.9787655276309	0.4797430830039525	-0.515709454160392	0.00901877410472177	NS	0.9978801165717247	0.0033474571176542968	0.009321335012237789	Non-significant
SH3BP1	-0.0029661451915531244	0.9970382494709528	0.7957460038646706	1.2492494666390583	0.1150577721159705	0.9794331204614785	0.4820016939582157	0.611566433903568	1.82368108408971e-5	NS	0.9978801165717247	-0.00427924295841031	0.00902521398897637	Non-significant
STARD8	0.002829581817614539	1.0028335888627753	0.8036029235127947	1.2514578749356449	0.11300186717342195	0.98002295188725	0.49414172783738	-0.713591649892952	1.47358728801098e-6	NS	0.9978801165717247	0.004082223656062229	0.008763753122547553	Non-significant
SLC9A3R1	0.0026312139498585385	1.0026346786313898	0.8131981660320082	1.236200892704303	0.10684465024895913	0.9803528506287722	0.4815076228119707	1.0703294615198	3.02203186705396e-24	Up	0.9978801165717247	0.003796039316978633	0.008617584001097967	Non-significant
AQP3	0.001148771398307191	1.0011494314889102	0.9127714160490189	1.0980845440023521	0.04715319650486352	0.980563432220475	0.5073404856013551	0.689870173178462	0.0077238487600967	NS	0.9978801165717247	0.0016573267994529316	0.008524306766961661	Non-significant
UGT2B17	-0.002925172172869843	0.9970791019746957	0.7846314629192772	1.26704928692994	0.12225529404750164	0.9809110349117063	0.5068464144551101	-0.94785692121025	0.00561697063027288	NS	0.9978801165717247	-0.004220131387545736	0.008370379774990673	Non-significant
SAMD11	0.00236839883653539	1.0023712057085532	0.8238035098921298	1.219645245460513	0.10009961242213969	0.9811234777051339	0.47346132128740825	-1.11679870522203	8.16675043536256e-7	Down	0.9978801165717247	0.0034168772563167617	0.008276331752213322	Non-significant
ADGRF1	-0.001215714413813311	0.9987850242675824	0.9005012834380157	1.1077957833581047	0.05285197866898757	0.981648478373668	0.5056465273856579	1.21335326847022	7.19767038829476e-5	Up	0.9978801165717247	-0.0017539051559457644	0.008044002267301651	Non-significant
GALNT13	-0.0017506670532149162	0.9982508644704909	0.8543703927809561	1.1663615650028347	0.07940951884579894	0.982411213523664	0.5099520045172219	0.809547450054533	0.00618030548599971	NS	0.9978801165717247	-0.002525678675920878	0.007706689012703714	Non-significant
EYA1	-0.0020891861004972098	0.9979129947297996	0.8218571179700658	1.2116830569165524	0.09903219492103162	0.9831690522317003	0.5183865047995483	-0.956383922061579	5.7222153838204e-4	NS	0.9978801165717247	-0.0030140584266814888	0.0073718004394764365	Non-significant
CRB3	0.0017258046732600858	1.0017272947312048	0.8440355615372417	1.1888806807877874	0.0873926545463905	0.9842446322516909	0.461038961038961	0.677734329379036	1.48683103339534e-5	NS	0.9978801165717247	0.002489809843655185	0.006896945031334709	Non-significant
PATL2	-0.0029808908138701643	0.9970235476298845	0.7408604333665462	1.3417587304688254	0.1515140747419276	0.9843034164517201	0.4949887069452287	-0.537064745610381	9.093770154022e-4	NS	0.9978801165717247	-0.004300516394601989	0.006871007484399846	Non-significant
NLRP3	0.00195755710610048	1.0019594743718605	0.822534914452202	1.2205230083784775	0.10067629136254197	0.9844868522909312	0.5206804065499717	-0.699020006404729	3.55523070049733e-5	NS	0.9978801165717247	0.0028241579292279796	0.006790079440160707	Non-significant
FAR2	0.0022920132845103665	1.0022946419548908	0.7930112408079718	1.2668099739266443	0.11949704052630743	0.9846971114937599	0.48320158102766797	-0.605626068699696	2.48504977138493e-5	NS	0.9978801165717247	0.0033066761992148817	0.006697336036208346	Non-significant
C16orf54	-0.0015614535620617667	0.9984397648722927	0.8508060911298577	1.1716911461628052	0.08163904239301902	0.9847403436143011	0.48913043478260865	-0.72095899372042	7.445677912448e-4	NS	0.9978801165717247	-0.002252701310564989	0.006678269199283608	Non-significant
GIMAP2	-0.0019031805163122553	0.9980986293833559	0.8209157378703794	1.2135239075343824	0.09971184641857363	0.9847718580184258	0.5040231507622812	-0.657313349843628	1.21957637547072e-5	NS	0.9978801165717247	-0.0027457090928001728	0.006664370801699001	Non-significant
ARMC9	0.0024323727258995335	1.0024353333443943	0.7765547862768851	1.294018935038786	0.13026793257979857	0.9851027045656178	0.5047995482778092	-0.651503099512682	1.476239365039e-8	NS	0.9978801165717247	0.003509172069248791	0.006518488587793199	Non-significant
GADD45G	0.0018301523042974655	1.001831828055163	0.8237978306510126	1.2183414114008946	0.09982850918461142	0.985373231696833	0.4904009034443817	-0.532448497870393	0.00539098716537595	NS	0.9978801165717247	0.0026403516534813493	0.006399239792242918	Non-significant
MROH2A	0.0011613365388638494	1.0011620111512676	0.8778329621942079	1.1418178807811739	0.06707280801722088	0.9861856656238355	0.49791784302653863	-1.22486256038216	0.00612713952227914	Down	0.9978801165717247	0.00167545446542213	0.006041314303068814	Non-significant
GLIS3	0.0014957098334607518	1.0014968289653097	0.8449824879573467	1.1870019943871313	0.08670316767268896	0.9862364360320632	0.4902597402597403	-0.599228009173328	0.00134270396569816	NS	0.9978801165717247	0.002157853159342703	0.006018956707173238	Non-significant
JAM3	-0.001390585815110309	0.9986103806013307	0.8521211537446184	1.1702827559936428	0.08093821032814424	0.9862923535737365	0.5062817617165443	-0.502557328370489	0.0158713898800352	NS	0.9978801165717247	-0.00200619125939024	0.005994333817079316	Non-significant
TMEM238	0.0016673416511033472	1.001668732438059	0.8251663683150803	1.2159247977990226	0.09889854997038058	0.9865490126654924	0.48764822134387353	0.601252490326901	0.00218463502947846	NS	0.9978801165717247	0.0024054655315145146	0.005881333725114232	Non-significant
TNNI3	-0.0016533838634386522	0.9983479822226693	0.8225899145330982	1.2116592678793068	0.0987998256091325	0.9866482771791607	0.5178571428571428	1.04511065496406	0.00172463048285384	Up	0.9978801165717247	-0.0023853287004688183	0.005837638114144995	Non-significant
ARHGEF6	0.0013932580013201776	1.0013942290361644	0.8458652716958912	1.1855202424097877	0.08611813518274856	0.9870920270937081	0.47868435911914176	-0.799626228775912	8.69444846227935e-7	NS	0.9978801165717247	0.00201004640918361	0.005642355946513419	Non-significant
SIGLEC11	-0.0028760856648725446	0.9971280463072522	0.697968925650706	1.424510897538282	0.18199549251139377	0.9873915073162028	0.5037761151891587	-0.598114334593312	0.0437162011808624	NS	0.9978801165717247	-0.0041493145258834135	0.005510612524196292	Non-significant
NOL4L	0.0016336912731052034	1.001635026473696	0.815396714098278	1.2304105583359506	0.10495815806019539	0.9875812949090241	0.49703557312252966	-0.527167241916509	1.5855546241548e-4	NS	0.9978801165717247	0.0023569182980524394	0.005427144332171741	Non-significant
FAM184A	-0.0017327549892323366	0.9982687453639874	0.7969483129771541	1.2504455706140094	0.11491675411167479	0.9879696735447924	0.5186688311688312	-0.569114524088132	0.0138000539079333	NS	0.9978801165717247	-0.002499837030041158	0.005256386196067326	Non-significant
SPTBN2	-0.0010884552991908423	0.998912136853415	0.8627507717176801	1.156562810331019	0.07476717346607634	0.9883848624594442	0.5390316205533596	0.641859401048451	1.7221851421655e-4	NS	0.9978801165717247	-0.0015703090623719464	0.005073914626368242	Non-significant
CLEC6A	-0.002558442754826914	0.9974448272705193	0.7066338462833224	1.4079373478663175	0.17586251837555925	0.9883928082640588	0.5153867871259176	-0.809351599058975	0.0117845450382247	NS	0.9978801165717247	-0.0036910526747870273	0.005070423268539255	Non-significant
CLDN14	0.0017232590360332643	1.001724744700158	0.7903297225868772	1.2696630728503218	0.12093503306101497	0.9886309598187651	0.5202569169960474	-0.652809902057874	0.00521299820479502	NS	0.9978801165717247	0.002486137265452286	0.004965793361468195	Non-significant
TMEM117	-0.0018972174798295822	0.9981045810996414	0.7663617903642018	1.2999248753498729	0.13480027907100253	0.988770716411766	0.5224449463579899	0.527789232541506	4.95883321434911e-7	NS	0.9978801165717247	-0.002737106249637941	0.004904404198122675	Non-significant
TMEM116	0.0012074753529363429	1.0012082046448048	0.8461806200561025	1.1846381792360265	0.08583316834349394	0.9887759687290976	0.461038961038961	1.34087664571664	1.3525022900430798e-11	Up	0.9978801165717247	0.0017420187036769007	0.00490209724633087	Non-significant
NEFM	-5.424664855773188e-4	0.999457680622765	0.925313971482976	1.0795423890065137	0.03932710220940311	0.9889945639440925	0.49421230942970074	1.38407101811856	9.5898223813033e-4	Up	0.9978801165717247	-7.826137085909372e-4	0.00480609551664487	Non-significant
FBN1	-7.846402259816875e-4	0.9992156675236642	0.8886904419608824	1.123486765562299	0.05980807508385532	0.9895326113951243	0.502258610954263	-0.818089754421736	2.6141048426544e-4	NS	0.9978801165717247	-0.0011319965629058477	0.004569888455495554	Non-significant
EFCAB12	-0.0026685747484653222	0.9973349827319576	0.6657256766203256	1.494124536146193	0.2062328791248037	0.9896759663899266	0.5393139469226426	-0.631155646605477	0.00213282995653017	NS	0.9978801165717247	-0.0038499395558524926	0.004506976154080136	Non-significant
C7orf57	-0.001554197579523677	0.9984470095600756	0.7872682981254128	1.2662727983245312	0.12124303327634432	0.98977230890373	0.5081168831168832	0.505781005017633	0.0372650439160807	NS	0.9978801165717247	-0.0022422331405404757	0.0044647007153401745	Non-significant
RHOBTB2	0.0015607968747025336	1.0015620155520981	0.78337199794292	1.280523778780606	0.12536373191901087	0.9900664766586871	0.5197628458498024	-0.54518936048991	1.53238013233389e-5	NS	0.9978801165717247	0.0022517539109684266	0.004335644314785262	Non-significant
CD200	-0.001081561140820733	0.9989190235356231	0.839800950659879	1.1881853846406154	0.0885265336266395	0.990252194084875	0.5256211180124224	-0.616139337003537	0.00151493346724552	NS	0.9978801165717247	-0.0015603628942803456	0.004254186663736758	Non-significant
PLA2G4B	0.0015209443288805619	1.0015221015513223	0.7768788294448352	1.2911235084273869	0.12959005051532269	0.990635776949492	0.5028232636928289	1.07476186127414	7.33187822156091e-5	Up	0.9978801165717247	0.0021942588407441637	0.004085991464438308	Non-significant
SLC22A31	0.0013424193627558111	1.0013433208109572	0.7998232883548165	1.2536374730913118	0.11464847640344185	0.9906577806954087	0.5100931677018634	0.731241239705586	0.0141723831233179	NS	0.9978801165717247	0.0019367017574410644	0.004076345134749984	Non-significant
MXRA5	-7.545776726099237e-4	0.9992457069495277	0.8804639034082014	1.134052150226697	0.0645684159368313	0.990675748165171	0.4976708074534162	-0.974964799300324	1.61068284898652e-6	NS	0.9978801165717247	-0.001088625466239863	0.004068468446794017	Non-significant
TGM1	4.641415910407275e-4	1.0004642493214158	0.9243947306709485	1.082793617228611	0.0403478038792515	0.9908217249425703	0.5167278373800113	1.51469289028632	1.70154176218067e-8	Up	0.9978801165717247	6.696147716648037e-4	0.004004479559716838	Non-significant
ADORA3	0.0011421560009941582	1.001142808509558	0.8028779462884953	1.2483677346771427	0.11260142098527678	0.99190691374561335	0.5049407114624507	-0.82339809226492	2.35151687168921e-5	NS	0.9983517883552501	0.0016477827985557567	0.0035290826275812463	Non-significant
ATP1B3	-0.0011502848450530188	0.9988503764789647	0.7878631361961194	1.2663393281848079	0.12106375742929006	0.9924190300333604	0.533102766798419	0.551966462385365	1.16513504528437e-6	NS	0.9983517883552501	-0.0016595102415677757	0.0033049165489221414	Non-significant
CXCL10	3.673198664240783e-4	1.000367387336627	0.9267502224602255	1.0798323921520925	0.03899995988563089	0.9924852610576363	0.504093732354602	-1.22115166050543	4.23765840135127e-5	Down	0.9983517883552501	5.299305497100025e-4	0.003275934024662791	Non-significant
ERVH48-1	7.020711591960538e-4	1.000702317668838	0.8536300940568479	1.1731136654620977	0.08110322259672177	0.9930931876126322	0.5508187464709204	-0.882846240551084	0.0051778298091071	NS	0.9983517883552501	0.0010128745797233626	0.0030099972578090323	Non-significant
LAD1	7.513125698037114e-4	1.0007515948757881	0.8417699595988585	1.1897594386994939	0.0882668371099302	0.9932086219369366	0.49520045172219085	0.692995056131938	1.01252622214894e-7	NS	0.9983517883552501	0.001083914918613447	0.002959519037547598	Non-significant
PMEPA1	6.475377570391243e-4	1.0006477474548725	0.8549976062827961	1.1711096114523216	0.08025869287210097	0.993562631596273	0.509175607001694	-0.649323905430243	6.70867209361315e-5	NS	0.9983517883552501	9.341995108687155e-4	0.002804750900104567	Non-significant
DIPK1C	-8.099039683585851e-4	0.9991904239153363	0.8195039718688223	1.218275368412638	0.10114784338263855	0.9936113025711272	0.5305971202710333	0.958764900925356	0.00961703325705874	NS	0.9983517883552501	-0.001168444438747251	0.0027834769336451573	Non-significant
COL3A1	4.0518015549410435e-4	1.000405262252061	0.8988588897329993	1.1134235864751802	0.054610391527549866	0.9940801738402711	0.5040231507622812	-0.911322694442551	1.9878993824451e-4	NS	0.9983517883552501	5.845514009980288e-4	0.002578587783487257	Non-significant
SOD3	-5.914428841288366e-4	0.9994087319837373	0.8278161671483946	1.2065695902098674	0.09611030008763227	0.9950900146290262	0.49287125917560703	-0.507850908131618	0.0061703138118607	NS	0.9983517883552501	-8.532717159017668e-4	0.002137631728166725	Non-significant
PIFO	-7.243597974070527e-4	0.9992759024878175	0.7879864242596333	1.2672202192202104	0.12120123606654656	0.9952314672938616	0.4894127611518916	-0.77218124211719	4.3975673996636e-4	NS	0.9983517883552501	-0.0010450302875385587	0.00207590088473275	Non-significant
TAGAP	-5.07828312787453e-4	0.9994923006101857	0.8443017846469748	1.1832082759326916	0.08609212034905307	0.9952935760092859	0.5141163184641446	-0.65402096708521	6.5492783232432e-4	NS	0.9983517883552501	-7.326413884814666e-4	0.0020487990178294515	Non-significant
ERVW-1	9.254953776980222e-4	1.0009259237806967	0.7353338770040299	1.3624460074899423	0.15732744391954598	0.9953063865042591	0.4983060417843026	0.692480399852089	0.0308602323346732	NS	0.9983517883552501	0.0013352075917707465	0.002043209218389951	Non-significant
SLC6A14	-2.615337343181809e-4	0.9997385004626477	0.9158932665410812	1.0912593266264319	0.04469159091549992	0.995330832189018	0.48291925465838514	0.707687163910062	0.0330006218548877	NS	0.9983517883552501	-3.7731342152594625e-4	0.0020325426580564314	Non-significant
CXCL11	-2.2003478086658426e-4	0.9997799894250105	0.925124506130632	1.0804600036327772	0.039596092140787076	0.995566192484081	0.4841897233201581	-1.63724071582203	1.89557451553497e-7	Down	0.9983517883552501	-3.174430871792374e-4	0.0019298596195924654	Non-significant
SOWAHB	-4.2099714092597656e-4	0.9995790914659355	0.8575649784291581	1.1651109656157719	0.07818374739891307	0.9957036403755279	0.5278091473743647	0.957005653749636	3.09116282835429e-6	NS	0.9983517883552501	-6.073704874423699e-4	0.0018699050519950231	Non-significant
FAM81A	5.355443792038347e-4	1.000535687808698	0.7927298167818053	1.262815705157668	0.11878196326825163	0.9964026428562605	0.4964709203839639	-0.846497602905693	1.4114491805021e-5	NS	0.9984653587714372	7.726272200532184e-4	0.0015651292122390516	Non-significant
RASD2	-2.966707626787477e-4	0.9997033732397405	0.872239128680077	1.1457945437271042	0.06959056025664417	0.9965985572853108	0.4838368153585545	-1.10064950409889	1.57110809856501e-6	Down	0.9984653587714372	-4.280054380933651e-4	0.0014797458660275242	Non-significant
EDN3	-4.629279916643828e-4	0.9995371791429658	0.7953776074917779	1.2561009551672666	0.11657120892403097	0.9968314463761114	0.5229390175042349	-0.862692352012155	0.0307816026239853	NS	0.9984653587714372	-6.678639178629443e-4	0.0013782700707354115	Non-significant
UTS2B	-9.896518205716766e-4	0.9990108377232854	0.596999407351393	1.6717313980533748	0.26268314649746527	0.9969939980894871	0.5250564652738565	-0.884966983767833	2.59692693063983e-5	NS	0.9984653587714372	-0.0014277657737454472	0.0013074561361501862	Non-significant
HSPA4L	3.31978707379244e-4	1.0003320338184087	0.8158854106062313	1.2264763714058151	0.10398830915907689	0.9974527883245706	0.5024703557312253	0.501102699351846	3.5227981346786e-4	NS	0.9985815385391107	4.789440348167988e-4	0.0011076512856827514	Non-significant
REEP1	-1.9353502171895158e-4	0.9998064837049753	0.87660086678089	1.1403285608527287	0.06709815497370847	0.9976986194068922	0.5061405985319029	0.66044732947888	0.0153020448282624	NS	0.9985815385391107	-2.7921201607224904e-4	0.0010006287482862168	Non-significant
MAMDC2	-1.7165395916691288e-4	0.999828360772531	0.871598545293861	1.1469233816447575	0.07002919035407286	0.9980442454642301	0.48983625070581593	-1.09328587466078	8.11975813389418e-6	Down	0.9986328884872112	-2.4764431563905476e-4	8.502050703199183e-4	Non-significant
ADGRA2	4.677349650792932e-5	1.000046774590405	0.8706600717385752	1.148661324702347	0.07069029147720803	0.9994720654390379	0.49421230942970074	-0.614735632416912	0.00211702884939732	NS	0.9997667211187075	6.747989145694992e-5	2.293396101131556e-4	Non-significant
CXCL3	1.154222019269385e-5	1.0000115422868043	0.8631665138281284	1.1585517610869174	0.07508260469810712	0.9998773436365201	0.4992941840767928	-0.618119148284461	0.0152846041116187	NS	0.9998773436365201	1.6651903832790075e-5	5.327224898658091e-5	Non-significant
